,index
0,FAM138A
1,OR4F5
2,OR4F29
3,OR4F16
4,FAM87B
5,LINC00115
6,FAM41C
7,SAMD11
8,NOC2L
9,KLHL17
10,PLEKHN1
11,PERM1
12,HES4
13,ISG15
14,AGRN
15,RNF223
16,C1orf159
17,LINC01342
18,TTLL10-AS1
19,TTLL10
20,TNFRSF18
21,TNFRSF4
22,SDF4
23,B3GALT6
24,UBE2J2
25,SCNN1D
26,ACAP3
27,PUSL1
28,CPTP
29,TAS1R3
30,DVL1
31,MXRA8
32,AURKAIP1
33,CCNL2
34,MRPL20
35,ANKRD65
36,TMEM88B
37,VWA1
38,ATAD3C
39,ATAD3B
40,ATAD3A
41,TMEM240
42,SSU72
43,AL645728.1
44,MIB2
45,MMP23B
46,CDK11B
47,SLC35E2B
48,CDK11A
49,NADK
50,GNB1
51,CALML6
52,TMEM52
53,CFAP74
54,GABRD
55,PRKCZ
56,FAAP20
57,SKI
58,MORN1
59,RER1
60,PEX10
61,PLCH2
62,PANK4
63,HES5
64,TNFRSF14
65,FAM213B
66,MMEL1
67,TTC34
68,ACTRT2
69,LINC00982
70,PRDM16
71,ARHGEF16
72,MEGF6
73,TPRG1L
74,WRAP73
75,TP73
76,CCDC27
77,SMIM1
78,LRRC47
79,CEP104
80,DFFB
81,C1orf174
82,LINC01134
83,LINC01346
84,AJAP1
85,NPHP4
86,KCNAB2
87,CHD5
88,RPL22
89,RNF207
90,ICMT
91,LINC00337
92,HES3
93,GPR153
94,ACOT7
95,HES2
96,ESPN
97,TNFRSF25
98,PLEKHG5
99,NOL9
100,TAS1R1
101,ZBTB48
102,KLHL21
103,PHF13
104,THAP3
105,DNAJC11
106,CAMTA1
107,VAMP3
108,PER3
109,UTS2
110,TNFRSF9
111,PARK7
112,ERRFI1
113,SLC45A1
114,RERE
115,ENO1
116,ENO1-AS1
117,CA6
118,SLC2A7
119,SLC2A5
120,GPR157
121,MIR34AHG
122,H6PD
123,SPSB1
124,SLC25A33
125,TMEM201
126,PIK3CD
127,PIK3CD-AS1
128,PIK3CD-AS2
129,CLSTN1
130,AL357140.1
131,CTNNBIP1
132,LZIC
133,NMNAT1
134,RBP7
135,UBE4B
136,KIF1B
137,PGD
138,CORT
139,DFFA
140,PEX14
141,CASZ1
142,C1orf127
143,TARDBP
144,MASP2
145,SRM
146,EXOSC10
147,MTOR
148,MTOR-AS1
149,ANGPTL7
150,UBIAD1
151,FBXO2
152,FBXO44
153,FBXO6
154,MAD2L2
155,DRAXIN
156,AGTRAP
157,C1orf167
158,MTHFR
159,CLCN6
160,NPPA-AS1
161,NPPA
162,NPPB
163,KIAA2013
164,PLOD1
165,MFN2
166,MIIP
167,TNFRSF8
168,TNFRSF1B
169,VPS13D
170,DHRS3
171,AADACL4
172,AADACL3
173,C1orf158
174,PRAMEF12
175,PRAMEF1
176,PRAMEF11
177,HNRNPCL1
178,PRAMEF2
179,PRAMEF4
180,PRAMEF10
181,PRAMEF7
182,PRAMEF6
183,PRAMEF27
184,PRAMEF26
185,PRAMEF25
186,HNRNPCL3
187,HNRNPCL2
188,HNRNPCL4
189,PRAMEF9
190,PRAMEF18
191,PRAMEF5
192,PRAMEF8
193,PRAMEF15
194,PRAMEF14
195,PRAMEF19
196,PRAMEF17
197,PRAMEF20
198,LRRC38
199,PDPN
200,PRDM2
201,KAZN
202,TMEM51-AS1
203,TMEM51
204,C1orf195
205,FHAD1
206,EFHD2
207,CTRC
208,CELA2A
209,CELA2B
210,CASP9
211,DNAJC16
212,AGMAT
213,DDI2
214,RSC1A1
215,PLEKHM2
216,SLC25A34
217,TMEM82
218,FBLIM1
219,UQCRHL
220,SPEN
221,ZBTB17
222,HSPB7
223,CLCNKA
224,CLCNKB
225,FAM131C
226,EPHA2
227,ARHGEF19-AS1
228,ARHGEF19
229,FBXO42
230,SZRD1
231,SPATA21
232,NECAP2
233,FAM231C
234,NBPF1
235,CROCC
236,MFAP2
237,ATP13A2
238,SDHB
239,PADI2
240,PADI1
241,PADI3
242,PADI4
243,PADI6
244,RCC2
245,ARHGEF10L
246,ACTL8
247,IGSF21
248,KLHDC7A
249,PAX7
250,TAS1R2
251,ALDH4A1
252,IFFO2
253,UBR4
254,EMC1
255,MRTO4
256,AKR7A3
257,AKR7A2
258,PQLC2
259,CAPZB
260,MINOS1
261,MINOS1-NBL1
262,NBL1
263,HTR6
264,TMCO4
265,RNF186
266,OTUD3
267,PLA2G2E
268,PLA2G2A
269,PLA2G5
270,PLA2G2D
271,PLA2G2F
272,PLA2G2C
273,UBXN10-AS1
274,UBXN10
275,VWA5B1
276,LINC01141
277,CAMK2N1
278,MUL1
279,FAM43B
280,CDA
281,PINK1
282,PINK1-AS
283,DDOST
284,KIF17
285,SH2D5
286,HP1BP3
287,EIF4G3
288,ECE1
289,NBPF3
290,ALPL
291,RAP1GAP
292,USP48
293,LDLRAD2
294,HSPG2
295,CELA3B
296,CELA3A
297,CDC42
298,WNT4
299,ZBTB40
300,EPHA8
301,C1QA
302,C1QC
303,C1QB
304,EPHB2
305,LACTBL1
306,KDM1A
307,LUZP1
308,HTR1D
309,LINC01355
310,HNRNPR
311,ZNF436
312,ZNF436-AS1
313,TCEA3
314,ASAP3
315,E2F2
316,ID3
317,MDS2
318,RPL11
319,PITHD1
320,LYPLA2
321,GALE
322,HMGCL
323,FUCA1
324,CNR2
325,PNRC2
326,SRSF10
327,MYOM3
328,IL22RA1
329,IFNLR1
330,GRHL3
331,STPG1
332,NIPAL3
333,RCAN3
334,NCMAP
335,SRRM1
336,CLIC4
337,RUNX3
338,SYF2
339,RSRP1
340,RHD
341,TMEM50A
342,RHCE
343,LDLRAP1
344,MAN1C1
345,MTFR1L
346,AUNIP
347,PAQR7
348,STMN1
349,PAFAH2
350,EXTL1
351,SLC30A2
352,TRIM63
353,PDIK1L
354,FAM110D
355,ZNF593
356,CNKSR1
357,CATSPER4
358,CEP85
359,SH3BGRL3
360,UBXN11
361,CD52
362,ZNF683
363,LIN28A
364,DHDDS
365,HMGN2
366,RPS6KA1
367,ARID1A
368,PIGV
369,ZDHHC18
370,SFN
371,GPN2
372,GPATCH3
373,NUDC
374,NR0B2
375,KDF1
376,TRNP1
377,SLC9A1
378,WDTC1
379,TMEM222
380,SYTL1
381,MAP3K6
382,FCN3
383,CD164L2
384,GPR3
385,WASF2
386,AHDC1
387,FGR
388,IFI6
389,FAM76A
390,STX12
391,PPP1R8
392,THEMIS2
393,RPA2
394,SMPDL3B
395,XKR8
396,EYA3
397,PTAFR
398,DNAJC8
399,SESN2
400,MED18
401,PHACTR4
402,RCC1
403,TRNAU1AP
404,SNHG12
405,TAF12
406,RAB42
407,GMEB1
408,YTHDF2
409,OPRD1
410,EPB41
411,TMEM200B
412,SRSF4
413,MECR
414,PTPRU
415,MATN1
416,MATN1-AS1
417,LAPTM5
418,SDC3
419,PUM1
420,NKAIN1
421,SNRNP40
422,ZCCHC17
423,FABP3
424,SERINC2
425,TINAGL1
426,HCRTR1
427,PEF1
428,COL16A1
429,ADGRB2
430,SPOCD1
431,PTP4A2
432,KHDRBS1
433,TMEM39B
434,KPNA6
435,TXLNA
436,CCDC28B
437,IQCC
438,DCDC2B
439,TMEM234
440,EIF3I
441,FAM167B
442,LCK
443,HDAC1
444,MARCKSL1
445,TSSK3
446,FAM229A
447,BSDC1
448,ZBTB8B
449,ZBTB8A
450,ZBTB8OS
451,RBBP4
452,SYNC
453,KIAA1522
454,YARS
455,S100PBP
456,FNDC5
457,HPCA
458,TMEM54
459,RNF19B
460,AK2
461,AZIN2
462,TRIM62
463,ZNF362
464,A3GALT2
465,PHC2
466,ZSCAN20
467,CSMD2
468,HMGB4
469,CSMD2-AS1
470,C1orf94
471,SMIM12
472,GJB5
473,GJB4
474,GJB3
475,GJA4
476,DLGAP3
477,ZMYM6
478,ZMYM1
479,SFPQ
480,ZMYM4
481,ZMYM4-AS1
482,KIAA0319L
483,NCDN
484,TFAP2E
485,PSMB2
486,C1orf216
487,CLSPN
488,AGO4
489,AGO1
490,AGO3
491,TEKT2
492,ADPRHL2
493,COL8A2
494,TRAPPC3
495,MAP7D1
496,THRAP3
497,SH3D21
498,EVA1B
499,STK40
500,LSM10
501,OSCP1
502,MRPS15
503,CSF3R
504,GRIK3
505,LINC01137
506,ZC3H12A
507,MEAF6
508,SNIP1
509,DNALI1
510,GNL2
511,RSPO1
512,C1orf109
513,CDCA8
514,EPHA10
515,MANEAL
516,YRDC
517,C1orf122
518,MTF1
519,INPP5B
520,SF3A3
521,FHL3
522,POU3F1
523,LINC01343
524,RRAGC
525,MYCBP
526,GJA9
527,RHBDL2
528,AKIRIN1
529,NDUFS5
530,MACF1
531,BMP8A
532,PABPC4
533,HEYL
534,NT5C1A
535,HPCAL4
536,PPIE
537,BMP8B
538,OXCT2
539,TRIT1
540,MYCL
541,MFSD2A
542,CAP1
543,PPT1
544,RLF
545,TMCO2
546,ZMPSTE24
547,COL9A2
548,SMAP2
549,ZFP69B
550,ZFP69
551,EXO5
552,ZNF684
553,RIMS3
554,NFYC-AS1
555,NFYC
556,KCNQ4
557,CITED4
558,CTPS1
559,SLFNL1-AS1
560,SLFNL1
561,SCMH1
562,FOXO6
563,EDN2
564,HIVEP3
565,GUCA2B
566,GUCA2A
567,FOXJ3
568,RIMKLA
569,ZMYND12
570,PPCS
571,CCDC30
572,PPIH
573,YBX1
574,CLDN19
575,P3H1
576,C1orf50
577,SVBP
578,ERMAP
579,ZNF691
580,SLC2A1
581,SLC2A1-AS1
582,FAM183A
583,EBNA1BP2
584,CFAP57
585,TMEM125
586,C1orf210
587,TIE1
588,MPL
589,CDC20
590,ELOVL1
591,MED8
592,SZT2
593,SZT2-AS1
594,HYI
595,PTPRF
596,KDM4A
597,KDM4A-AS1
598,ST3GAL3
599,ARTN
600,IPO13
601,DPH2
602,ATP6V0B
603,B4GALT2
604,CCDC24
605,SLC6A9
606,KLF17
607,KLF18
608,DMAP1
609,ERI3
610,RNF220
611,TMEM53
612,KIF2C
613,RPS8
614,BEST4
615,PLK3
616,TCTEX1D4
617,BTBD19
618,PTCH2
619,EIF2B3
620,HECTD3
621,UROD
622,ZSWIM5
623,LINC01144
624,HPDL
625,MUTYH
626,TOE1
627,TESK2
628,MMACHC
629,PRDX1
630,AKR1A1
631,NASP
632,CCDC17
633,GPBP1L1
634,TMEM69
635,IPP
636,MAST2
637,PIK3R3
638,TSPAN1
639,POMGNT1
640,LURAP1
641,RAD54L
642,LRRC41
643,UQCRH
644,NSUN4
645,FAAH
646,DMBX1
647,MKNK1-AS1
648,KNCN
649,MKNK1
650,MOB3C
651,ATPAF1
652,TEX38
653,EFCAB14-AS1
654,EFCAB14
655,CYP4B1
656,CYP4A11
657,CYP4X1
658,CYP4Z1
659,CYP4A22-AS1
660,CYP4A22
661,LINC00853
662,PDZK1IP1
663,TAL1
664,STIL
665,CMPK1
666,LINC01389
667,FOXE3
668,FOXD2-AS1
669,FOXD2
670,TRABD2B
671,AL356289.1
672,SLC5A9
673,SPATA6
674,AGBL4
675,BEND5
676,ELAVL4
677,DMRTA2
678,FAF1
679,CDKN2C
680,C1orf185
681,LINC01562
682,RNF11
683,TTC39A
684,TTC39A-AS1
685,EPS15
686,OSBPL9
687,NRDC
688,RAB3B
689,TXNDC12
690,KTI12
691,TXNDC12-AS1
692,BTF3L4
693,ZFYVE9
694,CC2D1B
695,ORC1
696,PRPF38A
697,GPX7
698,COA7
699,ZYG11B
700,ZYG11A
701,ECHDC2
702,SCP2
703,AL445183.1
704,PODN
705,SLC1A7
706,CPT2
707,C1orf123
708,MAGOH
709,LRP8
710,DMRTB1
711,GLIS1
712,NDC1
713,YIPF1
714,DIO1
715,HSPB11
716,LRRC42
717,LDLRAD1
718,TMEM59
719,TCEANC2
720,CDCP2
721,CYB5RL
722,MRPL37
723,SSBP3
724,SSBP3-AS1
725,ACOT11
726,FAM151A
727,MROH7
728,MROH7-TTC4
729,TTC4
730,PARS2
731,TTC22
732,LEXM
733,DHCR24
734,TMEM61
735,BSND
736,PCSK9
737,USP24
738,PLPP3
739,PRKAA2
740,C8A
741,C8B
742,DAB1
743,DAB1-AS1
744,OMA1
745,TACSTD2
746,MYSM1
747,JUN
748,LINC01135
749,LINC01358
750,FGGY
751,HOOK1
752,CYP2J2
753,C1orf87
754,NFIA
755,NFIA-AS2
756,TM2D1
757,L1TD1
758,KANK4
759,USP1
760,DOCK7
761,ANGPTL3
762,ATG4C
763,FOXD3-AS1
764,FOXD3
765,ALG6
766,ITGB3BP
767,EFCAB7
768,PGM1
769,ROR1
770,ROR1-AS1
771,UBE2U
772,CACHD1
773,RAVER2
774,JAK1
775,AK4
776,DNAJC6
777,LEPROT
778,LEPR
779,PDE4B
780,SGIP1
781,TCTEX1D1
782,INSL5
783,WDR78
784,MIER1
785,SLC35D1
786,C1orf141
787,IL23R
788,IL12RB2
789,SERBP1
790,GADD45A
791,GNG12
792,GNG12-AS1
793,DIRAS3
794,WLS
795,RPE65
796,DEPDC1
797,DEPDC1-AS1
798,LRRC7
799,LRRC40
800,SRSF11
801,ANKRD13C
802,HHLA3
803,AL158839.1
804,CTH
805,PTGER3
806,ZRANB2-AS1
807,ZRANB2
808,NEGR1
809,LINC01360
810,LRRIQ3
811,FPGT
812,FPGT-TNNI3K
813,TNNI3K
814,LRRC53
815,ERICH3
816,ERICH3-AS1
817,CRYZ
818,TYW3
819,LHX8
820,SLC44A5
821,ACADM
822,RABGGTB
823,MSH4
824,ASB17
825,ST6GALNAC3
826,ST6GALNAC5
827,PIGK
828,AK5
829,USP33
830,NEXN-AS1
831,NEXN
832,FUBP1
833,DNAJB4
834,GIPC2
835,PTGFR
836,IFI44L
837,IFI44
838,ADGRL4
839,ADGRL2
840,LINC01362
841,LINC01361
842,TTLL7
843,PRKACB
844,SAMD13
845,DNASE2B
846,RPF1
847,GNG5
848,CTBS
849,LINC01555
850,SSX2IP
851,LPAR3
852,MCOLN2
853,WDR63
854,MCOLN3
855,SYDE2
856,C1orf52
857,BCL10
858,DDAH1
859,CYR61
860,ZNHIT6
861,COL24A1
862,ODF2L
863,CLCA2
864,CLCA1
865,CLCA4
866,SH3GLB1
867,HS2ST1
868,LINC01140
869,LMO4
870,LINC01364
871,PKN2-AS1
872,PKN2
873,GTF2B
874,RBMXL1
875,GBP3
876,GBP1
877,GBP2
878,GBP7
879,GBP4
880,GBP5
881,GBP6
882,LRRC8B
883,LRRC8C
884,LRRC8D
885,ZNF326
886,BARHL2
887,ZNF644
888,HFM1
889,CDC7
890,TGFBR3
891,BRDT
892,EPHX4
893,SETSIP
894,BTBD8
895,C1orf146
896,GLMN
897,RPAP2
898,GFI1
899,EVI5
900,RPL5
901,FAM69A
902,MTF2
903,TMED5
904,CCDC18
905,DR1
906,FNBP1L
907,BCAR3
908,DNTTIP2
909,GCLM
910,ABCA4
911,ARHGAP29
912,ABCD3
913,F3
914,SLC44A3
915,CNN3
916,ALG14
917,TMEM56
918,TMEM56-RWDD3
919,RWDD3
920,PTBP2
921,DPYD
922,DPYD-AS1
923,DPYD-AS2
924,MIR137HG
925,SNX7
926,PLPPR5
927,PLPPR4
928,PALMD
929,FRRS1
930,AGL
931,SLC35A3
932,MFSD14A
933,SASS6
934,TRMT13
935,LRRC39
936,DBT
937,RTCA-AS1
938,RTCA
939,CDC14A
940,GPR88
941,LINC01349
942,VCAM1
943,EXTL2
944,SLC30A7
945,DPH5
946,S1PR1
947,LINC01307
948,OLFM3
949,COL11A1
950,RNPC3
951,AMY2B
952,AMY2A
953,AMY1A
954,AMY1B
955,AMY1C
956,PRMT6
957,NTNG1
958,VAV3
959,VAV3-AS1
960,SLC25A24
961,NBPF4
962,NBPF6
963,FAM102B
964,HENMT1
965,PRPF38B
966,FNDC7
967,STXBP3
968,AKNAD1
969,SPATA42
970,GPSM2
971,CLCC1
972,WDR47
973,TAF13
974,TMEM167B
975,C1orf194
976,KIAA1324
977,SARS
978,CELSR2
979,PSRC1
980,MYBPHL
981,SORT1
982,PSMA5
983,SYPL2
984,ATXN7L2
985,CYB561D1
986,AMIGO1
987,GPR61
988,GNAI3
989,GNAT2
990,AMPD2
991,GSTM4
992,GSTM2
993,GSTM1
994,GSTM5
995,GSTM3
996,EPS8L3
997,CSF1
998,AHCYL1
999,STRIP1
1000,ALX3
1001,LINC01397
1002,UBL4B
1003,SLC6A17
1004,KCNC4
1005,RBM15
1006,SLC16A4
1007,LAMTOR5
1008,PROK1
1009,KCNA10
1010,KCNA2
1011,KCNA3
1012,CD53
1013,LRIF1
1014,DRAM2
1015,CEPT1
1016,DENND2D
1017,CHI3L2
1018,CHIA
1019,PIFO
1020,OVGP1
1021,WDR77
1022,C1orf162
1023,TMIGD3
1024,ADORA3
1025,RAP1A
1026,LINC01160
1027,DDX20
1028,KCND3
1029,KCND3-AS1
1030,CTTNBP2NL
1031,WNT2B
1032,ST7L
1033,CAPZA1
1034,MOV10
1035,RHOC
1036,PPM1J
1037,FAM19A3
1038,LINC01356
1039,SLC16A1
1040,SLC16A1-AS1
1041,LRIG2
1042,MAGI3
1043,PHTF1
1044,RSBN1
1045,PTPN22
1046,AP4B1-AS1
1047,BCL2L15
1048,AP4B1
1049,DCLRE1B
1050,HIPK1-AS1
1051,HIPK1
1052,OLFML3
1053,SYT6
1054,TRIM33
1055,BCAS2
1056,DENND2C
1057,AMPD1
1058,NRAS
1059,CSDE1
1060,SIKE1
1061,SYCP1
1062,TSHB
1063,TSPAN2
1064,NGF
1065,VANGL1
1066,CASQ2
1067,NHLH2
1068,SLC22A15
1069,MAB21L3
1070,ATP1A1
1071,CD58
1072,IGSF3
1073,C1orf137
1074,CD2
1075,PTGFRN
1076,CD101
1077,TTF2
1078,TRIM45
1079,VTCN1
1080,LINC01525
1081,MAN1A2
1082,GDAP2
1083,WDR3
1084,SPAG17
1085,TBX15
1086,WARS2
1087,WARS2-IT1
1088,HAO2
1089,HSD3B2
1090,HSD3B1
1091,ZNF697
1092,PHGDH
1093,HMGCS2
1094,REG4
1095,ADAM30
1096,NOTCH2
1097,SEC22B
1098,NBPF26
1099,PPIAL4A
1100,LINC00623
1101,FCGR1B
1102,FAM72B
1103,SRGAP2C
1104,SRGAP2-AS1
1105,HIST2H3PS2
1106,FAM72C
1107,IGKV1OR1-1
1108,PPIAL4E
1109,NBPF15
1110,PPIAL4F
1111,SRGAP2B
1112,FAM72D
1113,PPIAL4D
1114,NBPF20
1115,GPR89A
1116,PDZK1
1117,CD160
1118,RNF115
1119,POLR3C
1120,NUDT17
1121,PIAS3
1122,ANKRD35
1123,ITGA10
1124,PEX11B
1125,RBM8A
1126,LIX1L
1127,ANKRD34A
1128,POLR3GL
1129,TXNIP
1130,NBPF10
1131,NOTCH2NL
1132,AC243756.1
1133,NBPF12
1134,PRKAB2
1135,FMO5
1136,CHD1L
1137,LINC00624
1138,BCL9
1139,ACP6
1140,GJA5
1141,GJA8
1142,GPR89B
1143,NBPF11
1144,AC245100.1
1145,PPIAL4G
1146,NBPF14
1147,PDE4DIP
1148,NBPF9
1149,NBPF19
1150,PPIAL4C
1151,FCGR1A
1152,HIST2H2BF
1153,HIST2H3D
1154,HIST2H4A
1155,HIST2H3C
1156,HIST2H2AA3
1157,HIST2H2BE
1158,HIST2H2AA4
1159,HIST2H3A
1160,HIST2H4B
1161,HIST2H2AC
1162,HIST2H2AB
1163,BOLA1
1164,SV2A
1165,SF3B4
1166,MTMR11
1167,OTUD7B
1168,VPS45
1169,PLEKHO1
1170,ANP32E
1171,CA14
1172,APH1A
1173,C1orf54
1174,CIART
1175,MRPS21
1176,AC242988.1
1177,PRPF3
1178,RPRD2
1179,TARS2
1180,ECM1
1181,FALEC
1182,ADAMTSL4
1183,MCL1
1184,ENSA
1185,GOLPH3L
1186,HORMAD1
1187,CTSS
1188,CTSK
1189,ARNT
1190,SETDB1
1191,CERS2
1192,ANXA9
1193,BNIPL
1194,C1orf56
1195,CDC42SE1
1196,MLLT11
1197,GABPB2
1198,SEMA6C
1199,TNFAIP8L2
1200,SCNM1
1201,LYSMD1
1202,TMOD4
1203,VPS72
1204,PIP5K1A
1205,PSMD4
1206,ZNF687
1207,PI4KB
1208,RFX5
1209,SELENBP1
1210,PSMB4
1211,POGZ
1212,CGN
1213,TUFT1
1214,SNX27
1215,CELF3
1216,RIIAD1
1217,MRPL9
1218,OAZ3
1219,TDRKH
1220,LINGO4
1221,RORC
1222,C2CD4D
1223,AL450992.2
1224,THEM5
1225,THEM4
1226,S100A10
1227,S100A11
1228,TCHHL1
1229,TCHH
1230,AL589986.2
1231,RPTN
1232,FLG-AS1
1233,HRNR
1234,FLG
1235,FLG2
1236,CRNN
1237,LCE5A
1238,LCE3C
1239,CRCT1
1240,LCE3E
1241,LCE3D
1242,LCE3B
1243,LCE3A
1244,LINC00302
1245,LCE2D
1246,LCE2C
1247,LCE2B
1248,LCE2A
1249,LCE4A
1250,C1orf68
1251,KPRP
1252,LCE1F
1253,LCE1E
1254,LCE1D
1255,LCE1C
1256,LCE1B
1257,LCE1A
1258,LCE6A
1259,SMCP
1260,IVL
1261,LINC01527
1262,SPRR4
1263,SPRR1A
1264,SPRR3
1265,SPRR1B
1266,SPRR2D
1267,SPRR2A
1268,SPRR2B
1269,SPRR2E
1270,SPRR2F
1271,SPRR2G
1272,LELP1
1273,PRR9
1274,LOR
1275,PGLYRP3
1276,PGLYRP4
1277,S100A9
1278,S100A12
1279,S100A8
1280,S100A7A
1281,S100A7L2
1282,S100A7
1283,S100A6
1284,S100A5
1285,S100A4
1286,S100A3
1287,S100A2
1288,S100A16
1289,S100A14
1290,S100A13
1291,S100A1
1292,CHTOP
1293,SNAPIN
1294,ILF2
1295,NPR1
1296,INTS3
1297,SLC27A3
1298,GATAD2B
1299,DENND4B
1300,CRTC2
1301,SLC39A1
1302,CREB3L4
1303,JTB
1304,RAB13
1305,RPS27
1306,NUP210L
1307,TPM3
1308,C1orf189
1309,C1orf43
1310,UBAP2L
1311,HAX1
1312,AQP10
1313,ATP8B2
1314,IL6R
1315,SHE
1316,TDRD10
1317,UBE2Q1
1318,UBE2Q1-AS1
1319,CHRNB2
1320,ADAR
1321,KCNN3
1322,PMVK
1323,PBXIP1
1324,PYGO2
1325,SHC1
1326,CKS1B
1327,FLAD1
1328,LENEP
1329,ZBTB7B
1330,DCST2
1331,DCST1
1332,ADAM15
1333,EFNA4
1334,EFNA3
1335,EFNA1
1336,SLC50A1
1337,DPM3
1338,KRTCAP2
1339,TRIM46
1340,MUC1
1341,AC234582.2
1342,AC234582.1
1343,THBS3
1344,MTX1
1345,GBA
1346,FAM189B
1347,SCAMP3
1348,CLK2
1349,HCN3
1350,PKLR
1351,FDPS
1352,RUSC1-AS1
1353,RUSC1
1354,ASH1L
1355,ASH1L-AS1
1356,MSTO1
1357,YY1AP1
1358,DAP3
1359,GON4L
1360,SYT11
1361,RIT1
1362,RXFP4
1363,ARHGEF2
1364,SSR2
1365,UBQLN4
1366,LAMTOR2
1367,RAB25
1368,MEX3A
1369,LMNA
1370,SEMA4A
1371,SLC25A44
1372,PMF1-BGLAP
1373,PMF1
1374,BGLAP
1375,PAQR6
1376,SMG5
1377,TMEM79
1378,GLMP
1379,VHLL
1380,CCT3
1381,TSACC
1382,RHBG
1383,C1orf61
1384,MEF2D
1385,IQGAP3
1386,TTC24
1387,GPATCH4
1388,AL365181.2
1389,HAPLN2
1390,BCAN
1391,NES
1392,CRABP2
1393,ISG20L2
1394,RRNAD1
1395,MRPL24
1396,HDGF
1397,PRCC
1398,SH2D2A
1399,NTRK1
1400,INSRR
1401,PEAR1
1402,LRRC71
1403,ARHGEF11
1404,ETV3L
1405,ETV3
1406,FCRL5
1407,FCRL4
1408,FCRL3
1409,FCRL2
1410,FCRL1
1411,CD5L
1412,CD1D
1413,CD1A
1414,CD1C
1415,CD1B
1416,CD1E
1417,OR10T2
1418,OR10K2
1419,OR10K1
1420,OR10R2
1421,OR6Y1
1422,OR6P1
1423,OR10X1
1424,OR10Z1
1425,SPTA1
1426,OR6K2
1427,OR6K3
1428,OR6K6
1429,OR6N1
1430,OR6N2
1431,MNDA
1432,PYHIN1
1433,IFI16
1434,AIM2
1435,CADM3
1436,CADM3-AS1
1437,ACKR1
1438,FCER1A
1439,OR10J3
1440,OR10J1
1441,OR10J5
1442,APCS
1443,CRP
1444,DUSP23
1445,FCRL6
1446,SLAMF8
1447,VSIG8
1448,CFAP45
1449,TAGLN2
1450,IGSF9
1451,SLAMF9
1452,LINC01133
1453,PIGM
1454,KCNJ10
1455,KCNJ9
1456,IGSF8
1457,ATP1A2
1458,ATP1A4
1459,CASQ1
1460,PEA15
1461,DCAF8
1462,PEX19
1463,COPA
1464,NCSTN
1465,NHLH1
1466,VANGL2
1467,SLAMF6
1468,CD84
1469,SLAMF1
1470,CD48
1471,SLAMF7
1472,LY9
1473,CD244
1474,ITLN1
1475,ITLN2
1476,F11R
1477,TSTD1
1478,USF1
1479,ARHGAP30
1480,AL591806.1
1481,KLHDC9
1482,PFDN2
1483,NIT1
1484,DEDD
1485,UFC1
1486,USP21
1487,PPOX
1488,B4GALT3
1489,ADAMTS4
1490,NDUFS2
1491,FCER1G
1492,APOA2
1493,TOMM40L
1494,NR1I3
1495,PCP4L1
1496,MPZ
1497,SDHC
1498,CFAP126
1499,FCGR2A
1500,HSPA6
1501,FCGR3A
1502,FCGR3B
1503,FCGR2B
1504,FCRLA
1505,FCRLB
1506,DUSP12
1507,ATF6
1508,OLFML2B
1509,NOS1AP
1510,C1orf226
1511,SH2D1B
1512,UHMK1
1513,UAP1
1514,DDR2
1515,HSD17B7
1516,CCDC190
1517,RGS4
1518,RGS5
1519,RGS5-1
1520,NUF2
1521,PBX1
1522,LMX1A
1523,RXRG
1524,LRRC52
1525,MGST3
1526,ALDH9A1
1527,TMCO1
1528,UCK2
1529,FAM78B
1530,POGK
1531,TADA1
1532,ILDR2
1533,MAEL
1534,GPA33
1535,DUSP27
1536,LINC01363
1537,POU2F1
1538,CD247
1539,CREG1
1540,RCSD1
1541,MPZL1
1542,ADCY10
1543,MPC2
1544,DCAF6
1545,GPR161
1546,TIPRL
1547,SFT2D2
1548,TBX19
1549,XCL2
1550,XCL1
1551,DPT
1552,LINC00626
1553,LINC00970
1554,ATP1B1
1555,NME7
1556,BLZF1
1557,CCDC181
1558,SLC19A2
1559,F5
1560,SELP
1561,C1orf112
1562,SELL
1563,SELE
1564,METTL18
1565,SCYL3
1566,KIFAP3
1567,METTL11B
1568,LINC01142
1569,GORAB
1570,PRRX1
1571,MROH9
1572,FMO3
1573,FMO2
1574,FMO1
1575,FMO4
1576,PRRC2C
1577,MYOC
1578,VAMP4
1579,METTL13
1580,DNM3
1581,DNM3OS
1582,PIGC
1583,C1orf105
1584,SUCO
1585,FASLG
1586,TNFSF18
1587,TNFSF4
1588,PRDX6
1589,SLC9C2
1590,ANKRD45
1591,KLHL20
1592,CENPL
1593,DARS2
1594,GAS5-AS1
1595,ZBTB37
1596,SERPINC1
1597,RC3H1
1598,RABGAP1L
1599,GPR52
1600,CACYBP
1601,MRPS14
1602,TNN
1603,KIAA0040
1604,TNR
1605,PAPPA2
1606,ASTN1
1607,BRINP2
1608,SEC16B
1609,RASAL2-AS1
1610,RASAL2
1611,TEX35
1612,C1orf220
1613,RALGPS2
1614,ANGPTL1
1615,FAM20B
1616,TOR3A
1617,ABL2
1618,SOAT1
1619,AXDND1
1620,NPHS2
1621,TDRD5
1622,FAM163A
1623,TOR1AIP2
1624,TOR1AIP1
1625,CEP350
1626,QSOX1
1627,LHX4
1628,ACBD6
1629,OVAAL
1630,XPR1
1631,KIAA1614
1632,KIAA1614-AS1
1633,STX6
1634,MR1
1635,IER5
1636,CACNA1E
1637,ZNF648
1638,LINC01344
1639,GLUL
1640,TEDDM1
1641,LINC00272
1642,RGSL1
1643,RNASEL
1644,RGS16
1645,RGS8
1646,NPL
1647,DHX9
1648,SHCBP1L
1649,LAMC1
1650,LAMC2
1651,NMNAT2
1652,SMG7
1653,NCF2
1654,ARPC5
1655,RGL1
1656,APOBEC4
1657,COLGALT2
1658,TSEN15
1659,C1orf21
1660,EDEM3
1661,FAM129A
1662,RNF2
1663,TRMT1L
1664,SWT1
1665,IVNS1ABP
1666,LINC01350
1667,HMCN1
1668,PRG4
1669,TPR
1670,AL596220.1
1671,OCLM
1672,PDC
1673,PTGS2
1674,PACERR
1675,PLA2G4A
1676,ERVMER61-1
1677,LINC01035
1678,BRINP3
1679,LINC01351
1680,RGS18
1681,RGS21
1682,RGS1
1683,RGS13
1684,RGS2
1685,UCHL5
1686,TROVE2
1687,GLRX2
1688,CDC73
1689,B3GALT2
1690,LINC01031
1691,KCNT2
1692,CFH
1693,CFHR3
1694,CFHR1
1695,CFHR4
1696,CFHR2
1697,CFHR5
1698,F13B
1699,ASPM
1700,ZBTB41
1701,CRB1
1702,DENND1B
1703,C1orf53
1704,LHX9
1705,NEK7
1706,ATP6V1G3
1707,PTPRC
1708,MIR181A1HG
1709,LINC01222
1710,LINC01221
1711,NR5A2
1712,LINC00862
1713,ZNF281
1714,KIF14
1715,DDX59
1716,CAMSAP2
1717,GPR25
1718,KIF21B
1719,CACNA1S
1720,ASCL5
1721,TMEM9
1722,IGFN1
1723,PKP1
1724,TNNT2
1725,LAD1
1726,TNNI1
1727,PHLDA3
1728,CSRP1
1729,NAV1
1730,IPO9-AS1
1731,IPO9
1732,SHISA4
1733,LMOD1
1734,TIMM17A
1735,RNPEP
1736,ELF3
1737,GPR37L1
1738,ARL8A
1739,PTPN7
1740,LGR6
1741,UBE2T
1742,PPP1R12B
1743,SYT2
1744,KDM5B
1745,PCAT6
1746,RABIF
1747,KLHL12
1748,ADIPOR1
1749,CYB5R1
1750,TMEM183A
1751,PPFIA4
1752,MYOG
1753,ADORA1
1754,MYBPH
1755,CHI3L1
1756,CHIT1
1757,LINC01353
1758,LINC01136
1759,BTG2
1760,FMOD
1761,PRELP
1762,OPTC
1763,ATP2B4
1764,LAX1
1765,ZC3H11A
1766,ZBED6
1767,SNRPE
1768,LINC00303
1769,SOX13
1770,ETNK2
1771,REN
1772,KISS1
1773,GOLT1A
1774,PLEKHA6
1775,LINC00628
1776,PPP1R15B
1777,PIK3C2B
1778,MDM4
1779,LRRN2
1780,NFASC
1781,CNTN2
1782,TMEM81
1783,RBBP5
1784,DSTYK
1785,TMCC2
1786,NUAK2
1787,KLHDC8A
1788,LEMD1-AS1
1789,LEMD1
1790,BLACAT1
1791,CDK18
1792,ELK4
1793,SLC45A3
1794,NUCKS1
1795,RAB29
1796,SLC41A1
1797,PM20D1
1798,SLC26A9
1799,RAB7B
1800,CTSE
1801,AVPR1B
1802,FAM72A
1803,SRGAP2
1804,IKBKE
1805,C1orf147
1806,RASSF5
1807,EIF2D
1808,DYRK3
1809,MAPKAPK2
1810,IL10
1811,IL19
1812,IL20
1813,IL24
1814,FCMR
1815,PIGR
1816,FCAMR
1817,C1orf116
1818,PFKFB2
1819,YOD1
1820,C4BPB
1821,C4BPA
1822,CD55
1823,CR2
1824,CR1
1825,CR1L
1826,CD46
1827,CD34
1828,PLXNA2
1829,CAMK1G
1830,LAMB3
1831,G0S2
1832,HSD11B1
1833,TRAF3IP3
1834,C1orf74
1835,IRF6
1836,SYT14
1837,SERTAD4-AS1
1838,SERTAD4
1839,HHAT
1840,KCNH1
1841,RCOR3
1842,TRAF5
1843,LINC00467
1844,RD3
1845,SLC30A1
1846,NEK2
1847,LPGAT1
1848,INTS7
1849,DTL
1850,PPP2R5A
1851,TMEM206
1852,NENF
1853,ATF3
1854,FAM71A
1855,BATF3
1856,NSL1
1857,TATDN3
1858,SPATA45
1859,FLVCR1
1860,VASH2
1861,ANGEL2
1862,RPS6KC1
1863,LINC00538
1864,PROX1
1865,SMYD2
1866,PTPN14
1867,CENPF
1868,KCNK2
1869,KCTD3
1870,USH2A
1871,ESRRG
1872,GPATCH2
1873,SPATA17
1874,SPATA17-AS1
1875,LINC00210
1876,RRP15
1877,TGFB2-AS1
1878,TGFB2
1879,C1orf143
1880,LYPLAL1
1881,SLC30A10
1882,EPRS
1883,BPNT1
1884,IARS2
1885,RAB3GAP2
1886,MARK1
1887,C1orf115
1888,MARC2
1889,MARC1
1890,RNU6ATAC35P
1891,LINC01352
1892,HLX-AS1
1893,HLX
1894,DUSP10
1895,HHIPL2
1896,TAF1A
1897,TAF1A-AS1
1898,MIA3
1899,AIDA
1900,BROX
1901,FAM177B
1902,DISP1
1903,TLR5
1904,SUSD4
1905,CCDC185
1906,CAPN8
1907,CAPN2
1908,TP53BP2
1909,FBXO28
1910,DEGS1
1911,NVL
1912,CNIH4
1913,WDR26
1914,CNIH3
1915,DNAH14
1916,LBR
1917,ENAH
1918,SRP9
1919,EPHX1
1920,TMEM63A
1921,LEFTY1
1922,PYCR2
1923,LEFTY2
1924,SDE2
1925,H3F3A
1926,ACBD3
1927,MIXL1
1928,LIN9
1929,PARP1
1930,ITPKB
1931,ITPKB-AS1
1932,PSEN2
1933,CDC42BPA
1934,ZNF678
1935,SNAP47
1936,JMJD4
1937,SNAP47-AS1
1938,PRSS38
1939,WNT9A
1940,WNT3A
1941,ARF1
1942,C1orf35
1943,MRPL55
1944,GUK1
1945,GJC2
1946,IBA57
1947,OBSCN
1948,TRIM11
1949,TRIM17
1950,HIST3H3
1951,HIST3H2A
1952,HIST3H2BB
1953,RNF187
1954,RHOU
1955,TMEM78
1956,RAB4A
1957,SPHAR
1958,CCSAP
1959,ACTA1
1960,NUP133
1961,ABCB10
1962,TAF5L
1963,URB2
1964,GALNT2
1965,PGBD5
1966,COG2
1967,AGT
1968,CAPN9
1969,C1orf198
1970,TTC13
1971,ARV1
1972,FAM89A
1973,TRIM67
1974,C1orf131
1975,GNPAT
1976,EXOC8
1977,SPRTN
1978,EGLN1
1979,TSNAX-DISC1
1980,TSNAX
1981,LINC00582
1982,DISC1
1983,SIPA1L2
1984,MAP10
1985,NTPCR
1986,KCNK1
1987,SLC35F3
1988,COA6
1989,TARBP1
1990,LINC01354
1991,IRF2BP2
1992,LINC00184
1993,LINC01132
1994,AL360294.1
1995,LINC01348
1996,TOMM20
1997,RBM34
1998,ARID4B
1999,GGPS1
2000,TBCE
2001,B3GALNT2
2002,GNG4
2003,LYST
2004,LYST-AS1
2005,NID1
2006,GPR137B
2007,ERO1B
2008,EDARADD
2009,LGALS8
2010,LGALS8-AS1
2011,HEATR1
2012,ACTN2
2013,MTR
2014,MT1HL1
2015,RYR2
2016,ZP4
2017,MTRNR2L11
2018,LINC01139
2019,CHRM3
2020,CHRM3-AS2
2021,CHRM3-AS1
2022,FMN2
2023,GREM2
2024,RGS7
2025,FH
2026,KMO
2027,OPN3
2028,CHML
2029,WDR64
2030,EXO1
2031,BECN2
2032,MAP1LC3C
2033,PLD5
2034,CEP170
2035,SDCCAG8
2036,AKT3
2037,ZBTB18
2038,C1orf100
2039,ADSS
2040,DESI2
2041,COX20
2042,HNRNPU
2043,EFCAB2
2044,KIF26B
2045,SMYD3
2046,TFB2M
2047,CNST
2048,SCCPDH
2049,AHCTF1
2050,ZNF695
2051,ZNF670-ZNF695
2052,ZNF670
2053,ZNF669
2054,C1orf229
2055,ZNF124
2056,ZNF496
2057,NLRP3
2058,OR2B11
2059,GCSAML
2060,GCSAML-AS1
2061,OR2C3
2062,OR2G2
2063,OR2G3
2064,OR13G1
2065,OR6F1
2066,OR14A2
2067,OR14K1
2068,OR1C1
2069,OR14A16
2070,OR11L1
2071,TRIM58
2072,OR2W3
2073,OR2T8
2074,OR2AJ1
2075,OR2L13
2076,OR2L8
2077,OR2AK2
2078,OR2L5
2079,OR2L2
2080,OR2L3
2081,OR2M5
2082,OR2M2
2083,OR2M3
2084,OR2M4
2085,OR2T33
2086,OR2T12
2087,OR2M7
2088,OR14C36
2089,OR2T4
2090,OR2T6
2091,OR2T1
2092,OR2T2
2093,OR2T3
2094,OR2T5
2095,OR2G6
2096,OR2T29
2097,OR2T34
2098,OR2T10
2099,OR2T11
2100,OR2T35
2101,OR2T27
2102,OR14I1
2103,LYPD8
2104,SH3BP5L
2105,ZNF672
2106,ZNF692
2107,PGBD2
2108,FAM110C
2109,SH3YL1
2110,ACP1
2111,AC105393.1
2112,AC105393.2
2113,AC093326.1
2114,AC093326.2
2115,TMEM18
2116,AC092159.2
2117,AC092159.1
2118,AC092159.3
2119,AC116609.1
2120,AC116609.3
2121,AC116609.2
2122,LINC01115
2123,AC116614.1
2124,SNTG2
2125,AC114808.2
2126,AC108462.1
2127,TPO
2128,AC144450.1
2129,AC141930.2
2130,PXDN
2131,MYT1L
2132,AC093390.1
2133,MYT1L-AS1
2134,AC018685.1
2135,AC018685.2
2136,AC011995.1
2137,LINC01250
2138,TRAPPC12
2139,TRAPPC12-AS1
2140,ADI1
2141,RNASEH1
2142,RNASEH1-AS1
2143,RPS7
2144,COLEC11
2145,AC010907.2
2146,ALLC
2147,DCDC2C
2148,LINC01304
2149,AC012445.1
2150,LINC01249
2151,AC107057.1
2152,LINC01248
2153,SOX11
2154,AC017053.1
2155,LINC01247
2156,MIR7515HG
2157,LINC00487
2158,NRIR
2159,CMPK2
2160,RSAD2
2161,RNF144A
2162,LINC00298
2163,LINC00299
2164,U91324.1
2165,ID2-AS1
2166,ID2
2167,KIDINS220
2168,MBOAT2
2169,ASAP2
2170,ITGB1BP1
2171,CPSF3
2172,IAH1
2173,ADAM17
2174,YWHAQ
2175,TAF1B
2176,GRHL1
2177,AC010969.1
2178,KLF11
2179,CYS1
2180,AC104794.4
2181,RRM2
2182,C2orf48
2183,HPCAL1
2184,ODC1
2185,NOL10
2186,RN7SL832P
2187,AC092687.3
2188,ATP6V1C2
2189,PDIA6
2190,KCNF1
2191,AC062028.1
2192,C2orf50
2193,PQLC3
2194,ROCK2
2195,AC099344.2
2196,LINC00570
2197,E2F6
2198,GREB1
2199,NTSR2
2200,LPIN1
2201,MIR3681HG
2202,TRIB2
2203,LINC00276
2204,AC016730.1
2205,FAM84A
2206,AC068286.1
2207,NBAS
2208,AC008278.2
2209,DDX1
2210,MYCNUT
2211,MYCNOS
2212,MYCN
2213,GACAT3
2214,AC010745.1
2215,AC010745.2
2216,AC010745.3
2217,AC010745.4
2218,AC010880.1
2219,FAM49A
2220,RAD51AP2
2221,VSNL1
2222,SMC6
2223,GEN1
2224,MSGN1
2225,KCNS3
2226,RDH14
2227,NT5C1B-RDH14
2228,NT5C1B
2229,AC106053.1
2230,LINC01376
2231,OSR1
2232,AC010096.1
2233,AC019055.1
2234,LINC00954
2235,TTC32
2236,WDR35
2237,MATN3
2238,LAPTM4A
2239,AC098828.2
2240,SDC1
2241,PUM2
2242,RHOB
2243,AC012065.4
2244,HS1BP3
2245,GDF7
2246,LDAH
2247,AC012361.1
2248,APOB
2249,TDRD15
2250,AC011752.1
2251,AC009411.2
2252,AC009411.1
2253,AC018742.1
2254,AC068490.1
2255,AC096570.1
2256,AC012506.1
2257,AC012506.2
2258,AC012506.3
2259,AC012506.4
2260,KLHL29
2261,AC011239.1
2262,ATAD2B
2263,UBXN2A
2264,MFSD2B
2265,FKBP1B
2266,SF3B6
2267,FAM228B
2268,TP53I3
2269,PFN4
2270,FAM228A
2271,ITSN2
2272,AC009228.1
2273,NCOA1
2274,PTRHD1
2275,CENPO
2276,ADCY3
2277,DNAJC27
2278,DNAJC27-AS1
2279,EFR3B
2280,POMC
2281,LINC01381
2282,DNMT3A
2283,DTNB
2284,AC104699.1
2285,ASXL2
2286,KIF3C
2287,RAB10
2288,GAREM2
2289,HADHA
2290,HADHB
2291,ADGRF3
2292,DRC1
2293,OTOF
2294,C2orf70
2295,CIB4
2296,KCNK3
2297,SLC35F6
2298,CENPA
2299,DPYSL5
2300,MAPRE3
2301,TMEM214
2302,AGBL5
2303,AGBL5-AS1
2304,OST4
2305,EMILIN1
2306,KHK
2307,CGREF1
2308,ABHD1
2309,PREB
2310,PRR30
2311,TCF23
2312,SLC5A6
2313,ATRAID
2314,CAD
2315,SLC30A3
2316,DNAJC5G
2317,TRIM54
2318,UCN
2319,MPV17
2320,GTF3C2
2321,GTF3C2-AS1
2322,EIF2B4
2323,SNX17
2324,ZNF513
2325,PPM1G
2326,NRBP1
2327,KRTCAP3
2328,IFT172
2329,FNDC4
2330,GCKR
2331,C2orf16
2332,ZNF512
2333,CCDC121
2334,GPN1
2335,SUPT7L
2336,SLC4A1AP
2337,LINC01460
2338,MRPL33
2339,RBKS
2340,AC093690.1
2341,FOSL2
2342,PLB1
2343,PPP1CB
2344,SPDYA
2345,TRMT61B
2346,WDR43
2347,C2orf71
2348,CLIP4
2349,ALK
2350,AC106870.1
2351,AC106870.2
2352,YPEL5
2353,LBH
2354,LCLAT1
2355,CAPN13
2356,GALNT14
2357,AC009305.1
2358,CAPN14
2359,EHD3
2360,XDH
2361,SRD5A2
2362,MEMO1
2363,DPY30
2364,SPAST
2365,SLC30A6
2366,NLRC4
2367,YIPF4
2368,BIRC6
2369,BIRC6-AS1
2370,TTC27
2371,LINC00486
2372,LTBP1
2373,RASGRP3
2374,FAM98A
2375,LINC01317
2376,LINC01318
2377,AC073218.1
2378,LINC01320
2379,AC012593.1
2380,AC019064.1
2381,CRIM1
2382,FEZ2
2383,VIT
2384,STRN
2385,HEATR5B
2386,GPATCH11
2387,EIF2AK2
2388,SULT6B1
2389,CEBPZOS
2390,CEBPZ
2391,NDUFAF7
2392,PRKD3
2393,QPCT
2394,AC006369.2
2395,CDC42EP3
2396,LINC00211
2397,RMDN2
2398,RMDN2-AS1
2399,CYP1B1
2400,CYP1B1-AS1
2401,ATL2
2402,HNRNPLL
2403,GALM
2404,SRSF7
2405,GEMIN6
2406,DHX57
2407,MORN2
2408,ARHGEF33
2409,SOS1
2410,CDKL4
2411,MAP4K3
2412,TMEM178A
2413,THUMPD2
2414,SLC8A1-AS1
2415,SLC8A1
2416,C2orf91
2417,PKDCC
2418,AC083949.1
2419,EML4
2420,COX7A2L
2421,KCNG3
2422,MTA3
2423,OXER1
2424,HAAO
2425,AC016735.1
2426,ZFP36L2
2427,LINC01126
2428,THADA
2429,PLEKHH2
2430,C1GALT1C1L
2431,DYNC2LI1
2432,ABCG5
2433,ABCG8
2434,LRPPRC
2435,PPM1B
2436,SLC3A1
2437,PREPL
2438,CAMKMT
2439,SIX3-AS1
2440,SIX3
2441,SIX2
2442,AC093702.1
2443,SRBD1
2444,PRKCE
2445,AC017006.2
2446,EPAS1
2447,TMEM247
2448,ATP6V1E2
2449,RHOQ
2450,PIGF
2451,CRIPT
2452,SOCS5
2453,LINC01118
2454,LINC01119
2455,AC016722.3
2456,MCFD2
2457,TTC7A
2458,AC093732.1
2459,CALM2
2460,EPCAM
2461,MSH2
2462,KCNK12
2463,MSH6
2464,FBXO11
2465,FOXN2
2466,PPP1R21
2467,STON1
2468,STON1-GTF2A1L
2469,GTF2A1L
2470,LHCGR
2471,FSHR
2472,NRXN1
2473,AC010967.2
2474,ASB3
2475,GPR75-ASB3
2476,CHAC2
2477,ERLEC1
2478,GPR75
2479,PSME4
2480,ACYP2
2481,TSPYL6
2482,C2orf73
2483,SPTBN1
2484,EML6
2485,AC104781.1
2486,RTN4
2487,CLHC1
2488,RPS27A
2489,MTIF2
2490,CCDC88A
2491,CFAP36
2492,PPP4R3B
2493,PNPT1
2494,EFEMP1
2495,MIR217HG
2496,AC011306.1
2497,AC007743.1
2498,CCDC85A
2499,VRK2
2500,FANCL
2501,LINC01122
2502,AC007179.1
2503,MIR4432HG
2504,BCL11A
2505,AC009970.1
2506,PAPOLG
2507,LINC01185
2508,REL
2509,PUS10
2510,PEX13
2511,KIAA1841
2512,C2orf74
2513,USP34
2514,XPO1
2515,FAM161A
2516,CCT4
2517,COMMD1
2518,B3GNT2
2519,AC093159.1
2520,TMEM17
2521,EHBP1
2522,OTX1
2523,WDPCP
2524,MDH1
2525,UGP2
2526,VPS54
2527,AC012368.1
2528,PELI1
2529,LINC00309
2530,AC114752.1
2531,AC008074.3
2532,LGALSL
2533,AFTPH
2534,AC008074.1
2535,AC007365.1
2536,SERTAD2
2537,SLC1A4
2538,CEP68
2539,RAB1A
2540,ACTR2
2541,SPRED2
2542,AC007389.3
2543,AC118345.1
2544,MEIS1-AS3
2545,MEIS1
2546,MEIS1-AS2
2547,LINC01628
2548,ETAA1
2549,AC007422.1
2550,C1D
2551,WDR92
2552,PNO1
2553,PPP3R1
2554,CNRIP1
2555,PLEK
2556,FBXO48
2557,APLF
2558,PROKR1
2559,ARHGAP25
2560,BMP10
2561,GKN2
2562,GKN1
2563,ANTXR1
2564,GFPT1
2565,NFU1
2566,AAK1
2567,ANXA4
2568,GMCL1
2569,SNRNP27
2570,MXD1
2571,ASPRV1
2572,PCBP1
2573,C2orf42
2574,TIA1
2575,PCYOX1
2576,SNRPG
2577,FAM136A
2578,TGFA
2579,ADD2
2580,FIGLA
2581,CLEC4F
2582,CD207
2583,LINC01143
2584,VAX2
2585,ATP6V1B1
2586,ATP6V1B1-AS1
2587,ANKRD53
2588,TEX261
2589,NAGK
2590,MCEE
2591,MPHOSPH10
2592,PAIP2B
2593,ZNF638
2594,DYSF
2595,CYP26B1
2596,EXOC6B
2597,SPR
2598,EMX1
2599,SFXN5
2600,RAB11FIP5
2601,NOTO
2602,SMYD5
2603,PRADC1
2604,CCT7
2605,FBXO41
2606,EGR4
2607,ALMS1
2608,NAT8
2609,TPRKB
2610,DUSP11
2611,C2orf78
2612,STAMBP
2613,ACTG2
2614,DGUOK
2615,DGUOK-AS1
2616,TET3
2617,BOLA3
2618,BOLA3-AS1
2619,MOB1A
2620,MTHFD2
2621,SLC4A5
2622,DCTN1
2623,DCTN1-AS1
2624,C2orf81
2625,WDR54
2626,RTKN
2627,INO80B
2628,INO80B-WBP1
2629,WBP1
2630,MOGS
2631,MRPL53
2632,CCDC142
2633,TTC31
2634,LBX2
2635,LBX2-AS1
2636,PCGF1
2637,TLX2
2638,DQX1
2639,AUP1
2640,HTRA2
2641,LOXL3
2642,DOK1
2643,M1AP
2644,SEMA4F
2645,HK2
2646,LINC01291
2647,LINC01293
2648,POLE4
2649,TACR1
2650,EVA1A
2651,AC007099.2
2652,AC007099.1
2653,MRPL19
2654,GCFC2
2655,LRRTM4
2656,AC079117.1
2657,AC084149.2
2658,AC084149.1
2659,AC012494.1
2660,AC092660.1
2661,REG3G
2662,REG1B
2663,REG1A
2664,REG3A
2665,CTNNA2
2666,AC010975.1
2667,AC016716.2
2668,LRRTM1
2669,AC079896.1
2670,AC010105.1
2671,AC106874.1
2672,SUCLG1
2673,DNAH6
2674,TRABD2A
2675,TMSB10
2676,KCMF1
2677,TCF7L1
2678,TGOLN2
2679,RETSAT
2680,ELMOD3
2681,CAPG
2682,SH2D6
2683,MAT2A
2684,GGCX
2685,VAMP8
2686,VAMP5
2687,RNF181
2688,TMEM150A
2689,USP39
2690,C2orf68
2691,SFTPB
2692,GNLY
2693,ATOH8
2694,ST3GAL5
2695,ST3GAL5-AS1
2696,POLR1A
2697,PTCD3
2698,IMMT
2699,MRPL35
2700,REEP1
2701,KDM3A
2702,CHMP3
2703,RNF103-CHMP3
2704,RNF103
2705,RMND5A
2706,CD8A
2707,CD8B
2708,RGPD1
2709,PLGLB1
2710,IGKV3OR2-268
2711,AC133644.2
2712,PLGLB2
2713,RGPD2
2714,KRCC1
2715,SMYD1
2716,FABP1
2717,THNSL2
2718,FOXI3
2719,TEX37
2720,EIF2AK3
2721,AC062029.1
2722,RPIA
2723,IGKC
2724,IGKV1-12
2725,IGKV1-8
2726,IGKJ5
2727,IGKJ4
2728,IGKJ3
2729,IGKJ2
2730,IGKJ1
2731,IGKV4-1
2732,IGKV5-2
2733,IGKV7-3
2734,IGKV2-4
2735,IGKV1-5
2736,IGKV1-6
2737,IGKV3-7
2738,IGKV1-9
2739,IGKV2-10
2740,IGKV3-11
2741,IGKV1-13
2742,IGKV2-14
2743,IGKV3-15
2744,IGKV1-16
2745,IGKV1-17
2746,IGKV2-18
2747,IGKV2-19
2748,IGKV3-20
2749,IGKV6-21
2750,IGKV1-22
2751,IGKV2-23
2752,IGKV2-24
2753,IGKV3-25
2754,IGKV2-26
2755,IGKV1-27
2756,IGKV2-28
2757,IGKV2-29
2758,IGKV2-30
2759,IGKV3-31
2760,IGKV1-32
2761,IGKV1-33
2762,IGKV3-34
2763,IGKV1-35
2764,IGKV2-36
2765,IGKV1-37
2766,IGKV2-38
2767,IGKV1-39
2768,IGKV2-40
2769,IGKV2D-40
2770,IGKV1D-39
2771,IGKV2D-38
2772,IGKV1D-37
2773,IGKV2D-36
2774,IGKV1D-35
2775,IGKV3D-34
2776,IGKV1D-33
2777,IGKV1D-32
2778,IGKV3D-31
2779,IGKV2D-30
2780,IGKV2D-29
2781,IGKV2D-28
2782,IGKV1D-27
2783,IGKV2D-26
2784,IGKV3D-25
2785,IGKV2D-24
2786,IGKV2D-23
2787,IGKV1D-22
2788,IGKV6D-21
2789,IGKV3D-20
2790,IGKV2D-19
2791,IGKV2D-18
2792,IGKV6D-41
2793,IGKV1D-17
2794,IGKV1D-16
2795,IGKV3D-15
2796,IGKV3D-11
2797,IGKV2D-14
2798,IGKV1D-13
2799,IGKV1D-12
2800,IGKV2D-10
2801,IGKV1D-42
2802,IGKV1D-43
2803,IGKV1D-8
2804,IGKV3D-7
2805,IGKV1OR2-118
2806,IGKV1OR2-1
2807,TEKT4
2808,MAL
2809,MRPS5
2810,ZNF514
2811,ZNF2
2812,PROM2
2813,KCNIP3
2814,FAHD2A
2815,TRIM43
2816,AC008268.1
2817,LINC00342
2818,ANKRD36C
2819,GPAT2
2820,ADRA2B
2821,ASTL
2822,DUSP2
2823,STARD7
2824,TMEM127
2825,CIAO1
2826,SNRNP200
2827,ITPRIPL1
2828,NCAPH
2829,NEURL3
2830,ARID5A
2831,KANSL3
2832,FER1L5
2833,LMAN2L
2834,CNNM4
2835,CNNM3
2836,ANKRD23
2837,ANKRD39
2838,SEMA4C
2839,FAM178B
2840,IGKV2OR2-1
2841,IGKV2OR2-2
2842,IGKV1OR2-3
2843,FAHD2B
2844,ANKRD36
2845,IGKV1OR2-9
2846,IGKV2OR2-10
2847,IGKV2OR2-7D
2848,IGKV3OR2-5
2849,IGKV1OR2-6
2850,IGKV2OR2-7
2851,IGKV2OR2-8
2852,IGKV1OR2-11
2853,AC159540.1
2854,AC159540.2
2855,ANKRD36B
2856,COX5B
2857,ACTR1B
2858,ZAP70
2859,TMEM131
2860,VWA3B
2861,CNGA3
2862,INPP4A
2863,COA5
2864,UNC50
2865,MGAT4A
2866,AC109826.1
2867,KIAA1211L
2868,TSGA10
2869,C2orf15
2870,LIPT1
2871,MITD1
2872,MRPL30
2873,LYG2
2874,LYG1
2875,TXNDC9
2876,EIF5B
2877,REV1
2878,AFF3
2879,LINC01104
2880,LONRF2
2881,CHST10
2882,NMS
2883,PDCL3
2884,NPAS2
2885,RPL31
2886,TBC1D8
2887,CNOT11
2888,RNF149
2889,CREG2
2890,RFX8
2891,MAP4K4
2892,LINC01127
2893,IL1R2
2894,IL1R1
2895,IL1RL2
2896,IL1RL1
2897,IL18R1
2898,IL18RAP
2899,SLC9A4
2900,SLC9A2
2901,MFSD9
2902,TMEM182
2903,AC108051.1
2904,AC073987.1
2905,AC013727.1
2906,AC013727.2
2907,AC096554.1
2908,LINC01102
2909,LINC01103
2910,AC013402.3
2911,AC068057.1
2912,LINC01114
2913,POU3F3
2914,AC010884.1
2915,MRPS9
2916,GPR45
2917,TGFBRAP1
2918,C2orf49
2919,FHL2
2920,NCK2
2921,C2orf40
2922,UXS1
2923,RGPD3
2924,ST6GAL2
2925,AC096669.1
2926,GACAT1
2927,RGPD4-AS1
2928,RGPD4
2929,SLC5A7
2930,LINC01593
2931,LINC01594
2932,SULT1C3
2933,SULT1C2
2934,SULT1C4
2935,GCC2
2936,GCC2-AS1
2937,LIMS1
2938,LIMS1-AS1
2939,RANBP2
2940,CCDC138
2941,EDAR
2942,SH3RF3-AS1
2943,SH3RF3
2944,SEPT10
2945,SOWAHC
2946,RGPD5
2947,LIMS3
2948,LINC01123
2949,MALL
2950,NPHP1
2951,LINC01106
2952,RGPD6
2953,BUB1
2954,ACOXL
2955,BCL2L11
2956,MIR4435-2HG
2957,AC068491.2
2958,AC017002.1
2959,AC017002.2
2960,ANAPC1
2961,MERTK
2962,TMEM87B
2963,FBLN7
2964,ZC3H8
2965,ZC3H6
2966,RGPD8
2967,TTL
2968,POLR1B
2969,CHCHD5
2970,SLC20A1
2971,NT5DC4
2972,CKAP2L
2973,IL1A
2974,IL1B
2975,IL37
2976,IL36G
2977,IL36A
2978,IL36B
2979,IL36RN
2980,IL1F10
2981,IL1RN
2982,PSD4
2983,PAX8
2984,IGKV1OR2-108
2985,CBWD2
2986,FOXD4L1
2987,PGM5P4-AS1
2988,FAM138B
2989,RABL2A
2990,AC017074.1
2991,AC017074.2
2992,SLC35F5
2993,AC104653.1
2994,ACTR3
2995,LINC01191
2996,DPP10
2997,DPP10-AS3
2998,DPP10-AS2
2999,DPP10-AS1
3000,AC009312.1
3001,DDX18
3002,CCDC93
3003,INSIG2
3004,AC093901.1
3005,EN1
3006,MARCO
3007,C1QL2
3008,STEAP3
3009,STEAP3-AS1
3010,C2orf76
3011,DBI
3012,TMEM37
3013,SCTR
3014,CFAP221
3015,TMEM177
3016,PTPN4
3017,EPB41L5
3018,TMEM185B
3019,RALB
3020,AC012363.2
3021,INHBB
3022,AC073257.2
3023,AC073257.1
3024,AC018866.1
3025,GLI2
3026,AC067960.1
3027,TFCP2L1
3028,CLASP1
3029,NIFK-AS1
3030,NIFK
3031,TSN
3032,AC062020.1
3033,AC073409.1
3034,AC079154.1
3035,CNTNAP5
3036,AC023347.1
3037,GYPC
3038,BIN1
3039,CYP27C1
3040,ERCC3
3041,MAP3K2
3042,PROC
3043,IWS1
3044,AC010976.2
3045,MYO7B
3046,LIMS2
3047,GPR17
3048,WDR33
3049,SFT2D3
3050,POLR2D
3051,AMMECR1L
3052,SAP130
3053,UGGT1
3054,HS6ST1
3055,AC012451.1
3056,AC068483.1
3057,RAB6C
3058,POTEF
3059,CCDC74B
3060,SMPD4
3061,MZT2B
3062,TUBA3E
3063,CCDC115
3064,IMP4
3065,PTPN18
3066,POTEI
3067,CFC1B
3068,CFC1
3069,POTEJ
3070,GPR148
3071,AMER3
3072,AC133785.1
3073,ARHGEF4
3074,FAM168B
3075,PLEKHB2
3076,POTEE
3077,LINC01120
3078,MZT2A
3079,TUBA3D
3080,CCDC74A
3081,LINC01087
3082,C2orf27B
3083,AJ239322.1
3084,ANKRD30BL
3085,AC097532.2
3086,GPR39
3087,LYPD1
3088,NCKAP5
3089,AC010890.1
3090,AC011243.1
3091,MGAT5
3092,TMEM163
3093,CCNT2-AS1
3094,ACMSD
3095,CCNT2
3096,MAP3K19
3097,RAB3GAP1
3098,ZRANB3
3099,R3HDM1
3100,UBXN4
3101,LCT
3102,MCM6
3103,DARS
3104,DARS-AS1
3105,AC068492.1
3106,CXCR4
3107,THSD7B
3108,HNMT
3109,AC114763.1
3110,SPOPL
3111,AC092620.3
3112,NXPH2
3113,AC062021.1
3114,AC016710.1
3115,AC078851.1
3116,LRP1B
3117,KYNU
3118,ARHGAP15
3119,AC096558.1
3120,AC092652.1
3121,AC079584.2
3122,AC016910.1
3123,GTDC1
3124,ZEB2
3125,ZEB2-AS1
3126,LINC01412
3127,TEX41
3128,AC023128.1
3129,AC092484.1
3130,AC079163.1
3131,AC062031.1
3132,AC062032.1
3133,ACVR2A
3134,ORC4
3135,MBD5
3136,EPC2
3137,KIF5C
3138,LYPD6B
3139,LYPD6
3140,MMADHC
3141,AC007364.1
3142,RND3
3143,AC104777.2
3144,AC104777.3
3145,AC104777.1
3146,AC023469.2
3147,AC023469.1
3148,RBM43
3149,NMI
3150,TNFAIP6
3151,RIF1
3152,NEB
3153,ARL5A
3154,CACNB4
3155,STAM2
3156,FMNL2
3157,PRPF40A
3158,ARL6IP6
3159,RPRM
3160,GALNT13
3161,AC009227.2
3162,KCNJ3
3163,AC092625.1
3164,NR4A2
3165,GPD2
3166,GALNT5
3167,ERMN
3168,CYTIP
3169,ACVR1C
3170,AC019186.1
3171,ACVR1
3172,UPP2
3173,CCDC148-AS1
3174,CCDC148
3175,PKP4
3176,DAPL1
3177,TANC1
3178,WDSUB1
3179,BAZ2B
3180,AC008277.1
3181,AC009506.1
3182,MARCH7
3183,CD302
3184,LY75-CD302
3185,LY75
3186,PLA2R1
3187,ITGB6
3188,RBMS1
3189,AC009313.1
3190,TANK
3191,AC009299.3
3192,PSMD14
3193,TBR1
3194,SLC4A10
3195,DPP4
3196,AC008063.2
3197,GCG
3198,FAP
3199,IFIH1
3200,GCA
3201,KCNH7
3202,FIGN
3203,GRB14
3204,COBLL1
3205,SLC38A11
3206,SCN3A
3207,SCN2A
3208,CSRNP3
3209,GALNT3
3210,AC009495.2
3211,AC009495.3
3212,TTC21B
3213,SCN1A
3214,SCN9A
3215,SCN7A
3216,XIRP2
3217,XIRP2-AS1
3218,B3GALT1
3219,STK39
3220,CERS6
3221,NOSTRIN
3222,SPC25
3223,G6PC2
3224,ABCB11
3225,DHRS9
3226,LRP2
3227,BBS5
3228,KLHL41
3229,FASTKD1
3230,PPIG
3231,CCDC173
3232,PHOSPHO2
3233,KLHL23
3234,SSB
3235,METTL5
3236,UBR3
3237,MYO3B
3238,AC012594.1
3239,LINC01124
3240,SP5
3241,ERICH2
3242,GAD1
3243,GORASP2
3244,TLK1
3245,METTL8
3246,DCAF17
3247,CYBRD1
3248,DYNC1I2
3249,SLC25A12
3250,HAT1
3251,METAP1D
3252,DLX1
3253,DLX2
3254,AC104088.1
3255,ITGA6
3256,AC078883.3
3257,PDK1
3258,RAPGEF4-AS1
3259,RAPGEF4
3260,CDCA7
3261,SP3
3262,OLA1
3263,LINC01305
3264,SP9
3265,CIR1
3266,SCRN3
3267,GPR155
3268,AC010894.3
3269,WIPF1
3270,CHRNA1
3271,CHN1
3272,ATF2
3273,AC016751.2
3274,EVX2
3275,HOXD13
3276,HOXD12
3277,HOXD11
3278,HOXD10
3279,HOXD-AS2
3280,HOXD9
3281,HOXD8
3282,HOXD3
3283,HOXD4
3284,HAGLR
3285,HAGLROS
3286,HOXD1
3287,MTX2
3288,AC017048.1
3289,AC017048.2
3290,LINC01116
3291,LINC01117
3292,AC073636.1
3293,HNRNPA3
3294,NFE2L2
3295,AGPS
3296,TTC30B
3297,TTC30A
3298,PDE11A
3299,AC012499.1
3300,RBM45
3301,OSBPL6
3302,PRKRA
3303,FKBP7
3304,PLEKHA3
3305,TTN-AS1
3306,TTN
3307,CCDC141
3308,SESTD1
3309,AC093911.1
3310,ZNF385B
3311,CWC22
3312,AC009478.1
3313,SCHLAP1
3314,UBE2E3
3315,AC068196.1
3316,AC020595.1
3317,ITGA4
3318,CERKL
3319,NEUROD1
3320,SSFA2
3321,PPP1R1C
3322,PDE1A
3323,DNAJC10
3324,FRZB
3325,NCKAP1
3326,DUSP19
3327,NUP35
3328,AC093639.1
3329,ZNF804A
3330,AC007966.1
3331,FSIP2
3332,FSIP2-AS1
3333,LINC01473
3334,ZC3H15
3335,ITGAV
3336,FAM171B
3337,ZSWIM2
3338,AC007319.1
3339,CALCRL
3340,TFPI
3341,LINC01090
3342,GULP1
3343,DIRC1
3344,COL3A1
3345,COL5A2
3346,WDR75
3347,SLC40A1
3348,ASNSD1
3349,ANKAR
3350,OSGEPL1
3351,OSGEPL1-AS1
3352,ORMDL1
3353,PMS1
3354,C2orf88
3355,MSTN
3356,HIBCH
3357,INPP1
3358,MFSD6
3359,NEMP2
3360,NAB1
3361,GLS
3362,STAT1
3363,AC067945.2
3364,STAT4
3365,MYO1B
3366,NABP1
3367,AC098617.1
3368,TMEFF2
3369,AC013401.1
3370,PCGEM1
3371,AC010983.1
3372,AC064834.1
3373,SLC39A10
3374,DNAH7
3375,STK17B
3376,HECW2
3377,CCDC150
3378,GTF3C3
3379,C2orf66
3380,PGAP1
3381,ANKRD44
3382,SF3B1
3383,COQ10B
3384,HSPD1
3385,HSPE1
3386,HSPE1-MOB4
3387,MOB4
3388,RFTN2
3389,AC011997.1
3390,MARS2
3391,BOLL
3392,PLCL1
3393,AC019330.1
3394,SATB2
3395,SATB2-AS1
3396,FTCDNL1
3397,C2orf69
3398,TYW5
3399,SPATS2L
3400,KCTD18
3401,AOX1
3402,BZW1
3403,CLK1
3404,PPIL3
3405,NIF3L1
3406,ORC2
3407,FAM126B
3408,NDUFB3
3409,CFLAR
3410,CFLAR-AS1
3411,CASP10
3412,CASP8
3413,ALS2CR12
3414,TRAK2
3415,STRADB
3416,TMEM237
3417,MPP4
3418,ALS2
3419,CDK15
3420,FZD7
3421,KIAA2012
3422,AC079354.3
3423,SUMO1
3424,NOP58
3425,BMPR2
3426,FAM117B
3427,ICA1L
3428,WDR12
3429,CARF
3430,NBEAL1
3431,CYP20A1
3432,ABI2
3433,RAPH1
3434,CD28
3435,CTLA4
3436,ICOS
3437,AC009498.1
3438,AC016903.1
3439,AC016903.2
3440,PARD3B
3441,NRP2
3442,INO80D
3443,AC007383.3
3444,NDUFS1
3445,EEF1B2
3446,GPR1
3447,ZDBF2
3448,ADAM23
3449,AC010731.2
3450,AC010731.3
3451,DYTN
3452,MDH1B
3453,FASTKD2
3454,AC008269.2
3455,CPO
3456,KLF7
3457,AC007879.1
3458,AC007879.2
3459,AC007879.4
3460,AC007879.3
3461,CREB1
3462,METTL21A
3463,CCNYL1
3464,FZD5
3465,PLEKHM3
3466,CRYGD
3467,CRYGC
3468,CRYGB
3469,CRYGA
3470,C2orf80
3471,IDH1
3472,IDH1-AS1
3473,PIKFYVE
3474,PTH2R
3475,MAP2
3476,UNC80
3477,RPE
3478,KANSL1L
3479,ACADL
3480,MYL1
3481,LANCL1-AS1
3482,LANCL1
3483,CPS1
3484,ERBB4
3485,AC108066.1
3486,IKZF2
3487,AC079610.2
3488,SPAG16
3489,VWC2L
3490,BARD1
3491,AC072062.1
3492,ABCA12
3493,ATIC
3494,FN1
3495,AC012462.1
3496,AC012462.2
3497,AC012462.3
3498,AC012668.1
3499,AC012668.2
3500,AC012668.3
3501,LINC00607
3502,LINC01614
3503,AC093382.1
3504,MREG
3505,PECR
3506,TMEM169
3507,XRCC5
3508,MARCH4
3509,AC069155.1
3510,AC098820.2
3511,SMARCAL1
3512,RPL37A
3513,LINC01280
3514,IGFBP2
3515,IGFBP5
3516,AC007557.4
3517,TNP1
3518,AC007557.2
3519,AC007557.3
3520,AC007563.1
3521,AC007557.1
3522,DIRC3-AS1
3523,DIRC3
3524,TNS1
3525,RUFY4
3526,CXCR2
3527,CXCR1
3528,ARPC2
3529,GPBAR1
3530,AAMP
3531,PNKD
3532,TMBIM1
3533,CATIP-AS2
3534,CATIP
3535,SLC11A1
3536,CTDSP1
3537,VIL1
3538,USP37
3539,PLCD4
3540,ZNF142
3541,BCS1L
3542,RNF25
3543,STK36
3544,TTLL4
3545,CYP27A1
3546,PRKAG3
3547,WNT6
3548,WNT10A
3549,LINC01494
3550,CDK5R2
3551,LINC00608
3552,FEV
3553,CRYBA2
3554,CFAP65
3555,IHH
3556,NHEJ1
3557,SLC23A3
3558,CNPPD1
3559,ZFAND2B
3560,ABCB6
3561,ATG9A
3562,ANKZF1
3563,GLB1L
3564,STK16
3565,TUBA4A
3566,TUBA4B
3567,DNAJB2
3568,PTPRN
3569,RESP18
3570,DNPEP
3571,AC053503.4
3572,DES
3573,SPEG
3574,GMPPA
3575,ASIC4
3576,CHPF
3577,TMEM198
3578,OBSL1
3579,INHA
3580,STK11IP
3581,SLC4A3
3582,AC067956.1
3583,AC093843.1
3584,EPHA4
3585,AC068489.1
3586,PAX3
3587,CCDC140
3588,SGPP2
3589,FARSB
3590,MOGAT1
3591,ACSL3
3592,KCNE4
3593,AC013448.1
3594,AC013448.2
3595,SCG2
3596,AP1S3
3597,WDFY1
3598,MRPL44
3599,SERPINE2
3600,FAM124B
3601,CUL3
3602,DOCK10
3603,NYAP2
3604,IRS1
3605,RHBDD1
3606,COL4A4
3607,COL4A3
3608,MFF
3609,TM4SF20
3610,AGFG1
3611,C2orf83
3612,SLC19A3
3613,CCL20
3614,DAW1
3615,SPHKAP
3616,PID1
3617,DNER
3618,TRIP12
3619,FBXO36
3620,SLC16A14
3621,SP110
3622,AC009950.1
3623,SP140
3624,SP140L
3625,SP100
3626,CAB39
3627,ITM2C
3628,GPR55
3629,AC012507.4
3630,SPATA3-AS1
3631,SPATA3
3632,C2orf72
3633,PSMD1
3634,HTR2B
3635,ARMC9
3636,B3GNT7
3637,NCL
3638,LINC00471
3639,NMUR1
3640,PTMA
3641,PDE6D
3642,COPS7B
3643,NPPC
3644,DIS3L2
3645,ALPP
3646,ALPI
3647,ECEL1
3648,PRSS56
3649,CHRND
3650,CHRNG
3651,TIGD1
3652,EIF4E2
3653,AC073254.1
3654,EFHD1
3655,GIGYF2
3656,KCNJ13
3657,NGEF
3658,NEU2
3659,INPP5D
3660,ATG16L1
3661,SAG
3662,DGKD
3663,USP40
3664,UGT1A8
3665,UGT1A10
3666,UGT1A9
3667,UGT1A7
3668,UGT1A6
3669,UGT1A5
3670,UGT1A4
3671,UGT1A3
3672,UGT1A1
3673,MROH2A
3674,HJURP
3675,TRPM8
3676,SPP2
3677,ARL4C
3678,LINC01173
3679,SH3BP4
3680,AC114814.3
3681,AGAP1
3682,AC064874.1
3683,GBX2
3684,ASB18
3685,IQCA1
3686,IQCA1-AS1
3687,ACKR3
3688,AC105760.2
3689,COPS8
3690,AC107079.1
3691,COL6A3
3692,AC112721.1
3693,AC112721.2
3694,MLPH
3695,PRLH
3696,RAB17
3697,LRRFIP1
3698,RBM44
3699,RAMP1
3700,UBE2F
3701,UBE2F-SCLY
3702,SCLY
3703,ESPNL
3704,KLHL30
3705,ILKAP
3706,HES6
3707,PER2
3708,AC012485.2
3709,TRAF3IP1
3710,ASB1
3711,LINC01107
3712,TWIST2
3713,HDAC4
3714,AC062017.1
3715,AC079612.1
3716,AC079612.2
3717,AC093802.1
3718,NDUFA10
3719,OR6B2
3720,OR6B3
3721,OTOS
3722,AC124861.1
3723,GPC1
3724,ANKMY1
3725,DUSP28
3726,RNPEPL1
3727,CAPN10
3728,GPR35
3729,AQP12B
3730,AQP12A
3731,KIF1A
3732,AGXT
3733,C2orf54
3734,CROCC2
3735,SNED1
3736,MTERF4
3737,PASK
3738,PPP1R7
3739,ANO7
3740,HDLBP
3741,SEPT2
3742,FARP2
3743,STK25
3744,BOK-AS1
3745,BOK
3746,THAP4
3747,ATG4B
3748,DTYMK
3749,ING5
3750,D2HGDH
3751,GAL3ST2
3752,AC114730.3
3753,NEU4
3754,AC114730.2
3755,PDCD1
3756,RTP5
3757,AC131097.4
3758,CHL1
3759,CHL1-AS1
3760,LINC01266
3761,AC087430.1
3762,CNTN6
3763,CNTN4
3764,CNTN4-AS2
3765,CNTN4-AS1
3766,IL5RA
3767,TRNT1
3768,AC024060.1
3769,CRBN
3770,SUMF1
3771,LRRN1
3772,SETMAR
3773,ITPR1
3774,EGOT
3775,BHLHE40-AS1
3776,BHLHE40
3777,ARL8B
3778,AC026202.3
3779,EDEM1
3780,AC026167.1
3781,GRM7-AS3
3782,GRM7
3783,GRM7-AS2
3784,GRM7-AS1
3785,LMCD1-AS1
3786,AC018832.1
3787,AC023481.1
3788,LMCD1
3789,SSUH2
3790,CAV3
3791,OXTR
3792,RAD18
3793,SRGAP3
3794,SRGAP3-AS1
3795,SRGAP3-AS2
3796,SRGAP3-AS3
3797,SRGAP3-AS4
3798,THUMPD3-AS1
3799,THUMPD3
3800,SETD5
3801,LHFPL4
3802,MTMR14
3803,CPNE9
3804,BRPF1
3805,OGG1
3806,CAMK1
3807,TADA3
3808,ARPC4
3809,ARPC4-TTLL3
3810,TTLL3
3811,RPUSD3
3812,CIDEC
3813,JAGN1
3814,IL17RE
3815,IL17RC
3816,CRELD1
3817,PRRT3
3818,PRRT3-AS1
3819,EMC3
3820,FANCD2
3821,FANCD2OS
3822,BRK1
3823,VHL
3824,IRAK2
3825,TATDN2
3826,LINC00852
3827,GHRL
3828,GHRLOS
3829,SEC13
3830,ATP2B2
3831,LINC00606
3832,SLC6A11
3833,SLC6A1
3834,SLC6A1-AS1
3835,HRH1
3836,ATG7
3837,VGLL4
3838,TAMM41
3839,SYN2
3840,TIMP4
3841,PPARG
3842,TSEN2
3843,MKRN2OS
3844,MKRN2
3845,RAF1
3846,TMEM40
3847,CAND2
3848,RPL32
3849,IQSEC1
3850,NUP210
3851,HDAC11-AS1
3852,HDAC11
3853,FBLN2
3854,LINC00620
3855,WNT7A
3856,CHCHD4
3857,TMEM43
3858,XPC
3859,LSM3
3860,LINC01267
3861,SLC6A6
3862,GRIP2
3863,CCDC174
3864,C3orf20
3865,FGD5
3866,FGD5-AS1
3867,NR2C2
3868,MRPS25
3869,RBSN
3870,CAPN7
3871,SH3BP5-AS1
3872,SH3BP5
3873,METTL6
3874,EAF1
3875,EAF1-AS1
3876,COLQ
3877,HACL1
3878,BTD
3879,ANKRD28
3880,GALNT15
3881,DPH3
3882,OXNAD1
3883,RFTN1
3884,LINC00690
3885,DAZL
3886,PLCL2
3887,PLCL2-AS1
3888,TBC1D5
3889,AC132807.1
3890,SATB1
3891,KCNH8
3892,EFHB
3893,RAB5A
3894,PP2D1
3895,KAT2B
3896,ZNF385D
3897,ZNF385D-AS1
3898,ZNF385D-AS2
3899,UBE2E2-AS1
3900,UBE2E2
3901,UBE2E1-AS1
3902,UBE2E1
3903,NKIRAS1
3904,RPL15
3905,NR1D2
3906,LINC00691
3907,THRB
3908,RARB
3909,TOP2B
3910,NGLY1
3911,OXSM
3912,AC099754.1
3913,LRRC3B
3914,NEK10
3915,SLC4A7
3916,EOMES
3917,CMC1
3918,AZI2
3919,ZCWPW2
3920,RBMS3-AS3
3921,RBMS3
3922,RBMS3-AS2
3923,RBMS3-AS1
3924,AC116035.1
3925,TGFBR2
3926,GADL1
3927,STT3B
3928,OSBPL10
3929,OSBPL10-AS1
3930,ZNF860
3931,GPD1L
3932,CMTM8
3933,CMTM7
3934,CMTM6
3935,DYNC1LI1
3936,CNOT10
3937,CNOT10-AS1
3938,TRIM71
3939,CCR4
3940,GLB1
3941,TMPPE
3942,CRTAP
3943,SUSD5
3944,FBXL2
3945,UBP1
3946,CLASP2
3947,PDCD6IP
3948,AC018359.1
3949,AC123023.1
3950,ARPP21
3951,ARPP21-AS1
3952,STAC
3953,DCLK3
3954,TRANK1
3955,EPM2AIP1
3956,MLH1
3957,LRRFIP2
3958,GOLGA4
3959,ITGA9
3960,CTDSPL
3961,VILL
3962,PLCD1
3963,DLEC1
3964,ACAA1
3965,MYD88
3966,OXSR1
3967,SLC22A13
3968,SLC22A14
3969,XYLB
3970,ACVR2B-AS1
3971,ACVR2B
3972,EXOG
3973,SCN5A
3974,SCN10A
3975,SCN11A
3976,WDR48
3977,GORASP1
3978,TTC21A
3979,CSRNP1
3980,XIRP1
3981,CX3CR1
3982,CCR8
3983,SLC25A38
3984,RPSA
3985,MOBP
3986,MYRIP
3987,EIF1B
3988,ENTPD3-AS1
3989,ENTPD3
3990,RPL14
3991,ZNF619
3992,ZNF620
3993,ZNF621
3994,CTNNB1
3995,ULK4
3996,TRAK1
3997,CCK
3998,LYZL4
3999,VIPR1
4000,VIPR1-AS1
4001,SEC22C
4002,SS18L2
4003,NKTR
4004,ZBTB47
4005,KLHL40
4006,CCDC13
4007,HHATL
4008,HHATL-AS1
4009,CCDC13-AS1
4010,HIGD1A
4011,ACKR2
4012,KRBOX1
4013,CYP8B1
4014,ZNF662
4015,KRBOX1-AS1
4016,FAM198A
4017,POMGNT2
4018,SNRK
4019,SNRK-AS1
4020,ANO10
4021,ABHD5
4022,TOPAZ1
4023,TCAIM
4024,ZNF445
4025,ZNF852
4026,ZKSCAN7
4027,ZNF660
4028,ZNF197
4029,ZNF197-AS1
4030,ZNF35
4031,ZNF502
4032,ZNF501
4033,KIAA1143
4034,KIF15
4035,TMEM42
4036,TGM4
4037,ZDHHC3
4038,EXOSC7
4039,CLEC3B
4040,CDCP1
4041,TMEM158
4042,LARS2
4043,LARS2-AS1
4044,LIMD1
4045,SACM1L
4046,SLC6A20
4047,LZTFL1
4048,CCR9
4049,FYCO1
4050,CXCR6
4051,XCR1
4052,CCR3
4053,CCR1
4054,CCR2
4055,CCR5
4056,CCRL2
4057,LTF
4058,RTP3
4059,LRRC2
4060,LRRC2-AS1
4061,TDGF1
4062,ALS2CL
4063,TMIE
4064,PRSS50
4065,PRSS45
4066,PRSS42
4067,MYL3
4068,PTH1R
4069,CCDC12
4070,NBEAL2
4071,SETD2
4072,KIF9-AS1
4073,KIF9
4074,KLHL18
4075,PTPN23
4076,SCAP
4077,ELP6
4078,CSPG5
4079,SMARCC1
4080,DHX30
4081,MAP4
4082,CDC25A
4083,CAMP
4084,ZNF589
4085,NME6
4086,SPINK8
4087,FBXW12
4088,PLXNB1
4089,CCDC51
4090,TMA7
4091,ATRIP
4092,TREX1
4093,SHISA5
4094,PFKFB4
4095,UCN2
4096,COL7A1
4097,UQCRC1
4098,TMEM89
4099,SLC26A6
4100,CELSR3
4101,NCKIPSD
4102,IP6K2
4103,PRKAR2A
4104,PRKAR2A-AS1
4105,SLC25A20
4106,ARIH2OS
4107,ARIH2
4108,P4HTM
4109,WDR6
4110,DALRD3
4111,NDUFAF3
4112,IMPDH2
4113,QRICH1
4114,QARS
4115,USP19
4116,LAMB2
4117,CCDC71
4118,KLHDC8B
4119,C3orf84
4120,CCDC36
4121,C3orf62
4122,USP4
4123,RHOA
4124,TCTA
4125,AMT
4126,NICN1
4127,DAG1
4128,BSN
4129,BSN-AS1
4130,APEH
4131,MST1
4132,RNF123
4133,AMIGO3
4134,GMPPB
4135,IP6K1
4136,CDHR4
4137,UBA7
4138,TRAIP
4139,CAMKV
4140,MST1R
4141,MON1A
4142,RBM6
4143,RBM5
4144,RBM5-AS1
4145,SEMA3F-AS1
4146,SEMA3F
4147,GNAT1
4148,SLC38A3
4149,GNAI2
4150,SEMA3B-AS1
4151,SEMA3B
4152,LSMEM2
4153,IFRD2
4154,HYAL3
4155,HYAL1
4156,HYAL2
4157,TUSC2
4158,RASSF1
4159,RASSF1-AS1
4160,ZMYND10-AS1
4161,ZMYND10
4162,NPRL2
4163,CYB561D2
4164,TMEM115
4165,CACNA2D2
4166,CYB561D2-1
4167,C3orf18
4168,HEMK1
4169,CISH
4170,MAPKAPK3
4171,DOCK3
4172,MANF
4173,RBM15B
4174,RAD54L2
4175,TEX264
4176,GRM2
4177,IQCF6
4178,IQCF3
4179,IQCF2
4180,IQCF5-AS1
4181,IQCF5
4182,IQCF1
4183,RRP9
4184,PARP3
4185,GPR62
4186,PCBP4
4187,ABHD14B
4188,ABHD14A
4189,ABHD14A-ACY1
4190,ACY1
4191,RPL29
4192,DUSP7
4193,POC1A
4194,ALAS1
4195,TLR9
4196,TWF2
4197,PPM1M
4198,WDR82
4199,GLYCTK
4200,DNAH1
4201,BAP1
4202,PHF7
4203,SEMA3G
4204,TNNC1
4205,NISCH
4206,STAB1
4207,NT5DC2
4208,SMIM4
4209,PBRM1
4210,GNL3
4211,GLT8D1
4212,SPCS1
4213,NEK4
4214,ITIH1
4215,ITIH3
4216,ITIH4
4217,ITIH4-AS1
4218,MUSTN1
4219,TMEM110-MUSTN1
4220,SFMBT1
4221,RFT1
4222,PRKCD
4223,TKT
4224,DCP1A
4225,CACNA1D
4226,CHDH
4227,IL17RB
4228,ACTR8
4229,CACNA2D3
4230,CACNA2D3-AS1
4231,LRTM1
4232,WNT5A
4233,WNT5A-AS1
4234,ERC2
4235,CCDC66
4236,FAM208A
4237,ARHGEF3
4238,ARHGEF3-AS1
4239,SPATA12
4240,IL17RD
4241,HESX1
4242,APPL1
4243,ASB14
4244,DNAH12
4245,PDE12
4246,ARF4
4247,ARF4-AS1
4248,DENND6A
4249,DENND6A-AS1
4250,SLMAP
4251,FLNB
4252,FLNB-AS1
4253,DNASE1L3
4254,ABHD6
4255,RPP14
4256,PXK
4257,PDHB
4258,KCTD6
4259,ACOX2
4260,FAM107A
4261,FAM3D-AS1
4262,FAM3D
4263,C3orf67
4264,C3orf67-AS1
4265,FHIT
4266,PTPRG
4267,C3orf14
4268,FEZF2
4269,CADPS
4270,LINC00698
4271,SYNPR
4272,SYNPR-AS1
4273,SNTN
4274,C3orf49
4275,THOC7
4276,THOC7-AS1
4277,ATXN7
4278,SCAANT1
4279,PSMD6-AS2
4280,PSMD6
4281,PRICKLE2-AS1
4282,LINC00994
4283,PRICKLE2
4284,PRICKLE2-AS2
4285,PRICKLE2-AS3
4286,ADAMTS9
4287,ADAMTS9-AS1
4288,ADAMTS9-AS2
4289,MAGI1
4290,MAGI1-AS1
4291,SLC25A26
4292,LRIG1
4293,KBTBD8
4294,SUCLG2
4295,SUCLG2-AS1
4296,FAM19A1
4297,FAM19A4
4298,EOGT
4299,TMF1
4300,UBA3
4301,ARL6IP5
4302,LMOD3
4303,FRMD4B
4304,MITF
4305,FOXP1
4306,FOXP1-AS1
4307,EIF4E3
4308,GPR27
4309,PROK2
4310,LINC00877
4311,LINC00870
4312,RYBP
4313,SHQ1
4314,GXYLT2
4315,PPP4R2
4316,EBLN2
4317,PDZRN3
4318,PDZRN3-AS1
4319,CNTN3
4320,FRG2C
4321,LINC00960
4322,ZNF717
4323,ROBO2
4324,ROBO1
4325,GBE1
4326,LINC00971
4327,CADM2
4328,CADM2-AS2
4329,CADM2-AS1
4330,VGLL3
4331,CHMP2B
4332,POU1F1
4333,HTR1F
4334,CGGBP1
4335,ZNF654
4336,C3orf38
4337,EPHA3
4338,PROS1
4339,ARL13B
4340,STX19
4341,NSUN3
4342,LINC00879
4343,MTRNR2L12
4344,EPHA6
4345,ARL6
4346,CRYBG3
4347,GABRR3
4348,OR5AC2
4349,OR5H1
4350,OR5H14
4351,OR5H15
4352,OR5H6
4353,OR5H2
4354,OR5K4
4355,OR5K3
4356,OR5K1
4357,OR5K2
4358,CLDND1
4359,CPOX
4360,GPR15
4361,ST3GAL6-AS1
4362,ST3GAL6
4363,DCBLD2
4364,LINC00973
4365,COL8A1
4366,CMSS1
4367,FILIP1L
4368,TBC1D23
4369,NIT2
4370,LNP1
4371,TMEM45A
4372,ADGRG7
4373,TFG
4374,ABI3BP
4375,IMPG2
4376,SENP7
4377,TRMT10C
4378,PCNP
4379,ZBTB11
4380,ZBTB11-AS1
4381,RPL24
4382,CEP97
4383,NXPE3
4384,NFKBIZ
4385,ZPLD1
4386,ALCAM
4387,CBLB
4388,LINC00882
4389,DUBR
4390,CCDC54
4391,BBX
4392,LINC00635
4393,LINC00636
4394,CD47
4395,LINC01215
4396,IFT57
4397,HHLA2
4398,MYH15
4399,DZIP3
4400,RETNLB
4401,TRAT1
4402,GUCA1C
4403,MORC1
4404,MORC1-AS1
4405,LINC00488
4406,DPPA2
4407,DPPA4
4408,LINC01205
4409,CD96
4410,ZBED2
4411,PLCXD2
4412,PLCXD2-AS1
4413,PHLDB2
4414,ABHD10
4415,TAGLN3
4416,TMPRSS7
4417,C3orf52
4418,GCSAM
4419,SLC9C1
4420,CD200
4421,BTLA
4422,ATG3
4423,SLC35A5
4424,CCDC80
4425,CD200R1L
4426,CD200R1
4427,GTPBP8
4428,BOC
4429,CFAP44
4430,CFAP44-AS1
4431,SPICE1
4432,SIDT1
4433,SIDT1-AS1
4434,USF3
4435,NAA50
4436,ATP6V1A
4437,GRAMD1C
4438,ZDHHC23
4439,CCDC191
4440,DRD3
4441,ZNF80
4442,TIGIT
4443,ZBTB20
4444,ZBTB20-AS1
4445,ZBTB20-AS2
4446,ZBTB20-AS3
4447,ZBTB20-AS4
4448,GAP43
4449,LSAMP
4450,LSAMP-AS1
4451,LINC00903
4452,TUSC7
4453,LINC00901
4454,IGSF11
4455,IGSF11-AS1
4456,C3orf30
4457,UPK1B
4458,B4GALT4
4459,B4GALT4-AS1
4460,ARHGAP31
4461,ARHGAP31-AS1
4462,TMEM39A
4463,POGLUT1
4464,TIMMDC1
4465,CD80
4466,ADPRH
4467,PLA1A
4468,POPDC2
4469,COX17
4470,MAATS1
4471,NR1I2
4472,GSK3B
4473,GPR156
4474,LRRC58
4475,FSTL1
4476,NDUFB4
4477,HGD
4478,RABL3
4479,GTF2E1
4480,STXBP5L
4481,POLQ
4482,ARGFX
4483,FBXO40
4484,HCLS1
4485,GOLGB1
4486,IQCB1
4487,EAF2
4488,SLC15A2
4489,ILDR1
4490,CD86
4491,CASR
4492,CSTA
4493,CCDC58
4494,FAM162A
4495,WDR5B
4496,KPNA1
4497,PARP9
4498,DTX3L
4499,PARP15
4500,PARP14
4501,HSPBAP1
4502,DIRC2
4503,SEMA5B
4504,PDIA5
4505,SEC22A
4506,ADCY5
4507,HACD2
4508,MYLK-AS1
4509,MYLK
4510,MYLK-AS2
4511,CCDC14
4512,ROPN1
4513,KALRN
4514,UMPS
4515,ITGB5
4516,ITGB5-AS1
4517,MUC13
4518,HEG1
4519,SLC12A8
4520,ZNF148
4521,SNX4
4522,OSBPL11
4523,ALG1L
4524,ROPN1B
4525,SLC41A3
4526,ALDH1L1
4527,ALDH1L1-AS1
4528,ALDH1L1-AS2
4529,KLF15
4530,CFAP100
4531,ZXDC
4532,UROC1
4533,CHST13
4534,C3orf22
4535,TXNRD3
4536,TXNRD3NB
4537,CHCHD6
4538,PLXNA1
4539,C3orf56
4540,LINC01471
4541,TPRA1
4542,MCM2
4543,PODXL2
4544,ABTB1
4545,MGLL
4546,KBTBD12
4547,SEC61A1
4548,RUVBL1
4549,RUVBL1-AS1
4550,EEFSEC
4551,DNAJB8
4552,DNAJB8-AS1
4553,GATA2
4554,GATA2-AS1
4555,LINC01565
4556,RPN1
4557,RAB7A
4558,ACAD9
4559,KIAA1257
4560,EFCC1
4561,GP9
4562,RAB43
4563,ISY1-RAB43
4564,ISY1
4565,CNBP
4566,COPG1
4567,HMCES
4568,H1FX
4569,H1FX-AS1
4570,EFCAB12
4571,MBD4
4572,IFT122
4573,RHO
4574,H1FOO
4575,PLXND1
4576,TMCC1
4577,TMCC1-AS1
4578,TRH
4579,ALG1L2
4580,COL6A5
4581,COL6A6
4582,PIK3R4
4583,ATP2C1
4584,ASTE1
4585,NEK11
4586,NUDT16
4587,MRPL3
4588,CPNE4
4589,ACPP
4590,DNAJC13
4591,ACAD11
4592,NPHP3-ACAD11
4593,ACKR4
4594,UBA5
4595,NPHP3
4596,NPHP3-AS1
4597,TMEM108
4598,TMEM108-AS1
4599,BFSP2
4600,BFSP2-AS1
4601,CDV3
4602,TOPBP1
4603,TF
4604,SRPRB
4605,RAB6B
4606,C3orf36
4607,SLCO2A1
4608,RYK
4609,AMOTL2
4610,ANAPC13
4611,CEP63
4612,EPHB1
4613,KY
4614,PPP2R3A
4615,MSL2
4616,PCCB
4617,STAG1
4618,SLC35G2
4619,NCK1
4620,IL20RB
4621,IL20RB-AS1
4622,SOX14
4623,LINC01210
4624,CLDN18
4625,DZIP1L
4626,A4GNT
4627,DBR1
4628,ARMC8
4629,NME9
4630,MRAS
4631,ESYT3
4632,CEP70
4633,FAIM
4634,PIK3CB
4635,LINC01391
4636,FOXL2
4637,FOXL2NB
4638,PRR23A
4639,MRPS22
4640,PRR23B
4641,PRR23C
4642,BPESC1
4643,PISRT1
4644,COPB2
4645,RBP2
4646,RBP1
4647,NMNAT3
4648,CLSTN2
4649,CLSTN2-AS1
4650,TRIM42
4651,SLC25A36
4652,SPSB4
4653,PXYLP1
4654,ZBTB38
4655,RASA2
4656,RNF7
4657,GRK7
4658,ATP1B3
4659,ATP1B3-AS1
4660,TFDP2
4661,GK5
4662,XRN1
4663,ATR
4664,PLS1
4665,PLS1-AS1
4666,TRPC1
4667,PCOLCE2
4668,PAQR9
4669,PAQR9-AS1
4670,U2SURP
4671,CHST2
4672,SLC9A9
4673,SLC9A9-AS1
4674,SLC9A9-AS2
4675,C3orf58
4676,PLOD2
4677,PLSCR4
4678,PLSCR2
4679,PLSCR1
4680,PLSCR5
4681,PLSCR5-AS1
4682,ZIC4
4683,ZIC4-AS1
4684,ZIC1
4685,AGTR1
4686,CPB1
4687,CPA3
4688,GYG1
4689,HLTF
4690,HLTF-AS1
4691,HPS3
4692,CP
4693,TM4SF18
4694,TM4SF1
4695,TM4SF1-AS1
4696,TM4SF4
4697,WWTR1
4698,WWTR1-AS1
4699,COMMD2
4700,ANKUB1
4701,RNF13
4702,PFN2
4703,LINC01213
4704,LINC01214
4705,TSC22D2
4706,SERP1
4707,EIF2A
4708,ERICH6
4709,ERICH6-AS1
4710,SIAH2
4711,SIAH2-AS1
4712,CLRN1-AS1
4713,CLRN1
4714,MED12L
4715,GPR171
4716,P2RY14
4717,GPR87
4718,P2RY13
4719,P2RY12
4720,IGSF10
4721,AADACL2
4722,AADACL2-AS1
4723,AADAC
4724,SUCNR1
4725,MBNL1
4726,MBNL1-AS1
4727,P2RY1
4728,RAP2B
4729,C3orf79
4730,ARHGEF26
4731,DHX36
4732,GPR149
4733,MME
4734,MME-AS1
4735,LINC01487
4736,PLCH1
4737,PLCH1-AS1
4738,PLCH1-AS2
4739,C3orf33
4740,SLC33A1
4741,GMPS
4742,KCNAB1
4743,KCNAB1-AS2
4744,KCNAB1-AS1
4745,SSR3
4746,TIPARP-AS1
4747,TIPARP
4748,LINC00886
4749,LEKR1
4750,LINC00880
4751,LINC00881
4752,CCNL1
4753,VEPH1
4754,PTX3
4755,PQLC2L
4756,SHOX2
4757,RSRC1
4758,MLF1
4759,GFM1
4760,LXN
4761,RARRES1
4762,MFSD1
4763,IQCJ-SCHIP1
4764,IQCJ
4765,IQCJ-SCHIP1-AS1
4766,SCHIP1
4767,IL12A-AS1
4768,IL12A
4769,LINC01100
4770,C3orf80
4771,IFT80
4772,SMC4
4773,TRIM59
4774,KPNA4
4775,ARL14
4776,PPM1L
4777,B3GALNT1
4778,NMD3
4779,SPTSSB
4780,OTOL1
4781,LINC01192
4782,LINC01323
4783,LINC01324
4784,SI
4785,SLITRK3
4786,LINC01322
4787,BCHE
4788,LINC01326
4789,ZBBX
4790,LINC01327
4791,SERPINI2
4792,WDR49
4793,PDCD10
4794,SERPINI1
4795,GOLIM4
4796,MECOM
4797,AC074033.1
4798,TERC
4799,ACTRT3
4800,MYNN
4801,LRRC34
4802,LRRIQ4
4803,LRRC31
4804,SAMD7
4805,SEC62
4806,SEC62-AS1
4807,GPR160
4808,PHC3
4809,PRKCI
4810,SKIL
4811,CLDN11
4812,SLC7A14
4813,RPL22L1
4814,EIF5A2
4815,SLC2A2
4816,TNIK
4817,PLD1
4818,TMEM212
4819,TMEM212-AS1
4820,FNDC3B
4821,GHSR
4822,TNFSF10
4823,NCEH1
4824,ECT2
4825,SPATA16
4826,NLGN1
4827,NLGN1-AS1
4828,NAALADL2
4829,NAALADL2-AS2
4830,NAALADL2-AS1
4831,LINC01208
4832,LINC01209
4833,TBL1XR1
4834,TBL1XR1-AS1
4835,LINC00501
4836,LINC00578
4837,KCNMB2
4838,KCNMB2-AS1
4839,ZMAT3
4840,PIK3CA
4841,KCNMB3
4842,ZNF639
4843,MFN1
4844,GNB4
4845,AC007620.3
4846,ACTL6A
4847,MRPL47
4848,NDUFB5
4849,USP13
4850,PEX5L
4851,PEX5L-AS1
4852,PEX5L-AS2
4853,TTC14
4854,CCDC39
4855,CCDC39-AS1
4856,FXR1
4857,DNAJC19
4858,SOX2
4859,LINC01206
4860,ATP11B
4861,DCUN1D1
4862,MCCC1
4863,MCCC1-AS1
4864,LAMP3
4865,MCF2L2
4866,B3GNT5
4867,KLHL6
4868,KLHL6-AS1
4869,KLHL24
4870,YEATS2
4871,YEATS2-AS1
4872,MAP6D1
4873,PARL
4874,ABCC5
4875,ABCC5-AS1
4876,HTR3D
4877,HTR3C
4878,HTR3E-AS1
4879,HTR3E
4880,EIF2B5
4881,DVL3
4882,AP2M1
4883,ABCF3
4884,VWA5B2
4885,ALG3
4886,ECE2
4887,CAMK2N2
4888,PSMD2
4889,EIF4G1
4890,FAM131A
4891,CLCN2
4892,POLR2H
4893,THPO
4894,CHRD
4895,EPHB3
4896,MAGEF1
4897,VPS8
4898,C3orf70
4899,EHHADH-AS1
4900,EHHADH
4901,MAP3K13
4902,TMEM41A
4903,LIPH
4904,SENP2
4905,IGF2BP2
4906,IGF2BP2-AS1
4907,TRA2B
4908,ETV5
4909,ETV5-AS1
4910,DGKG
4911,CRYGS
4912,TBCCD1
4913,DNAJB11
4914,AHSG
4915,FETUB
4916,HRG
4917,KNG1
4918,EIF4A2
4919,RFC4
4920,ADIPOQ
4921,ADIPOQ-AS1
4922,ST6GAL1
4923,RPL39L
4924,RTP1
4925,MASP1
4926,RTP4
4927,SST
4928,RTP2
4929,BCL6
4930,LPP-AS2
4931,LPP
4932,LPP-AS1
4933,TPRG1-AS1
4934,TPRG1
4935,TPRG1-AS2
4936,TP63
4937,P3H2
4938,P3H2-AS1
4939,CLDN1
4940,CLDN16
4941,TMEM207
4942,IL1RAP
4943,GMNC
4944,OSTN
4945,OSTN-AS1
4946,UTS2B
4947,CCDC50
4948,PYDC2
4949,FGF12
4950,FGF12-AS1
4951,FGF12-AS2
4952,FGF12-AS3
4953,MB21D2
4954,HRASLS
4955,ATP13A5
4956,ATP13A5-AS1
4957,ATP13A4
4958,ATP13A4-AS1
4959,OPA1
4960,OPA1-AS1
4961,HES1
4962,LINC00887
4963,CPN2
4964,LRRC15
4965,GP5
4966,ATP13A3
4967,LINC00884
4968,TMEM44-AS1
4969,TMEM44
4970,LSG1
4971,FAM43A
4972,AC106706.1
4973,XXYLT1
4974,XXYLT1-AS1
4975,XXYLT1-AS2
4976,ACAP2
4977,PPP1R2
4978,APOD
4979,MUC20
4980,MUC4
4981,TNK2
4982,TNK2-AS1
4983,TFRC
4984,LINC00885
4985,ZDHHC19
4986,SLC51A
4987,PCYT1A
4988,TCTEX1D2
4989,TM4SF19-TCTEX1D2
4990,TM4SF19-AS1
4991,TM4SF19
4992,UBXN7
4993,UBXN7-AS1
4994,RNF168
4995,SMCO1
4996,WDR53
4997,FBXO45
4998,LINC01063
4999,NRROS
5000,PIGX
5001,CEP19
5002,PAK2
5003,SENP5
5004,NCBP2
5005,NCBP2-AS1
5006,NCBP2-AS2
5007,PIGZ
5008,DLG1
5009,DLG1-AS1
5010,AC128709.3
5011,AC128709.2
5012,BDH1
5013,RUBCN
5014,FYTTD1
5015,LRCH3
5016,AC055764.1
5017,IQCG
5018,RPL35A
5019,LMLN
5020,LMLN-AS1
5021,ZNF595
5022,ZNF718
5023,ZNF732
5024,ZNF141
5025,ZNF721
5026,PIGG
5027,PDE6B
5028,MYL5
5029,PCGF3
5030,AC139887.4
5031,CPLX1
5032,GAK
5033,TMEM175
5034,DGKQ
5035,SLC26A1
5036,IDUA
5037,FGFRL1
5038,RNF212
5039,AC092535.3
5040,SPON2
5041,CTBP1-AS
5042,CTBP1
5043,MAEA
5044,UVSSA
5045,NKX1-1
5046,FAM53A
5047,SLBP
5048,TMEM129
5049,TACC3
5050,FGFR3
5051,LETM1
5052,NELFA
5053,C4orf48
5054,NAT8L
5055,POLN
5056,HAUS3
5057,MXD4
5058,ZFYVE28
5059,CFAP99
5060,RNF4
5061,FAM193A
5062,TNIP2
5063,SH3BP2
5064,ADD1
5065,MFSD10
5066,NOP14-AS1
5067,NOP14
5068,GRK4
5069,HTT-AS
5070,HTT
5071,MSANTD1
5072,RGS12
5073,HGFAC
5074,DOK7
5075,LRPAP1
5076,AC141928.1
5077,ADRA2C
5078,OTOP1
5079,TMEM128
5080,LYAR
5081,ZBTB49
5082,NSG1
5083,STX18
5084,STX18-AS1
5085,LINC01396
5086,MSX1
5087,CYTL1
5088,STK32B
5089,EVC2
5090,EVC
5091,CRMP1
5092,C4orf50
5093,JAKMIP1
5094,WFS1
5095,PPP2R2C
5096,MAN2B2
5097,MRFAP1
5098,S100P
5099,MRFAP1L1
5100,BLOC1S4
5101,KIAA0232
5102,TBC1D14
5103,CCDC96
5104,TADA2B
5105,GRPEL1
5106,SORCS2
5107,PSAPL1
5108,AFAP1-AS1
5109,AFAP1
5110,AC097381.1
5111,ABLIM2
5112,SH3TC1
5113,HTRA3
5114,ACOX3
5115,TRMT44
5116,GPR78
5117,CPZ
5118,HMX1
5119,FAM90A26
5120,USP17L10
5121,USP17L11
5122,USP17L12
5123,USP17L13
5124,USP17L15
5125,USP17L17
5126,USP17L18
5127,USP17L19
5128,USP17L20
5129,USP17L21
5130,USP17L22
5131,USP17L23
5132,USP17L24
5133,USP17L25
5134,USP17L26
5135,USP17L5
5136,USP17L27
5137,USP17L28
5138,USP17L29
5139,USP17L30
5140,SLC2A9
5141,DRD5
5142,WDR1
5143,ZNF518B
5144,CLNK
5145,HS3ST1
5146,RAB28
5147,LINC01097
5148,NKX3-2
5149,LINC01096
5150,BOD1L1
5151,LINC01182
5152,AC007126.1
5153,AC006296.1
5154,AC006296.2
5155,LINC00504
5156,CPEB2
5157,C1QTNF7
5158,CC2D2A
5159,FBXL5
5160,FAM200B
5161,BST1
5162,CD38
5163,FGFBP1
5164,FGFBP2
5165,PROM1
5166,TAPT1
5167,TAPT1-AS1
5168,LDB2
5169,QDPR
5170,CLRN2
5171,LAP3
5172,MED28
5173,FAM184B
5174,DCAF16
5175,NCAPG
5176,LCORL
5177,SLIT2
5178,PACRGL
5179,KCNIP4
5180,KCNIP4-IT1
5181,ADGRA3
5182,ERVH-1
5183,PPARGC1A
5184,DHX15
5185,SOD3
5186,CCDC149
5187,LGI2
5188,SEPSECS
5189,SEPSECS-AS1
5190,PI4K2B
5191,ZCCHC4
5192,ANAPC4
5193,SLC34A2
5194,SEL1L3
5195,SMIM20
5196,RBPJ
5197,CCKAR
5198,TBC1D19
5199,STIM2
5200,AC024132.1
5201,AC007106.1
5202,PCDH7
5203,ARAP2
5204,DTHD1
5205,NWD2
5206,C4orf19
5207,RELL1
5208,PGM2
5209,TBC1D1
5210,PTTG2
5211,LINC01258
5212,LINC01259
5213,KLF3
5214,TLR10
5215,TLR1
5216,TLR6
5217,FAM114A1
5218,TMEM156
5219,KLHL5
5220,WDR19
5221,RFC1
5222,KLB
5223,RPL9
5224,LIAS
5225,UGDH
5226,UGDH-AS1
5227,SMIM14
5228,UBE2K
5229,PDS5A
5230,N4BP2
5231,RHOH
5232,CHRNA9
5233,RBM47
5234,NSUN7
5235,APBB2
5236,UCHL1-AS1
5237,UCHL1
5238,LIMCH1
5239,PHOX2B
5240,LINC00682
5241,TMEM33
5242,DCAF4L1
5243,SLC30A9
5244,BEND4
5245,SHISA3
5246,ATP8A1
5247,GRXCR1
5248,KCTD8
5249,YIPF7
5250,GUF1
5251,GNPDA2
5252,GABRG1
5253,GABRA2
5254,COX7B2
5255,GABRA4
5256,GABRB1
5257,COMMD8
5258,ATP10D
5259,CORIN
5260,NFXL1
5261,NIPAL1
5262,CNGA1
5263,TXK
5264,TEC
5265,SLAIN2
5266,SLC10A4
5267,ZAR1
5268,FRYL
5269,OCIAD1
5270,OCIAD1-AS1
5271,OCIAD2
5272,CWH43
5273,DCUN1D4
5274,LRRC66
5275,SGCB
5276,SPATA18
5277,USP46
5278,USP46-AS1
5279,ERVMER34-1
5280,LINC01618
5281,RASL11B
5282,SCFD2
5283,FIP1L1
5284,LNX1
5285,LNX1-AS1
5286,CHIC2
5287,GSX2
5288,PDGFRA
5289,KIT
5290,KDR
5291,SRD5A3
5292,TMEM165
5293,CLOCK
5294,PDCL2
5295,NMU
5296,EXOC1
5297,CEP135
5298,KIAA1211
5299,AASDH
5300,PPAT
5301,PAICS
5302,SRP72
5303,ARL9
5304,THEGL
5305,HOPX
5306,SPINK2
5307,REST
5308,NOA1
5309,POLR2B
5310,IGFBP7
5311,IGFBP7-AS1
5312,ADGRL3
5313,ADGRL3-AS1
5314,TECRL
5315,EPHA5
5316,EPHA5-AS1
5317,CENPC
5318,STAP1
5319,UBA6
5320,UBA6-AS1
5321,GNRHR
5322,TMPRSS11D
5323,TMPRSS11A
5324,TMPRSS11F
5325,TMPRSS11B
5326,YTHDC1
5327,TMPRSS11E
5328,UGT2B17
5329,UGT2B15
5330,UGT2B10
5331,UGT2A3
5332,UGT2B11
5333,UGT2B7
5334,UGT2B28
5335,UGT2B4
5336,UGT2A1
5337,UGT2A2
5338,SULT1B1
5339,SULT1E1
5340,CSN1S1
5341,CSN2
5342,STATH
5343,HTN3
5344,HTN1
5345,PRR27
5346,ODAM
5347,FDCSP
5348,CSN3
5349,CABS1
5350,SMR3A
5351,SMR3B
5352,MUC7
5353,AMTN
5354,AMBN
5355,ENAM
5356,JCHAIN
5357,UTP3
5358,RUFY3
5359,GRSF1
5360,MOB1B
5361,DCK
5362,SLC4A4
5363,GC
5364,NPFFR2
5365,ADAMTS3
5366,COX18
5367,ANKRD17
5368,ALB
5369,AFP
5370,AFM
5371,RASSF6
5372,CXCL8
5373,CXCL6
5374,PF4V1
5375,CXCL1
5376,PF4
5377,PPBP
5378,CXCL5
5379,CXCL3
5380,CXCL2
5381,MTHFD2L
5382,EPGN
5383,EREG
5384,AREG
5385,BTC
5386,PARM1
5387,RCHY1
5388,THAP6
5389,CDKL2
5390,G3BP2
5391,USO1
5392,PPEF2
5393,NAAA
5394,SDAD1
5395,AC110615.1
5396,AC112719.2
5397,CXCL9
5398,ART3
5399,CXCL10
5400,CXCL11
5401,NUP54
5402,SCARB2
5403,FAM47E
5404,FAM47E-STBD1
5405,STBD1
5406,CCDC158
5407,SHROOM3
5408,SOWAHB
5409,SEPT11
5410,CCNI
5411,CCNG2
5412,CXCL13
5413,CNOT6L
5414,MRPL1
5415,FRAS1
5416,ANXA3
5417,LINC01094
5418,BMP2K
5419,PAQR3
5420,LINC01088
5421,NAA11
5422,GK2
5423,LINC00989
5424,PCAT4
5425,ANTXR2
5426,PRDM8
5427,FGF5
5428,BMP3
5429,PRKG2
5430,RASGEF1B
5431,HNRNPD
5432,HNRNPDL
5433,ENOPH1
5434,TMEM150C
5435,LINC00575
5436,SCD5
5437,SEC31A
5438,THAP9-AS1
5439,THAP9
5440,LIN54
5441,COPS4
5442,PLAC8
5443,COQ2
5444,HPSE
5445,HELQ
5446,MRPS18C
5447,GPAT3
5448,NKX6-1
5449,CDS1
5450,WDFY3
5451,WDFY3-AS1
5452,ARHGAP24
5453,MAPK10
5454,PTPN13
5455,SLC10A6
5456,C4orf36
5457,AFF1
5458,KLHL8
5459,HSD17B13
5460,HSD17B11
5461,NUDT9
5462,SPARCL1
5463,DSPP
5464,DMP1
5465,IBSP
5466,MEPE
5467,SPP1
5468,PKD2
5469,ABCG2
5470,PPM1K
5471,HERC6
5472,HERC5
5473,PYURF
5474,HERC3
5475,PIGY
5476,NAP1L5
5477,FAM13A-AS1
5478,FAM13A
5479,TIGD2
5480,GPRIN3
5481,SNCA
5482,SNCA-AS1
5483,MMRN1
5484,CCSER1
5485,AC004054.1
5486,GRID2
5487,ATOH1
5488,SMARCAD1
5489,HPGDS
5490,PDLIM5
5491,BMPR1B
5492,UNC5C
5493,PDHA2
5494,STPG2
5495,STPG2-AS1
5496,RAP1GDS1
5497,TSPAN5
5498,EIF4E
5499,METAP1
5500,ADH5
5501,ADH4
5502,ADH6
5503,ADH1A
5504,ADH1B
5505,ADH1C
5506,ADH7
5507,C4orf17
5508,TRMT10A
5509,MTTP
5510,DAPP1
5511,LAMTOR3
5512,DNAJB14
5513,H2AFZ
5514,DDIT4L
5515,EMCN
5516,PPP3CA
5517,BANK1
5518,SLC39A8
5519,NFKB1
5520,MANBA
5521,UBE2D3
5522,CISD2
5523,SLC9B1
5524,SLC9B2
5525,BDH2
5526,CENPE
5527,TACR3
5528,CXXC4
5529,AC004053.1
5530,AC004063.1
5531,TET2
5532,TET2-AS1
5533,PPA2
5534,ARHGEF38
5535,INTS12
5536,GSTCD
5537,NPNT
5538,TBCK
5539,AIMP1
5540,GIMD1
5541,DKK2
5542,PAPSS1
5543,SGMS2
5544,CYP2U1
5545,HADH
5546,LEF1
5547,RPL34-AS1
5548,RPL34
5549,OSTC
5550,ETNPPL
5551,COL25A1
5552,SEC24B-AS1
5553,SEC24B
5554,CASP6
5555,PLA2G12A
5556,CFI
5557,GAR1
5558,RRH
5559,LRIT3
5560,EGF
5561,ELOVL6
5562,ENPEP
5563,PITX2
5564,LINC01438
5565,AP1AR
5566,TIFA
5567,ALPK1
5568,NEUROG2
5569,ZGRF1
5570,LARP7
5571,ANK2
5572,CAMK2D
5573,ARSJ
5574,UGT8
5575,NDST4
5576,MTRNR2L13
5577,TRAM1L1
5578,LINC01378
5579,NDST3
5580,SNHG8
5581,PRSS12
5582,METTL14
5583,SEC24D
5584,SYNPO2
5585,MYOZ2
5586,USP53
5587,C4orf3
5588,FABP2
5589,PDE5A
5590,LINC01365
5591,MAD2L1
5592,PRDM5
5593,NDNF
5594,TNIP3
5595,QRFPR
5596,ANXA5
5597,TMEM155
5598,EXOSC9
5599,CCNA2
5600,BBS7
5601,TRPC3
5602,KIAA1109
5603,ADAD1
5604,IL2
5605,IL21
5606,IL21-AS1
5607,BBS12
5608,FGF2
5609,NUDT6
5610,SPATA5
5611,SPRY1
5612,LINC01091
5613,ANKRD50
5614,FAT4
5615,INTU
5616,SLC25A31
5617,HSPA4L
5618,PLK4
5619,MFSD8
5620,ABHD18
5621,LARP1B
5622,PGRMC2
5623,JADRR
5624,JADE1
5625,SCLT1
5626,C4orf33
5627,LINC01256
5628,PCDH10
5629,PABPC4L
5630,LINC00613
5631,PCDH18
5632,LINC00616
5633,SLC7A11
5634,LINC00498
5635,LINC00499
5636,LINC00500
5637,NOCT
5638,ELF2
5639,MGARP
5640,NDUFC1
5641,NAA15
5642,RAB33B
5643,SETD7
5644,MGST2
5645,MAML3
5646,SCOC
5647,SCOC-AS1
5648,CLGN
5649,MGAT4D
5650,ELMOD2
5651,UCP1
5652,TBC1D9
5653,RNF150
5654,ZNF330
5655,IL15
5656,INPP4B
5657,USP38
5658,GAB1
5659,SMARCA5
5660,SMARCA5-AS1
5661,FREM3
5662,GYPE
5663,GYPB
5664,GYPA
5665,HHIP-AS1
5666,HHIP
5667,ANAPC10
5668,ABCE1
5669,OTUD4
5670,SMAD1
5671,SMAD1-AS2
5672,SMAD1-AS1
5673,MMAA
5674,C4orf51
5675,ZNF827
5676,LINC01095
5677,LSM6
5678,SLC10A7
5679,POU4F2
5680,TTC29
5681,EDNRA
5682,TMEM184C
5683,PRMT9
5684,ARHGAP10
5685,NR3C2
5686,DCLK2
5687,LRBA
5688,MAB21L2
5689,RPS3A
5690,SH3D19
5691,PRSS48
5692,FAM160A1
5693,GATB
5694,FBXW7
5695,TMEM154
5696,ARFIP1
5697,TIGD4
5698,FHDC1
5699,TRIM2
5700,MND1
5701,TLR2
5702,RNF175
5703,SFRP2
5704,DCHS2
5705,PLRG1
5706,FGB
5707,FGA
5708,FGG
5709,LRAT
5710,RBM46
5711,NPY2R
5712,MAP9
5713,ASIC5
5714,TDO2
5715,CTSO
5716,PDGFC
5717,GLRB
5718,GRIA2
5719,FAM198B
5720,TMEM144
5721,RXFP1
5722,C4orf46
5723,ETFDH
5724,PPID
5725,FNIP2
5726,C4orf45
5727,RAPGEF2
5728,FSTL5
5729,AC005150.1
5730,NAF1
5731,NPY1R
5732,NPY5R
5733,TKTL2
5734,TMA16
5735,MARCH1
5736,APELA
5737,TRIM61
5738,FAM218A
5739,TRIM60
5740,TMEM192
5741,KLHL2
5742,MSMO1
5743,CPE
5744,LINC01179
5745,TLL1
5746,SPOCK3
5747,ANXA10
5748,DDX60
5749,DDX60L
5750,PALLD
5751,CBR4
5752,SH3RF1
5753,NEK1
5754,CLCN3
5755,MFAP3L
5756,AADAT
5757,LINC01612
5758,GALNTL6
5759,GALNT7
5760,HMGB2
5761,SAP30
5762,SCRG1
5763,HAND2
5764,HAND2-AS1
5765,FBXO8
5766,CEP44
5767,HPGD
5768,GLRA3
5769,ADAM29
5770,GPM6A
5771,WDR17
5772,SPATA4
5773,ASB5
5774,SPCS3
5775,VEGFC
5776,NEIL3
5777,AGA
5778,LINC01098
5779,LINC01099
5780,LINC00290
5781,TENM3
5782,DCTD
5783,WWC2-AS2
5784,WWC2
5785,WWC2-AS1
5786,CLDN22
5787,CLDN24
5788,CDKN2AIP
5789,ING2
5790,RWDD4
5791,TRAPPC11
5792,STOX2
5793,ENPP6
5794,IRF2
5795,CASP3
5796,PRIMPOL
5797,CENPU
5798,ACSL1
5799,MIR3945HG
5800,LINC01093
5801,HELT
5802,SLC25A4
5803,CFAP97
5804,SNX25
5805,LRP2BP
5806,ANKRD37
5807,UFSP2
5808,C4orf47
5809,CCDC110
5810,PDLIM3
5811,SORBS2
5812,TLR3
5813,FAM149A
5814,CYP4V2
5815,KLKB1
5816,F11
5817,F11-AS1
5818,MTNR1A
5819,FAT1
5820,ZFP42
5821,TRIML2
5822,TRIML1
5823,LINC01060
5824,LINC01262
5825,LINC01596
5826,FRG1
5827,FRG2
5828,DBET
5829,DUX4
5830,PLEKHG4B
5831,LRRC14B
5832,CCDC127
5833,SDHA
5834,PDCD6
5835,AHRR
5836,EXOC3-AS1
5837,EXOC3
5838,SLC9A3
5839,CEP72
5840,TPPP
5841,ZDHHC11B
5842,ZDHHC11
5843,BRD9
5844,TRIP13
5845,NKD2
5846,SLC12A7
5847,SLC6A19
5848,SLC6A18
5849,TERT
5850,CLPTM1L
5851,LINC01511
5852,SLC6A3
5853,LPCAT1
5854,MRPL36
5855,NDUFS6
5856,IRX4
5857,IRX2
5858,C5orf38
5859,LINC01019
5860,LINC01017
5861,IRX1
5862,LINC01020
5863,ADAMTS16
5864,ICE1
5865,MED10
5866,UBE2QL1
5867,LINC01018
5868,NSUN2
5869,SRD5A1
5870,ADCY2
5871,C5orf49
5872,MTRR
5873,FASTKD3
5874,MIR4458HG
5875,SEMA5A
5876,SNHG18
5877,TAS2R1
5878,FAM173B
5879,CCT5
5880,CMBL
5881,MARCH6
5882,ROPN1L-AS1
5883,ROPN1L
5884,LINC01513
5885,ANKRD33B
5886,ANKRD33B-AS1
5887,DAP
5888,CTNND2
5889,LINC01194
5890,DNAH5
5891,TRIO
5892,OTULIN
5893,ANKH
5894,FBXL7
5895,MARCH11
5896,ZNF622
5897,MYO10
5898,BASP1
5899,CDH18
5900,CDH12
5901,PRDM9
5902,C5orf17
5903,CDH10
5904,CDH9
5905,CDH6
5906,DROSHA
5907,C5orf22
5908,PDZD2
5909,GOLPH3
5910,MTMR12
5911,ZFR
5912,SUB1
5913,NPR3
5914,TARS
5915,ADAMTS12
5916,RXFP3
5917,SLC45A2
5918,AMACR
5919,C1QTNF3-AMACR
5920,C1QTNF3
5921,RAI14
5922,TTC23L
5923,RAD1
5924,BRIX1
5925,DNAJC21
5926,AGXT2
5927,PRLR
5928,SPEF2
5929,IL7R
5930,CAPSL
5931,UGT3A1
5932,UGT3A2
5933,LMBRD2
5934,SKP2
5935,NADK2
5936,NADK2-AS1
5937,RANBP3L
5938,SLC1A3
5939,NIPBL
5940,NUP155
5941,WDR70
5942,GDNF
5943,GDNF-AS1
5944,EGFLAM
5945,EGFLAM-AS4
5946,EGFLAM-AS3
5947,EGFLAM-AS2
5948,EGFLAM-AS1
5949,LIFR
5950,LIFR-AS1
5951,OSMR-AS1
5952,OSMR
5953,RICTOR
5954,C9
5955,DAB2
5956,LINC00603
5957,LINC00604
5958,PTGER4
5959,TTC33
5960,PRKAA1
5961,RPL37
5962,CARD6
5963,C7
5964,MROH2B
5965,C6
5966,PLCXD3
5967,OXCT1
5968,C5orf51
5969,FBXO4
5970,GHR
5971,CCDC152
5972,ANXA2R
5973,ZNF131
5974,NIM1K
5975,HMGCS1
5976,CCL28
5977,C5orf34
5978,PAIP1
5979,NNT-AS1
5980,NNT
5981,FGF10
5982,FGF10-AS1
5983,MRPS30
5984,HCN1
5985,EMB
5986,PARP8
5987,ISL1
5988,ITGA1
5989,PELO
5990,ITGA2
5991,MOCS2
5992,FST
5993,NDUFS4
5994,ARL15
5995,LINC01033
5996,HSPB3
5997,SNX18
5998,ESM1
5999,GZMK
6000,GZMA
6001,CDC20B
6002,GPX8
6003,MCIDAS
6004,CCNO
6005,DHX29
6006,PLPP1
6007,SLC38A9
6008,DDX4
6009,IL31RA
6010,AC008914.1
6011,IL6ST
6012,ANKRD55
6013,C5orf67
6014,AC008940.1
6015,MAP3K1
6016,AC008937.2
6017,AC008937.3
6018,SETD9
6019,MIER3
6020,AC016644.1
6021,GPBP1
6022,ACTBL2
6023,PLK2
6024,GAPT
6025,RAB3C
6026,PDE4D
6027,PART1
6028,DEPDC1B
6029,ELOVL7
6030,ERCC8
6031,NDUFAF2
6032,SMIM15
6033,ZSWIM6
6034,KIF2A
6035,DIMT1
6036,IPO11
6037,LRRC70
6038,HTR1A
6039,RNF180
6040,RGS7BP
6041,SREK1IP1
6042,CWC27
6043,ADAMTS6
6044,CENPK
6045,PPWD1
6046,TRIM23
6047,TRAPPC13
6048,SGTB
6049,NLN
6050,SREK1
6051,MAST4
6052,MAST4-AS1
6053,CD180
6054,PIK3R1
6055,SLC30A5
6056,CCNB1
6057,CENPH
6058,MRPS36
6059,CDK7
6060,CCDC125
6061,AK6
6062,TAF9
6063,RAD17
6064,MARVELD2
6065,OCLN
6066,GTF2H2C
6067,SERF1B
6068,SMN2
6069,SERF1A
6070,SMN1
6071,NAIP
6072,GTF2H2
6073,BDP1
6074,MCCC2
6075,CARTPT
6076,MAP1B
6077,MRPS27
6078,PTCD2
6079,ZNF366
6080,TNPO1
6081,FCHO2
6082,TMEM171
6083,TMEM174
6084,FOXD1
6085,FOXD1-AS1
6086,LINC01385
6087,LINC01386
6088,BTF3
6089,ANKRA2
6090,UTP15
6091,ARHGEF28
6092,LINC01335
6093,LINC01333
6094,LINC01332
6095,LINC01331
6096,ENC1
6097,HEXB
6098,GFM2
6099,NSA2
6100,FAM169A
6101,GCNT4
6102,LINC01336
6103,ANKRD31
6104,HMGCR
6105,COL4A3BP
6106,POLK
6107,ANKDD1B
6108,POC5
6109,SV2C
6110,AC113404.1
6111,IQGAP2
6112,F2RL2
6113,F2R
6114,F2RL1
6115,S100Z
6116,CRHBP
6117,AGGF1
6118,ZBED3
6119,ZBED3-AS1
6120,PDE8B
6121,WDR41
6122,OTP
6123,TBCA
6124,AP3B1
6125,SCAMP1-AS1
6126,SCAMP1
6127,LHFPL2
6128,ARSB
6129,DMGDH
6130,BHMT2
6131,BHMT
6132,JMY
6133,HOMER1
6134,CMYA5
6135,LINC01455
6136,MTX3
6137,THBS4
6138,SERINC5
6139,SPZ1
6140,ZFYVE16
6141,FAM151B
6142,ANKRD34B
6143,LINC01337
6144,DHFR
6145,MSH3
6146,RASGRF2-AS1
6147,RASGRF2
6148,CKMT2-AS1
6149,CKMT2
6150,ZCCHC9
6151,ACOT12
6152,SSBP2
6153,ATG10
6154,ATG10-AS1
6155,RPS23
6156,ATP6AP1L
6157,LINC01338
6158,TMEM167A
6159,XRCC4
6160,VCAN
6161,VCAN-AS1
6162,HAPLN1
6163,EDIL3
6164,COX7C
6165,RASA1
6166,CCNH
6167,TMEM161B
6168,TMEM161B-AS1
6169,LINC00461
6170,MEF2C
6171,MEF2C-AS1
6172,AC113167.1
6173,CETN3
6174,MBLAC2
6175,POLR3G
6176,LYSMD3
6177,ADGRV1
6178,LUCAT1
6179,ARRDC3
6180,ARRDC3-AS1
6181,NR2F1-AS1
6182,NR2F1
6183,FAM172A
6184,POU5F2
6185,KIAA0825
6186,SLF1
6187,MCTP1
6188,FAM81B
6189,TTC37
6190,ARSK
6191,GPR150
6192,RFESD
6193,SPATA9
6194,RHOBTB3
6195,GLRX
6196,AC008592.4
6197,LINC01554
6198,ELL2
6199,PCSK1
6200,CAST
6201,ERAP1
6202,ERAP2
6203,LNPEP
6204,LIX1
6205,RIOK2
6206,LINC01340
6207,RGMB
6208,RGMB-AS1
6209,AC008522.1
6210,CHD1
6211,FAM174A
6212,ST8SIA4
6213,SLCO4C1
6214,SLCO6A1
6215,LINC00492
6216,LINC00491
6217,PAM
6218,GIN1
6219,PPIP5K2
6220,C5orf30
6221,NUDT12
6222,EFNA5
6223,FBXL17
6224,LINC01023
6225,FER
6226,PJA2
6227,MAN2A1
6228,TMEM232
6229,SLC25A46
6230,TSLP
6231,WDR36
6232,CAMK4
6233,AC010468.2
6234,STARD4
6235,STARD4-AS1
6236,NREP
6237,NREP-AS1
6238,EPB41L4A
6239,EPB41L4A-AS1
6240,APC
6241,SRP19
6242,REEP5
6243,DCP2
6244,MCC
6245,TSSK1B
6246,YTHDC2
6247,KCNN2
6248,TRIM36
6249,PGGT1B
6250,CCDC112
6251,FEM1C
6252,TMED7-TICAM2
6253,TICAM2
6254,TMED7
6255,CDO1
6256,ATG12
6257,AP3S1
6258,LVRN
6259,ARL14EPL
6260,COMMD10
6261,SEMA6A
6262,SEMA6A-AS1
6263,LINC00992
6264,DTWD2
6265,DMXL1
6266,TNFAIP8
6267,HSD17B4
6268,FAM170A
6269,PRR16
6270,FTMT
6271,SRFBP1
6272,LOX
6273,ZNF474
6274,SNCAIP
6275,SNX2
6276,SNX24
6277,PPIC
6278,AC106786.1
6279,PRDM6
6280,CEP120
6281,CSNK1G3
6282,LINC01170
6283,ZNF608
6284,ALDH7A1
6285,PHAX
6286,TEX43
6287,LMNB1
6288,MARCH3
6289,C5orf63
6290,MEGF10
6291,PRRC1
6292,CTXN3
6293,LINC01184
6294,SLC12A2
6295,FBN2
6296,SLC27A6
6297,ISOC1
6298,ADAMTS19-AS1
6299,ADAMTS19
6300,KIAA1024L
6301,CHSY3
6302,HINT1
6303,LYRM7
6304,CDC42SE2
6305,RAPGEF6
6306,FNIP1
6307,MEIKIN
6308,ACSL6
6309,AC034228.3
6310,AC034228.2
6311,IL3
6312,CSF2
6313,P4HA2-AS1
6314,P4HA2
6315,PDLIM4
6316,SLC22A4
6317,SLC22A5
6318,IRF1
6319,IL5
6320,RAD50
6321,TH2LCRR
6322,IL13
6323,IL4
6324,KIF3A
6325,CCNI2
6326,SEPT8
6327,SOWAHA
6328,SHROOM1
6329,GDF9
6330,UQCRQ
6331,LEAP2
6332,AFF4
6333,ZCCHC10
6334,HSPA4
6335,FSTL4
6336,WSPAR
6337,C5orf15
6338,VDAC1
6339,TCF7
6340,SKP1
6341,PPP2CA
6342,CDKL3
6343,UBE2B
6344,CDKN2AIPNL
6345,AC005355.1
6346,JADE2
6347,SAR1B
6348,SEC24A
6349,CAMLG
6350,DDX46
6351,C5orf24
6352,TXNDC15
6353,PCBD2
6354,CATSPER3
6355,PITX1
6356,C5orf66
6357,C5orf66-AS1
6358,C5orf66-AS2
6359,H2AFY
6360,DCANP1
6361,TIFAB
6362,NEUROG1
6363,CXCL14
6364,SLC25A48
6365,IL9
6366,LECT2
6367,TGFBI
6368,SMAD5-AS1
6369,SMAD5
6370,TRPC7
6371,TRPC7-AS1
6372,TRPC7-AS2
6373,SPOCK1
6374,KLHL3
6375,HNRNPA0
6376,MYOT
6377,PKD2L2
6378,FAM13B
6379,WNT8A
6380,NME5
6381,BRD8
6382,KIF20A
6383,CDC23
6384,GFRA3
6385,CDC25C
6386,FAM53C
6387,KDM3B
6388,REEP2
6389,EGR1
6390,ETF1
6391,HSPA9
6392,CTNNA1
6393,AC034243.1
6394,LRRTM2
6395,SIL1
6396,MATR3
6397,MATR3-1
6398,PAIP2
6399,SLC23A1
6400,MZB1
6401,PROB1
6402,SPATA24
6403,DNAJC18
6404,ECSCR
6405,TMEM173
6406,UBE2D2
6407,CXXC5
6408,PSD2
6409,NRG2
6410,PURA
6411,IGIP
6412,CYSTM1
6413,PFDN1
6414,HBEGF
6415,SLC4A9
6416,ANKHD1
6417,ANKHD1-EIF4EBP3
6418,SRA1
6419,EIF4EBP3
6420,APBB3
6421,SLC35A4
6422,CD14
6423,NDUFA2
6424,TMCO6
6425,IK
6426,WDR55
6427,DND1
6428,HARS
6429,HARS2
6430,ZMAT2
6431,PCDHA1
6432,PCDHA2
6433,PCDHA3
6434,PCDHA4
6435,PCDHA5
6436,PCDHA6
6437,PCDHA7
6438,PCDHA8
6439,PCDHA9
6440,PCDHA10
6441,PCDHA11
6442,PCDHA12
6443,PCDHA13
6444,PCDHAC1
6445,PCDHAC2
6446,PCDHB1
6447,PCDHB2
6448,PCDHB3
6449,PCDHB4
6450,PCDHB5
6451,PCDHB6
6452,PCDHB7
6453,PCDHB8
6454,PCDHB16
6455,PCDHB10
6456,PCDHB9
6457,PCDHB11
6458,PCDHB12
6459,PCDHB13
6460,PCDHB14
6461,PCDHB15
6462,TAF7
6463,SLC25A2
6464,PCDHGA1
6465,PCDHGA2
6466,PCDHGA3
6467,PCDHGB1
6468,PCDHGA4
6469,PCDHGB2
6470,PCDHGA5
6471,PCDHGB3
6472,PCDHGA6
6473,PCDHGA7
6474,PCDHGB4
6475,PCDHGA8
6476,PCDHGB5
6477,PCDHGA9
6478,PCDHGB6
6479,PCDHGA10
6480,PCDHGB7
6481,PCDHGA11
6482,PCDHGA12
6483,PCDHGC3
6484,PCDHGC4
6485,PCDHGC5
6486,DIAPH1
6487,HDAC3
6488,RELL2
6489,FCHSD1
6490,ARAP3
6491,PCDH1
6492,PCDH12
6493,RNF14
6494,GNPDA1
6495,NDFIP1
6496,SPRY4
6497,FGF1
6498,AC005592.1
6499,ARHGAP26
6500,ARHGAP26-AS1
6501,NR3C1
6502,HMHB1
6503,YIPF5
6504,KCTD16
6505,PRELID2
6506,GRXCR2
6507,SH3RF2
6508,PLAC8L1
6509,LARS
6510,RBM27
6511,POU4F3
6512,TCERG1
6513,GPR151
6514,PPP2R2B
6515,STK32A
6516,DPYSL3
6517,JAKMIP2-AS1
6518,JAKMIP2
6519,SPINK1
6520,SCGB3A2
6521,C5orf46
6522,SPINK5
6523,SPINK14
6524,SPINK6
6525,SPINK13
6526,SPINK7
6527,SPINK9
6528,FBXO38
6529,HTR4
6530,ADRB2
6531,SH3TC2
6532,ABLIM3
6533,AC012613.2
6534,AFAP1L1
6535,GRPEL2
6536,GRPEL2-AS1
6537,PCYOX1L
6538,IL17B
6539,CARMN
6540,CSNK1A1
6541,ARHGEF37
6542,PPARGC1B
6543,PDE6A
6544,SLC26A2
6545,TIGD6
6546,HMGXB3
6547,CSF1R
6548,PDGFRB
6549,CDX1
6550,SLC6A7
6551,CAMK2A
6552,ARSI
6553,TCOF1
6554,CD74
6555,RPS14
6556,NDST1
6557,SYNPO
6558,MYOZ3
6559,RBM22
6560,DCTN4
6561,SMIM3
6562,IRGM
6563,ZNF300
6564,AC008641.1
6565,GPX3
6566,TNIP1
6567,ANXA6
6568,CCDC69
6569,GM2A
6570,SLC36A3
6571,SLC36A2
6572,SLC36A1
6573,FAT2
6574,SPARC
6575,ATOX1
6576,G3BP1
6577,GLRA1
6578,NMUR2
6579,LINC01470
6580,GRIA1
6581,FAM114A2
6582,MFAP3
6583,GALNT10
6584,SAP30L-AS1
6585,SAP30L
6586,HAND1
6587,LARP1
6588,FAXDC2
6589,CNOT8
6590,GEMIN5
6591,MRPL22
6592,KIF4B
6593,SGCD
6594,TIMD4
6595,HAVCR1
6596,HAVCR2
6597,MED7
6598,ITK
6599,FAM71B
6600,CYFIP2
6601,FNDC9
6602,ADAM19
6603,NIPAL4
6604,AC106801.1
6605,SOX30
6606,C5orf52
6607,THG1L
6608,LSM11
6609,CLINT1
6610,EBF1
6611,RNF145
6612,UBLCP1
6613,IL12B
6614,AC008703.1
6615,AC008691.1
6616,ADRA1B
6617,TTC1
6618,PWWP2A
6619,FABP6
6620,CCNJL
6621,C1QTNF2
6622,ZBED8
6623,SLU7
6624,PTTG1
6625,MIR3142HG
6626,ATP10B
6627,GABRB2
6628,GABRA6
6629,GABRA1
6630,LINC01202
6631,GABRG2
6632,CCNG1
6633,NUDCD2
6634,HMMR
6635,HMMR-AS1
6636,MAT2B
6637,TENM2
6638,WWC1
6639,RARS
6640,FBLL1
6641,PANK3
6642,SLIT3
6643,SPDL1
6644,DOCK2
6645,FAM196B
6646,FOXI1
6647,LINC01187
6648,LCP2
6649,LINC01366
6650,KCNIP1
6651,KCNMB1
6652,GABRP
6653,RANBP17
6654,TLX3
6655,NPM1
6656,FGF18
6657,SMIM23
6658,FBXW11
6659,STK10
6660,EFCAB9
6661,UBTD2
6662,SH3PXD2B
6663,NEURL1B
6664,DUSP1
6665,ERGIC1
6666,RPL26L1
6667,ATP6V0E1
6668,CREBRF
6669,BNIP1
6670,NKX2-5
6671,STC2
6672,BOD1
6673,LINC01484
6674,LINC01485
6675,CPEB4
6676,C5orf47
6677,LINC01411
6678,MSX2
6679,DRD1
6680,SFXN1
6681,HRH2
6682,CPLX2
6683,THOC3
6684,FAM153B
6685,SIMC1
6686,KIAA1191
6687,ARL10
6688,NOP16
6689,HIGD2A
6690,CLTB
6691,FAF2
6692,RNF44
6693,CDHR2
6694,GPRIN1
6695,SNCB
6696,EIF4E1B
6697,TSPAN17
6698,LINC01574
6699,UNC5A
6700,HK3
6701,UIMC1
6702,ZNF346
6703,FGFR4
6704,NSD1
6705,RAB24
6706,MXD3
6707,PRELID1
6708,LMAN2
6709,RGS14
6710,SLC34A1
6711,PFN3
6712,F12
6713,GRK6
6714,PRR7-AS1
6715,PRR7
6716,DBN1
6717,PDLIM7
6718,DOK3
6719,DDX41
6720,FAM193B
6721,TMED9
6722,B4GALT7
6723,FAM153A
6724,PROP1
6725,FAM153C
6726,N4BP3
6727,RMND5B
6728,NHP2
6729,HNRNPAB
6730,PHYKPL
6731,COL23A1
6732,CLK4
6733,ZNF354A
6734,ZNF354B
6735,ZFP2
6736,ZNF454
6737,GRM6
6738,ZNF879
6739,ZNF354C
6740,ADAMTS2
6741,RUFY1
6742,HNRNPH1
6743,CBY3
6744,CANX
6745,MAML1
6746,LTC4S
6747,MGAT4B
6748,SQSTM1
6749,TBC1D9B
6750,RNF130
6751,RASGEF1C
6752,MAPK9
6753,GFPT2
6754,CNOT6
6755,SCGB3A1
6756,FLT4
6757,OR2Y1
6758,MGAT1
6759,LINC00847
6760,ZFP62
6761,BTNL8
6762,BTNL3
6763,BTNL9
6764,OR2V1
6765,OR2V2
6766,TRIM7
6767,TRIM41
6768,TRIM52
6769,AC138035.2
6770,AC138035.1
6771,OR4F3
6772,DUSP22
6773,IRF4
6774,EXOC2
6775,HUS1B
6776,FOXQ1
6777,LINC01394
6778,FOXF2
6779,FOXCUT
6780,FOXC1
6781,GMDS
6782,LINC01600
6783,MYLK4
6784,WRNIP1
6785,SERPINB1
6786,SERPINB9P1
6787,SERPINB9
6788,SERPINB6
6789,LINC01011
6790,NQO2
6791,RIPK1
6792,BPHL
6793,TUBB2A
6794,TUBB2B
6795,PSMG4
6796,SLC22A23
6797,PXDC1
6798,FAM50B
6799,PRPF4B
6800,FAM217A
6801,C6orf201
6802,ECI2
6803,CDYL
6804,RPP40
6805,PPP1R3G
6806,LYRM4
6807,FARS2
6808,NRN1
6809,F13A1
6810,LY86-AS1
6811,LY86
6812,RREB1
6813,SSR1
6814,CAGE1
6815,RIOK1
6816,DSP
6817,SNRNP48
6818,BMP6
6819,TXNDC5
6820,BLOC1S5-TXNDC5
6821,BLOC1S5
6822,EEF1E1-BLOC1S5
6823,EEF1E1
6824,SLC35B3
6825,TFAP2A
6826,TFAP2A-AS1
6827,LINC00518
6828,MIR5689HG
6829,GCNT2
6830,C6orf52
6831,PAK1IP1
6832,TMEM14C
6833,TMEM14B
6834,MAK
6835,GCM2
6836,SYCP2L
6837,ELOVL2
6838,ELOVL2-AS1
6839,SMIM13
6840,ERVFRD-1
6841,NEDD9
6842,TMEM170B
6843,ADTRP
6844,HIVEP1
6845,EDN1
6846,PHACTR1
6847,TBC1D7
6848,GFOD1
6849,GFOD1-AS1
6850,SIRT5
6851,NOL7
6852,RANBP9
6853,MCUR1
6854,RNF182
6855,CD83
6856,LINC01108
6857,JARID2
6858,JARID2-AS1
6859,DTNBP1
6860,MYLIP
6861,GMPR
6862,ATXN1
6863,STMND1
6864,RBM24
6865,CAP2
6866,FAM8A1
6867,NUP153
6868,KIF13A
6869,NHLRC1
6870,TPMT
6871,KDM1B
6872,DEK
6873,RNF144B
6874,ID4
6875,MBOAT1
6876,E2F3
6877,CDKAL1
6878,LINC00581
6879,SOX4
6880,CASC15
6881,NBAT1
6882,PRL
6883,HDGFL1
6884,NRSN1
6885,DCDC2
6886,KAAG1
6887,MRS2
6888,GPLD1
6889,ALDH5A1
6890,KIAA0319
6891,TDP2
6892,ACOT13
6893,C6orf62
6894,GMNN
6895,SCGN
6896,HIST1H2AA
6897,HIST1H2BA
6898,SLC17A4
6899,SLC17A1
6900,SLC17A3
6901,SLC17A2
6902,TRIM38
6903,HIST1H1A
6904,HIST1H3A
6905,HIST1H4A
6906,HIST1H4B
6907,HIST1H3B
6908,HIST1H2AB
6909,HIST1H2BB
6910,HIST1H3C
6911,HIST1H1C
6912,HFE
6913,HIST1H4C
6914,HIST1H1T
6915,HIST1H2BC
6916,HIST1H2AC
6917,HIST1H1E
6918,HIST1H2BD
6919,HIST1H2BE
6920,HIST1H4D
6921,HIST1H3D
6922,HIST1H2AD
6923,HIST1H2BF
6924,HIST1H4E
6925,HIST1H2BG
6926,HIST1H2AE
6927,HIST1H3E
6928,HIST1H1D
6929,HIST1H4F
6930,HIST1H4G
6931,HIST1H3F
6932,HIST1H2BH
6933,HIST1H3G
6934,HIST1H2BI
6935,HIST1H4H
6936,BTN3A2
6937,BTN2A2
6938,BTN3A1
6939,BTN3A3
6940,BTN2A1
6941,BTN1A1
6942,HCG11
6943,HMGN4
6944,ABT1
6945,ZNF322
6946,LINC00240
6947,HIST1H2BJ
6948,HIST1H2AG
6949,HIST1H4I
6950,HIST1H2BK
6951,HIST1H2AH
6952,PRSS16
6953,POM121L2
6954,ZNF391
6955,ZNF184
6956,HIST1H2BL
6957,HIST1H2AI
6958,HIST1H3H
6959,HIST1H2AJ
6960,HIST1H2BM
6961,HIST1H4J
6962,HIST1H4K
6963,HIST1H2BN
6964,HIST1H2AK
6965,HIST1H2AL
6966,HIST1H1B
6967,HIST1H3I
6968,HIST1H4L
6969,HIST1H3J
6970,HIST1H2AM
6971,HIST1H2BO
6972,OR2B2
6973,OR2B6
6974,ZNF165
6975,ZSCAN16-AS1
6976,ZSCAN16
6977,ZKSCAN8
6978,ZSCAN9
6979,ZKSCAN4
6980,NKAPL
6981,ZSCAN26
6982,PGBD1
6983,ZSCAN31
6984,ZKSCAN3
6985,ZSCAN12
6986,ZSCAN23
6987,GPX6
6988,GPX5
6989,ZBED9
6990,LINC00533
6991,LINC01623
6992,HCG14
6993,TRIM27
6994,LINC01556
6995,HCG15
6996,ZNF311
6997,OR2W1
6998,OR2B3
6999,OR2J3
7000,OR2J2
7001,OR14J1
7002,OR5V1
7003,OR12D3
7004,OR12D2
7005,OR11A1
7006,OR10C1
7007,OR2H1
7008,MAS1L
7009,LINC01015
7010,UBD
7011,GABBR1
7012,OR2H2
7013,MOG
7014,ZFP57
7015,HLA-F
7016,HLA-G
7017,HLA-A
7018,HCG9
7019,ZNRD1
7020,PPP1R11
7021,RNF39
7022,TRIM31
7023,TRIM31-AS1
7024,TRIM40
7025,TRIM10
7026,TRIM15
7027,TRIM26
7028,HCG17
7029,HCG18
7030,TRIM39
7031,TRIM39-RPP21
7032,RPP21
7033,HLA-E
7034,GNL1
7035,PRR3
7036,ABCF1
7037,PPP1R10
7038,MRPS18B
7039,ATAT1
7040,C6orf136
7041,DHX16
7042,PPP1R18
7043,NRM
7044,MDC1
7045,MDC1-AS1
7046,TUBB
7047,FLOT1
7048,IER3
7049,HCG20
7050,LINC00243
7051,DDR1
7052,GTF2H4
7053,VARS2
7054,SFTA2
7055,HCG21
7056,MUC21
7057,MUC22
7058,HCG22
7059,C6orf15
7060,PSORS1C1
7061,CDSN
7062,PSORS1C2
7063,CCHCR1
7064,TCF19
7065,POU5F1
7066,HCG27
7067,HLA-C
7068,HLA-B
7069,MICA
7070,LINC01149
7071,MICB
7072,MCCD1
7073,ATP6V1G2-DDX39B
7074,DDX39B
7075,DDX39B-AS1
7076,ATP6V1G2
7077,NFKBIL1
7078,LTA
7079,TNF
7080,LTB
7081,LST1
7082,NCR3
7083,AIF1
7084,PRRC2A
7085,BAG6
7086,APOM
7087,C6orf47
7088,C6orf47-AS1
7089,GPANK1
7090,CSNK2B
7091,LY6G5B
7092,LY6G5C
7093,ABHD16A
7094,LY6G6F
7095,LY6G6E
7096,LY6G6D
7097,LY6G6C
7098,DDAH2
7099,CLIC1
7100,MSH5
7101,MSH5-SAPCD1
7102,SAPCD1
7103,SAPCD1-AS1
7104,VWA7
7105,VARS
7106,LSM2
7107,HSPA1L
7108,HSPA1A
7109,HSPA1B
7110,C6orf48
7111,NEU1
7112,SLC44A4
7113,EHMT2
7114,EHMT2-AS1
7115,C2
7116,ZBTB12
7117,C2-AS1
7118,CFB
7119,NELFE
7120,SKIV2L
7121,DXO
7122,STK19
7123,C4A
7124,C4A-AS1
7125,AL645922.1
7126,C4B
7127,C4B-AS1
7128,CYP21A2
7129,TNXB
7130,ATF6B
7131,FKBPL
7132,PRRT1
7133,PPT2
7134,PPT2-EGFL8
7135,EGFL8
7136,AGPAT1
7137,RNF5
7138,AGER
7139,PBX2
7140,GPSM3
7141,NOTCH4
7142,C6orf10
7143,BTNL2
7144,HLA-DRA
7145,HLA-DRB5
7146,HLA-DRB1
7147,HLA-DQA1
7148,HLA-DQB1
7149,HLA-DQB1-AS1
7150,HLA-DQA2
7151,HLA-DQB2
7152,HLA-DOB
7153,TAP2
7154,PSMB8
7155,PSMB8-AS1
7156,PSMB9
7157,TAP1
7158,HLA-DMB
7159,HLA-DMA
7160,BRD2
7161,HLA-DOA
7162,HLA-DPA1
7163,HLA-DPB1
7164,HCG24
7165,COL11A2
7166,RXRB
7167,SLC39A7
7168,HSD17B8
7169,RING1
7170,HCG25
7171,VPS52
7172,RPS18
7173,B3GALT4
7174,WDR46
7175,PFDN6
7176,RGL2
7177,TAPBP
7178,ZBTB22
7179,DAXX
7180,KIFC1
7181,PHF1
7182,CUTA
7183,SYNGAP1
7184,ZBTB9
7185,BAK1
7186,LINC00336
7187,ITPR3
7188,UQCC2
7189,IP6K3
7190,LEMD2
7191,MLN
7192,LINC01016
7193,GRM4
7194,HMGA1
7195,NUDT3
7196,RPS10-NUDT3
7197,RPS10
7198,PACSIN1
7199,SPDEF
7200,C6orf106
7201,SNRPC
7202,UHRF1BP1
7203,TAF11
7204,ANKS1A
7205,TCP11
7206,SCUBE3
7207,ZNF76
7208,DEF6
7209,PPARD
7210,FANCE
7211,RPL10A
7212,TEAD3
7213,TULP1
7214,FKBP5
7215,ARMC12
7216,CLPSL2
7217,CLPSL1
7218,CLPS
7219,LHFPL5
7220,SRPK1
7221,SLC26A8
7222,MAPK14
7223,MAPK13
7224,BRPF3
7225,PNPLA1
7226,C6orf222
7227,ETV7
7228,PXT1
7229,KCTD20
7230,STK38
7231,SRSF3
7232,PANDAR
7233,CDKN1A
7234,RAB44
7235,CPNE5
7236,PPIL1
7237,C6orf89
7238,PI16
7239,MTCH1
7240,FGD2
7241,PIM1
7242,TMEM217
7243,TBC1D22B
7244,RNF8
7245,CMTR1
7246,CCDC167
7247,MDGA1
7248,ZFAND3
7249,BTBD9
7250,BTBD9-AS1
7251,GLO1
7252,DNAH8
7253,GLP1R
7254,SAYSD1
7255,KCNK5
7256,KCNK17
7257,KCNK16
7258,KIF6
7259,DAAM2
7260,MOCS1
7261,TDRG1
7262,LINC00951
7263,LRFN2
7264,UNC5CL
7265,OARD1
7266,TSPO2
7267,APOBEC2
7268,NFYA
7269,TREML1
7270,TREM2
7271,TREML2
7272,TREML4
7273,TREM1
7274,NCR2
7275,FOXP4-AS1
7276,LINC01276
7277,FOXP4
7278,MDFI
7279,TFEB
7280,PGC
7281,FRS3
7282,PRICKLE4
7283,TOMM6
7284,USP49
7285,MED20
7286,BYSL
7287,CCND3
7288,TAF8
7289,C6orf132
7290,GUCA1A
7291,GUCA1B
7292,MRPS10
7293,TRERF1
7294,UBR2
7295,PRPH2
7296,TBCC
7297,RPL7L1
7298,C6orf226
7299,PTCRA
7300,CNPY3
7301,GNMT
7302,PEX6
7303,PPP2R5D
7304,MEA1
7305,KLHDC3
7306,RRP36
7307,CUL7
7308,KLC4
7309,MRPL2
7310,PTK7
7311,SRF
7312,CUL9
7313,DNPH1
7314,TTBK1
7315,SLC22A7
7316,CRIP3
7317,ZNF318
7318,ABCC10
7319,DLK2
7320,TJAP1
7321,LRRC73
7322,POLR1C
7323,YIPF3
7324,XPO5
7325,POLH
7326,GTPBP2
7327,MAD2L1BP
7328,RSPH9
7329,MRPS18A
7330,VEGFA
7331,C6orf223
7332,MRPL14
7333,TMEM63B
7334,CAPN11
7335,SLC29A1
7336,HSP90AB1
7337,SLC35B2
7338,NFKBIE
7339,TMEM151B
7340,TCTE1
7341,AARS2
7342,SPATS1
7343,CDC5L
7344,SUPT3H
7345,RUNX2
7346,CLIC5
7347,ENPP4
7348,ENPP5
7349,RCAN2
7350,CYP39A1
7351,SLC25A27
7352,TDRD6
7353,PLA2G7
7354,ANKRD66
7355,MEP1A
7356,ADGRF5
7357,ADGRF1
7358,TNFRSF21
7359,CD2AP
7360,ADGRF2
7361,ADGRF4
7362,OPN5
7363,PTCHD4
7364,MUT
7365,CENPQ
7366,GLYATL3
7367,C6orf141
7368,RHAG
7369,CRISP2
7370,CRISP3
7371,PGK2
7372,CRISP1
7373,DEFB133
7374,DEFB114
7375,DEFB113
7376,DEFB110
7377,DEFB112
7378,TFAP2D
7379,TFAP2B
7380,PKHD1
7381,LINCMD1
7382,IL17A
7383,IL17F
7384,MCM3
7385,PAQR8
7386,EFHC1
7387,TRAM2
7388,TRAM2-AS1
7389,TMEM14A
7390,GSTA2
7391,GSTA1
7392,GSTA5
7393,GSTA3
7394,GSTA4
7395,ICK
7396,FBXO9
7397,GCM1
7398,ELOVL5
7399,GCLC
7400,LINC01564
7401,KLHL31
7402,LRRC1
7403,MLIP
7404,MLIP-AS1
7405,TINAG
7406,FAM83B
7407,HCRTR2
7408,GFRAL
7409,HMGCLL1
7410,BMP5
7411,COL21A1
7412,DST
7413,BEND6
7414,KIAA1586
7415,ZNF451
7416,BAG2
7417,RAB23
7418,PRIM2
7419,KHDRBS2
7420,FKBP1C
7421,LGSN
7422,PTP4A1
7423,PHF3
7424,EYS
7425,ADGRB3
7426,LMBRD1
7427,COL19A1
7428,COL9A1
7429,FAM135A
7430,SDHAF4
7431,SMAP1
7432,B3GAT2
7433,OGFRL1
7434,LINC00472
7435,LINC01626
7436,RIMS1
7437,KCNQ5
7438,KCNQ5-AS1
7439,KHDC1L
7440,KHDC1
7441,DPPA5
7442,KHDC3L
7443,OOEP
7444,OOEP-AS1
7445,DDX43
7446,MTO1
7447,EEF1A1
7448,SLC17A5
7449,CD109
7450,COL12A1
7451,COX7A2
7452,TMEM30A
7453,FILIP1
7454,SENP6
7455,MYO6
7456,IMPG1
7457,HTR1B
7458,MEI4
7459,IRAK1BP1
7460,PHIP
7461,HMGN3
7462,HMGN3-AS1
7463,LCA5
7464,SH3BGRL2
7465,LINC01621
7466,ELOVL4
7467,TTK
7468,BCKDHB
7469,LINC01526
7470,IBTK
7471,TPBG
7472,UBE3D
7473,DOPEY1
7474,PGM3
7475,RWDD2A
7476,ME1
7477,PRSS35
7478,SNAP91
7479,RIPPLY2
7480,CYB5R4
7481,MRAP2
7482,CEP162
7483,LINC01611
7484,TBX18
7485,TBX18-AS1
7486,NT5E
7487,SNX14
7488,SYNCRIP
7489,HTR1E
7490,CGA
7491,ZNF292
7492,GJB7
7493,SMIM8
7494,C6orf163
7495,CFAP206
7496,SLC35A1
7497,RARS2
7498,ORC3
7499,AKIRIN2
7500,SPACA1
7501,CNR1
7502,RNGTT
7503,PNRC1
7504,SRSF12
7505,PM20D2
7506,GABRR1
7507,GABRR2
7508,UBE2J1
7509,RRAGD
7510,ANKRD6
7511,LYRM2
7512,MDN1
7513,CASP8AP2
7514,GJA10
7515,BACH2
7516,MAP3K7
7517,CASC6
7518,EPHA7
7519,MANEA
7520,FUT9
7521,UFL1-AS1
7522,UFL1
7523,FHL5
7524,GPR63
7525,NDUFAF4
7526,KLHL32
7527,MMS22L
7528,POU3F2
7529,FBXL4
7530,FAXC
7531,COQ3
7532,PNISR
7533,USP45
7534,TSTD3
7535,CCNC
7536,PRDM13
7537,MCHR2
7538,MCHR2-AS1
7539,SIM1
7540,ASCC3
7541,GRIK2
7542,HACE1
7543,LIN28B
7544,BVES
7545,BVES-AS1
7546,POPDC3
7547,PREP
7548,PRDM1
7549,ATG5
7550,RTN4IP1
7551,QRSL1
7552,CD24
7553,C6orf203
7554,BEND3
7555,PDSS2
7556,SOBP
7557,SCML4
7558,SEC63
7559,OSTM1
7560,OSTM1-AS1
7561,NR2E1
7562,SNX3
7563,FOXO3
7564,LINC00222
7565,ARMC2
7566,ARMC2-AS1
7567,SESN1
7568,CEP57L1
7569,CD164
7570,PPIL6
7571,SMPD2
7572,MICAL1
7573,ZBTB24
7574,AK9
7575,FIG4
7576,GPR6
7577,WASF1
7578,CDC40
7579,METTL24
7580,DDO
7581,SLC22A16
7582,CDK19
7583,AMD1
7584,GTF3C6
7585,RPF2
7586,SLC16A10
7587,REV3L
7588,TRAF3IP2-AS1
7589,TRAF3IP2
7590,FYN
7591,WISP3
7592,TUBE1
7593,FAM229B
7594,LAMA4
7595,RFPL4B
7596,MARCKS
7597,LINC01268
7598,HDAC2
7599,HS3ST5
7600,FRK
7601,NT5DC1
7602,COL10A1
7603,TSPYL4
7604,DSE
7605,TSPYL1
7606,TRAPPC3L
7607,RWDD1
7608,RSPH4A
7609,KPNA5
7610,FAM162B
7611,GPRC6A
7612,RFX6
7613,VGLL2
7614,ROS1
7615,DCBLD1
7616,GOPC
7617,NUS1
7618,SLC35F1
7619,CEP85L
7620,PLN
7621,MCM9
7622,ASF1A
7623,FAM184A
7624,MAN1A1
7625,TBC1D32
7626,GJA1
7627,HSF2
7628,SERINC1
7629,PKIB
7630,FABP7
7631,SMPDL3A
7632,CLVS2
7633,TRDN
7634,NKAIN2
7635,RNF217-AS1
7636,RNF217
7637,TPD52L1
7638,HDDC2
7639,HEY2
7640,NCOA7
7641,NCOA7-AS1
7642,HINT3
7643,TRMT11
7644,CENPW
7645,RSPO3
7646,RNF146
7647,ECHDC1
7648,KIAA0408
7649,SOGA3
7650,C6orf58
7651,THEMIS
7652,PTPRK
7653,LAMA2
7654,ARHGAP18
7655,TMEM244
7656,L3MBTL3
7657,SAMD3
7658,TMEM200A
7659,SMLR1
7660,EPB41L2
7661,AKAP7
7662,ARG1
7663,MED23
7664,ENPP3
7665,OR2A4
7666,CTAGE9
7667,ENPP1
7668,CTGF
7669,LINC01013
7670,MOXD1
7671,STX7
7672,TAAR9
7673,TAAR8
7674,TAAR6
7675,TAAR5
7676,TAAR2
7677,TAAR1
7678,VNN1
7679,VNN3
7680,VNN2
7681,SLC18B1
7682,RPS12
7683,LINC00326
7684,EYA4
7685,TARID
7686,LINC01312
7687,TCF21
7688,TBPL1
7689,SLC2A12
7690,SGK1
7691,LINC01010
7692,ALDH8A1
7693,HBS1L
7694,MYB
7695,MYB-AS1
7696,AHI1
7697,LINC00271
7698,PDE7B
7699,MTFR2
7700,BCLAF1
7701,MAP7
7702,MAP3K5
7703,PEX7
7704,SLC35D3
7705,IL20RA
7706,IL22RA2
7707,IFNGR1
7708,OLIG3
7709,TNFAIP3
7710,PERP
7711,ARFGEF3
7712,PBOV1
7713,HEBP2
7714,NHSL1
7715,GVQW2
7716,CCDC28A
7717,ECT2L
7718,REPS1
7719,ABRACL
7720,HECA
7721,TXLNB
7722,CITED2
7723,LINC01625
7724,NMBR
7725,GJE1
7726,VTA1
7727,ADGRG6
7728,HIVEP2
7729,LINC01277
7730,AIG1
7731,ADAT2
7732,PEX3
7733,FUCA2
7734,PHACTR2
7735,PHACTR2-AS1
7736,LTV1
7737,ZC2HC1B
7738,PLAGL1
7739,SF3B5
7740,STX11
7741,UTRN
7742,EPM2A
7743,AL023806.1
7744,FBXO30
7745,SHPRH
7746,GRM1
7747,RAB32
7748,ADGB
7749,STXBP5-AS1
7750,LUADT1
7751,STXBP5
7752,SAMD5
7753,SASH1
7754,UST
7755,UST-AS1
7756,TAB2
7757,SUMO4
7758,ZC3H12D
7759,PPIL4
7760,GINM1
7761,KATNA1
7762,LATS1
7763,AL358852.1
7764,NUP43
7765,PCMT1
7766,LRP11
7767,RAET1E-AS1
7768,RAET1E
7769,RAET1G
7770,ULBP2
7771,ULBP1
7772,RAET1L
7773,ULBP3
7774,PPP1R14C
7775,IYD
7776,PLEKHG1
7777,MTHFD1L
7778,AKAP12
7779,ZBTB2
7780,RMND1
7781,ARMT1
7782,CCDC170
7783,ESR1
7784,SYNE1
7785,SYNE1-AS1
7786,NANOGP11
7787,MYCT1
7788,VIP
7789,FBXO5
7790,MTRF1L
7791,RGS17
7792,OPRM1
7793,IPCEF1
7794,CNKSR3
7795,SCAF8
7796,TIAM2
7797,TFB1M
7798,CLDN20
7799,NOX3
7800,ARID1B
7801,TMEM242
7802,ZDHHC14
7803,SNX9
7804,SYNJ2
7805,SERAC1
7806,GTF2H5
7807,TULP4
7808,TMEM181
7809,DYNLT1
7810,SYTL3
7811,EZR
7812,EZR-AS1
7813,C6orf99
7814,RSPH3
7815,TAGAP
7816,FNDC1
7817,SOD2
7818,WTAP
7819,ACAT2
7820,TCP1
7821,MRPL18
7822,PNLDC1
7823,MAS1
7824,IGF2R
7825,AIRN
7826,SLC22A1
7827,SLC22A2
7828,SLC22A3
7829,LPA
7830,PLG
7831,MAP3K4
7832,AGPAT4
7833,PACRG
7834,PACRG-AS2
7835,PACRG-AS3
7836,PACRG-AS1
7837,CAHM
7838,QKI
7839,C6orf118
7840,PDE10A
7841,LINC00473
7842,LINC00602
7843,PRR18
7844,SFT2D1
7845,MPC1
7846,RPS6KA2
7847,RPS6KA2-AS1
7848,RNASET2
7849,FGFR1OP
7850,CCR6
7851,TCP10L2
7852,GPR31
7853,UNC93A
7854,TTLL2
7855,TCP10
7856,LINC01558
7857,KIF25-AS1
7858,KIF25
7859,FRMD1
7860,DACT2
7861,SMOC2
7862,LINC01615
7863,THBS2
7864,WDR27
7865,C6orf120
7866,PHF10
7867,TCTE3
7868,ERMARD
7869,LINC00242
7870,LINC00574
7871,LINC01624
7872,DLL1
7873,FAM120B
7874,PSMB1
7875,TBP
7876,PDCD2
7877,AC093627.7
7878,FAM20C
7879,AC226118.1
7880,AC147651.1
7881,PDGFA
7882,PRKAR1B
7883,AC147651.4
7884,DNAAF5
7885,SUN1
7886,GET4
7887,ADAP1
7888,COX19
7889,CYP2W1
7890,C7orf50
7891,GPR146
7892,GPER1
7893,ZFAND2A
7894,UNCX
7895,MICALL2
7896,INTS1
7897,MAFK
7898,TMEM184A
7899,PSMG3
7900,PSMG3-AS1
7901,ELFN1
7902,ELFN1-AS1
7903,MAD1L1
7904,NUDT1
7905,SNX8
7906,EIF3B
7907,CHST12
7908,GRIFIN
7909,LFNG
7910,BRAT1
7911,IQCE
7912,TTYH3
7913,AMZ1
7914,GNA12
7915,CARD11
7916,AC024028.1
7917,AC073316.2
7918,AC073316.1
7919,SDK1
7920,FOXK1
7921,AP5Z1
7922,RADIL
7923,PAPOLB
7924,MMD2
7925,RBAK-RBAKDN
7926,RBAK
7927,RBAKDN
7928,WIPI2
7929,SLC29A4
7930,TNRC18
7931,AC092171.2
7932,FBXL18
7933,AC092171.4
7934,ACTB
7935,FSCN1
7936,RNF216
7937,OCM
7938,CCZ1
7939,RSPH10B
7940,PMS2
7941,AIMP2
7942,EIF2AK1
7943,ANKRD61
7944,USP42
7945,CYTH3
7946,FAM220A
7947,RAC1
7948,DAGLB
7949,KDELR2
7950,GRID2IP
7951,ZDHHC4
7952,C7orf26
7953,ZNF853
7954,ZNF316
7955,ZNF12
7956,RSPH10B2
7957,CCZ1B
7958,C1GALT1
7959,COL28A1
7960,MIOS
7961,RPA3
7962,UMAD1
7963,GLCCI1
7964,ICA1
7965,AC007009.1
7966,AC007128.1
7967,NXPH1
7968,NDUFA4
7969,PHF14
7970,THSD7A
7971,TMEM106B
7972,VWDE
7973,AC005281.1
7974,SCIN
7975,ARL4A
7976,ETV1
7977,DGKB
7978,AC006150.1
7979,AGMO
7980,MEOX2
7981,AC006041.1
7982,ISPD
7983,ISPD-AS1
7984,SOSTDC1
7985,LRRC72
7986,ANKMY2
7987,BZW2
7988,TSPAN13
7989,AC073333.1
7990,AGR2
7991,AGR3
7992,AHR
7993,AC019117.1
7994,AC019117.2
7995,AC006482.1
7996,SNX13
7997,PRPS1L1
7998,HDAC9
7999,TWIST1
8000,FERD3L
8001,AC007091.1
8002,TWISTNB
8003,TMEM196
8004,MACC1
8005,MACC1-AS1
8006,AC099342.1
8007,ITGB8
8008,ABCB5
8009,SP8
8010,LINC01162
8011,SP4
8012,DNAH11
8013,CDCA7L
8014,RAPGEF5
8015,STEAP1B
8016,AC002480.3
8017,AC002480.4
8018,AC002480.2
8019,IL6
8020,AC073072.1
8021,TOMM7
8022,FAM126A
8023,KLHL7
8024,NUPL2
8025,GPNMB
8026,MALSU1
8027,IGF2BP3
8028,TRA2A
8029,CCDC126
8030,FAM221A
8031,STK31
8032,NPY
8033,MPP6
8034,OSBPL3
8035,CYCS
8036,C7orf31
8037,NPVF
8038,AC003985.1
8039,AC091705.1
8040,NFE2L3
8041,HNRNPA2B1
8042,CBX3
8043,SNX10
8044,KIAA0087
8045,C7orf71
8046,SKAP2
8047,HOXA1
8048,HOTAIRM1
8049,HOXA2
8050,HOXA3
8051,HOXA-AS2
8052,HOXA4
8053,HOXA-AS3
8054,HOXA5
8055,HOXA6
8056,HOXA7
8057,HOXA9
8058,HOXA10-AS
8059,HOXA10
8060,HOXA11
8061,HOXA11-AS
8062,HOXA13
8063,HOTTIP
8064,EVX1-AS
8065,EVX1
8066,HIBADH
8067,TAX1BP1
8068,JAZF1
8069,JAZF1-AS1
8070,CREB5
8071,TRIL
8072,CPVL
8073,CHN2
8074,AC004593.3
8075,PRR15
8076,WIPF3
8077,SCRN1
8078,FKBP14
8079,PLEKHA8
8080,MTURN
8081,ZNRF2
8082,LINC01176
8083,NOD1
8084,GGCT
8085,GARS
8086,CRHR2
8087,INMT
8088,AQP1
8089,GHRHR
8090,ADCYAP1R1
8091,NEUROD6
8092,CCDC129
8093,PPP1R17
8094,PDE1C
8095,LSM5
8096,AVL9
8097,LINC00997
8098,KBTBD2
8099,FKBP9
8100,NT5C3A
8101,RP9
8102,BBS9
8103,BMPER
8104,NPSR1
8105,DPY19L1
8106,TBX20
8107,AC007652.1
8108,HERPUD2
8109,SEPT7-AS1
8110,SEPT7
8111,EEPD1
8112,KIAA0895
8113,ANLN
8114,AOAH
8115,AC007349.4
8116,ELMO1
8117,ELMO1-AS1
8118,GPR141
8119,EPDR1
8120,NME8
8121,SFRP4
8122,STARD3NL
8123,TRGC2
8124,TRGJ2
8125,TRGJP2
8126,TRGC1
8127,TRGJ1
8128,TRGJP
8129,TRGJP1
8130,TRGV11
8131,TRGVB
8132,TRGV10
8133,TRGV9
8134,TRGVA
8135,TRGV8
8136,TRGV7
8137,TRGV6
8138,TRG-AS1
8139,TRGV5
8140,TRGV5P
8141,TRGV4
8142,TRGV3
8143,TRGV2
8144,TRGV1
8145,AMPH
8146,VPS41
8147,POU6F2
8148,POU6F2-AS2
8149,POU6F2-AS1
8150,YAE1D1
8151,RALA
8152,LINC00265
8153,CDK13
8154,MPLKIP
8155,SUGCT
8156,AC004988.1
8157,LINC01450
8158,LINC01449
8159,INHBA
8160,INHBA-AS1
8161,GLI3
8162,LINC01448
8163,C7orf25
8164,PSMA2
8165,MRPL32
8166,HECW1
8167,STK17A
8168,COA1
8169,BLVRA
8170,MRPS24
8171,URGCP-MRPS24
8172,URGCP
8173,UBE2D4
8174,SPDYE1
8175,LINC00957
8176,DBNL
8177,PGAM2
8178,POLM
8179,AEBP1
8180,POLD2
8181,MYL7
8182,GCK
8183,YKT6
8184,CAMK2B
8185,NUDCD3
8186,NPC1L1
8187,DDX56
8188,TMED4
8189,OGDH
8190,ZMIZ2
8191,PPIA
8192,H2AFV
8193,PURB
8194,MYO1G
8195,SNHG15
8196,CCM2
8197,NACAD
8198,TBRG4
8199,RAMP3
8200,AC073325.1
8201,ADCY1
8202,IGFBP1
8203,IGFBP3
8204,AC023669.1
8205,AC004869.2
8206,AC004870.3
8207,TNS3
8208,LINC01447
8209,C7orf65
8210,HUS1
8211,LINC00525
8212,PKD1L1
8213,C7orf69
8214,SUN3
8215,C7orf57
8216,UPP1
8217,ABCA13
8218,VWC2
8219,ZPBP
8220,AC020743.2
8221,AC020743.3
8222,IKZF1
8223,FIGNL1
8224,DDC
8225,DDC-AS1
8226,GRB10
8227,COBL
8228,POM121L12
8229,LINC01446
8230,HPVC1
8231,LINC01445
8232,VSTM2A
8233,SEC61G
8234,EGFR
8235,EGFR-AS1
8236,ELDR
8237,LANCL2
8238,VOPP1
8239,SEPT14
8240,ZNF713
8241,MRPS17
8242,PSPH
8243,CCT6A
8244,SUMF2
8245,PHKG1
8246,CHCHD2
8247,NUPR2
8248,ZNF479
8249,ZNF716
8250,LINC01005
8251,ZNF727
8252,ZNF735
8253,ZNF679
8254,ZNF736
8255,ZNF680
8256,ZNF107
8257,ZNF138
8258,ZNF273
8259,ZNF117
8260,ERV3-1
8261,ZNF92
8262,VKORC1L1
8263,GUSB
8264,ASL
8265,CRCP
8266,TPST1
8267,KCTD7
8268,RABGEF1
8269,TMEM248
8270,SBDS
8271,TYW1
8272,LINC01372
8273,AUTS2
8274,CALN1
8275,TYW1B
8276,POM121
8277,TRIM74
8278,NSUN5
8279,TRIM50
8280,FKBP6
8281,FZD9
8282,BAZ1B
8283,BCL7B
8284,TBL2
8285,MLXIPL
8286,VPS37D
8287,DNAJC30
8288,STX1A
8289,ABHD11
8290,CLDN3
8291,CLDN4
8292,ELN
8293,LIMK1
8294,EIF4H
8295,LAT2
8296,RFC2
8297,CLIP2
8298,GTF2IRD1
8299,GTF2I
8300,NCF1
8301,GTF2IRD2
8302,GTF2IRD2B
8303,TRIM73
8304,POM121C
8305,SPDYE5
8306,HIP1
8307,CCL26
8308,CCL24
8309,RHBDD2
8310,POR
8311,TMEM120A
8312,STYXL1
8313,MDH2
8314,SRRM3
8315,HSPB1
8316,YWHAG
8317,SSC4D
8318,ZP3
8319,DTX2
8320,UPK3B
8321,SPDYE16
8322,POMZP3
8323,CCDC146
8324,FGL2
8325,GSAP
8326,PTPN12
8327,APTR
8328,RSBN1L
8329,TMEM60
8330,PHTF2
8331,MAGI2
8332,MAGI2-AS1
8333,MAGI2-AS2
8334,GNAI1
8335,AC003988.1
8336,CD36
8337,GNAT3
8338,SEMA3C
8339,AC005008.2
8340,HGF
8341,CACNA2D1
8342,PCLO
8343,SEMA3E
8344,SEMA3A
8345,AC003984.1
8346,SEMA3D
8347,LINC00972
8348,GRM3
8349,AC005009.1
8350,AC005009.2
8351,KIAA1324L
8352,DMTF1
8353,TMEM243
8354,TP53TG1
8355,CROT
8356,ABCB4
8357,ABCB1
8358,RUNDC3B
8359,SLC25A40
8360,DBF4
8361,ADAM22
8362,SRI
8363,STEAP4
8364,ZNF804B
8365,STEAP1
8366,STEAP2
8367,CFAP69
8368,GTPBP10
8369,CLDN12
8370,CDK14
8371,FZD1
8372,MTERF1
8373,AKAP9
8374,CYP51A1
8375,LRRD1
8376,CYP51A1-AS1
8377,KRIT1
8378,ANKIB1
8379,GATAD1
8380,ERVW-1
8381,PEX1
8382,RBM48
8383,FAM133B
8384,CDK6
8385,AC002454.1
8386,SAMD9
8387,SAMD9L
8388,HEPACAM2
8389,VPS50
8390,CALCR
8391,GNGT1
8392,TFPI2
8393,GNG11
8394,BET1
8395,AC003092.1
8396,AC003092.2
8397,COL1A2
8398,CASD1
8399,SGCE
8400,PEG10
8401,PPP1R9A
8402,PON1
8403,PON3
8404,PON2
8405,AC004012.1
8406,ASB4
8407,PDK4
8408,DYNC1I1
8409,SLC25A13
8410,DLX6-AS1
8411,DLX6
8412,DLX5
8413,SDHAF3
8414,TAC1
8415,ASNS
8416,OCM2
8417,LMTK2
8418,BHLHA15
8419,TECPR1
8420,BRI3
8421,BAIAP2L1
8422,NPTX2
8423,TMEM130
8424,TRRAP
8425,SMURF1
8426,KPNA7
8427,ARPC1A
8428,ARPC1B
8429,PDAP1
8430,BUD31
8431,PTCD1
8432,CPSF4
8433,ZNF789
8434,ZNF394
8435,ZKSCAN5
8436,FAM200A
8437,ZNF655
8438,ZSCAN25
8439,CYP3A5
8440,CYP3A7-CYP3A51P
8441,CYP3A7
8442,CYP3A4
8443,CYP3A43
8444,OR2AE1
8445,TRIM4
8446,GJC3
8447,AZGP1
8448,ZKSCAN1
8449,ZSCAN21
8450,ZNF3
8451,COPS6
8452,MCM7
8453,AP4M1
8454,TAF6
8455,CNPY4
8456,MBLAC1
8457,LAMTOR4
8458,C7orf43
8459,GAL3ST4
8460,GPC2
8461,STAG3
8462,PVRIG
8463,SPDYE3
8464,PILRB
8465,PILRA
8466,ZCWPW1
8467,MEPCE
8468,PPP1R35
8469,C7orf61
8470,TSC22D4
8471,NYAP1
8472,AGFG2
8473,SAP25
8474,LRCH4
8475,FBXO24
8476,PCOLCE-AS1
8477,PCOLCE
8478,MOSPD3
8479,TFR2
8480,ACTL6B
8481,GNB2
8482,GIGYF1
8483,POP7
8484,EPO
8485,ZAN
8486,EPHB4
8487,SLC12A9
8488,TRIP6
8489,SRRT
8490,UFSP1
8491,ACHE
8492,MUC3A
8493,MUC12
8494,MUC17
8495,TRIM56
8496,SERPINE1
8497,AP1S1
8498,VGF
8499,NAT16
8500,MOGAT3
8501,PLOD3
8502,ZNHIT1
8503,CLDN15
8504,FIS1
8505,IFT22
8506,COL26A1
8507,LINC01007
8508,MYL10
8509,CUX1
8510,SH2B2
8511,SPDYE6
8512,PRKRIP1
8513,ORAI2
8514,ALKBH4
8515,LRWD1
8516,POLR2J
8517,RASA4B
8518,POLR2J3
8519,SPDYE2
8520,RASA4
8521,SPDYE2B
8522,POLR2J2
8523,FAM185A
8524,FBXL13
8525,LRRC17
8526,NFE4
8527,ARMC10
8528,NAPEPLD
8529,PMPCB
8530,DNAJC2
8531,PSMC2
8532,SLC26A5
8533,RELN
8534,ORC5
8535,LHFPL3
8536,LINC01004
8537,KMT2E-AS1
8538,KMT2E
8539,SRPK2
8540,PUS7
8541,RINT1
8542,EFCAB10
8543,ATXN7L1
8544,CDHR3
8545,SYPL1
8546,NAMPT
8547,CCDC71L
8548,PIK3CG
8549,PRKAR2B
8550,HBP1
8551,COG5
8552,GPR22
8553,DUS4L
8554,BCAP29
8555,SLC26A4-AS1
8556,SLC26A4
8557,CBLL1
8558,SLC26A3
8559,DLD
8560,LAMB1
8561,LAMB4
8562,NRCAM
8563,PNPLA8
8564,THAP5
8565,DNAJB9
8566,C7orf66
8567,AC002386.1
8568,AC073071.1
8569,IMMP2L
8570,LRRN3
8571,DOCK4
8572,DOCK4-AS1
8573,ZNF277
8574,IFRD1
8575,LSMEM1
8576,TMEM168
8577,GPR85
8578,PPP1R3A
8579,FOXP2
8580,MDFIC
8581,LINC01392
8582,LINC01393
8583,TFEC
8584,TES
8585,AC002066.1
8586,AC073130.2
8587,CAV2
8588,CAV1
8589,LINC01510
8590,MET
8591,CAPZA2
8592,ST7-AS1
8593,ST7
8594,ST7-AS2
8595,WNT2
8596,ASZ1
8597,CFTR
8598,CTTNBP2
8599,LSM8
8600,ANKRD7
8601,KCND2
8602,TSPAN12
8603,ING3
8604,CPED1
8605,WNT16
8606,FAM3C
8607,PTPRZ1
8608,AASS
8609,FEZF1
8610,FEZF1-AS1
8611,CADPS2
8612,RNF133
8613,RNF148
8614,TAS2R16
8615,SLC13A1
8616,IQUB
8617,NDUFA5
8618,ASB15
8619,LMOD2
8620,WASL
8621,HYAL4
8622,SPAM1
8623,TMEM229A
8624,GPR37
8625,C7orf77
8626,POT1
8627,POT1-AS1
8628,GRM8
8629,AC000099.1
8630,ZNF800
8631,AC000124.1
8632,GCC1
8633,ARF5
8634,FSCN3
8635,PAX4
8636,SND1
8637,SND1-IT1
8638,LRRC4
8639,LEP
8640,RBM28
8641,PRRT4
8642,IMPDH1
8643,HILPDA
8644,METTL2B
8645,FAM71F2
8646,FAM71F1
8647,CALU
8648,OPN1SW
8649,CCDC136
8650,FLNC
8651,KCP
8652,ATP6V1F
8653,IRF5
8654,TNPO3
8655,TSPAN33
8656,SMO
8657,AHCYL2
8658,STRIP2
8659,SMKR1
8660,NRF1
8661,UBE2H
8662,ZC3HC1
8663,KLHDC10
8664,TMEM209
8665,SSMEM1
8666,CPA2
8667,CPA4
8668,CPA5
8669,CPA1
8670,CEP41
8671,MESTIT1
8672,MEST
8673,COPG2
8674,TSGA13
8675,KLF14
8676,AC016831.7
8677,AC058791.1
8678,MKLN1
8679,PODXL
8680,PLXNA4
8681,AC011625.1
8682,CHCHD3
8683,EXOC4
8684,LRGUK
8685,SLC35B4
8686,AKR1B1
8687,AKR1B10
8688,AKR1B15
8689,BPGM
8690,CALD1
8691,AGBL3
8692,TMEM140
8693,WDR91
8694,STRA8
8695,CNOT4
8696,NUP205
8697,SLC13A4
8698,FAM180A
8699,AC015987.1
8700,MTPN
8701,LUZP6
8702,AC024084.1
8703,AC009264.1
8704,CHRM2
8705,PTN
8706,DGKI
8707,CREB3L2
8708,AKR1D1
8709,TRIM24
8710,SVOPL
8711,ATP6V0A4
8712,TMEM213
8713,KIAA1549
8714,ZC3HAV1L
8715,ZC3HAV1
8716,TTC26
8717,UBN2
8718,LUC7L2
8719,C7orf55-LUC7L2
8720,KLRG2
8721,CLEC2L
8722,HIPK2
8723,TBXAS1
8724,PARP12
8725,KDM7A
8726,SLC37A3
8727,RAB19
8728,MKRN1
8729,DENND2A
8730,ADCK2
8731,NDUFB2
8732,NDUFB2-AS1
8733,BRAF
8734,MRPS33
8735,TMEM178B
8736,AGK
8737,KIAA1147
8738,WEE2-AS1
8739,WEE2
8740,SSBP1
8741,TAS2R3
8742,TAS2R4
8743,TAS2R5
8744,PRSS37
8745,MGAM
8746,OR9A4
8747,CLEC5A
8748,TAS2R38
8749,MGAM2
8750,PRSS58
8751,TRBV1
8752,TRBV2
8753,TRBV3-1
8754,TRBV4-1
8755,TRBV5-1
8756,TRBV6-1
8757,TRBV7-1
8758,TRBV4-2
8759,TRBV6-2
8760,TRBV7-2
8761,TRBV8-1
8762,TRBV5-2
8763,TRBV6-4
8764,TRBV7-3
8765,TRBV8-2
8766,TRBV5-3
8767,TRBV9
8768,TRBV10-1
8769,TRBV11-1
8770,TRBV12-1
8771,TRBV10-2
8772,TRBV11-2
8773,TRBV12-2
8774,TRBV6-5
8775,TRBV7-4
8776,TRBV5-4
8777,TRBV6-6
8778,TRBV7-5
8779,TRBV5-5
8780,TRBV6-7
8781,TRBV7-6
8782,TRBV5-6
8783,TRBV6-8
8784,TRBV7-7
8785,TRBV5-7
8786,TRBV7-9
8787,TRBV13
8788,TRBV10-3
8789,TRBV11-3
8790,TRBV12-3
8791,TRBV12-4
8792,TRBV12-5
8793,TRBV14
8794,TRBV15
8795,TRBV16
8796,TRBV17
8797,TRBV18
8798,TRBV19
8799,TRBV20-1
8800,TRBV21-1
8801,TRBV22-1
8802,TRBV23-1
8803,TRBV24-1
8804,MTRNR2L6
8805,TRBV25-1
8806,TRBVA
8807,TRBV26
8808,TRBVB
8809,TRBV27
8810,TRBV28
8811,TRBC1
8812,TRBV29-1
8813,PRSS2
8814,PRSS1
8815,TRBD1
8816,TRBJ1-1
8817,TRBJ1-2
8818,TRBJ1-3
8819,TRBJ1-4
8820,TRBJ1-5
8821,TRBJ1-6
8822,TRBJ2-1
8823,TRBJ2-2
8824,TRBJ2-2P
8825,TRBJ2-3
8826,TRBJ2-4
8827,TRBJ2-5
8828,TRBJ2-6
8829,TRBJ2-7
8830,TRBC2
8831,TRBV30
8832,EPHB6
8833,TRPV6
8834,TRPV5
8835,KEL
8836,OR9A2
8837,OR6V1
8838,PIP
8839,TAS2R39
8840,TAS2R40
8841,GSTK1
8842,TMEM139
8843,CASP2
8844,CLCN1
8845,FAM131B
8846,ZYX
8847,EPHA1
8848,EPHA1-AS1
8849,TAS2R60
8850,TAS2R41
8851,CTAGE15
8852,TCAF2
8853,CTAGE6
8854,TCAF1
8855,OR2F2
8856,OR6B1
8857,OR2A5
8858,OR2A25
8859,OR2A12
8860,OR2A2
8861,OR2A14
8862,CTAGE4
8863,ARHGEF35
8864,OR2A42
8865,OR2A1-AS1
8866,OR2A7
8867,CTAGE8
8868,OR2A1
8869,ARHGEF5
8870,NOBOX
8871,TPK1
8872,AC006007.1
8873,CNTNAP2
8874,AC006004.1
8875,C7orf33
8876,CUL1
8877,EZH2
8878,GHET1
8879,PDIA4
8880,ZNF786
8881,ZNF425
8882,ZNF398
8883,ZNF282
8884,ZNF212
8885,ZNF783
8886,ZNF777
8887,ZNF746
8888,KRBA1
8889,ZNF467
8890,SSPO
8891,ZNF862
8892,ATP6V0E2-AS1
8893,ATP6V0E2
8894,ACTR3C
8895,LRRC61
8896,ZBED6CL
8897,RARRES2
8898,REPIN1
8899,ZNF775
8900,LINC00996
8901,GIMAP8
8902,GIMAP7
8903,GIMAP4
8904,GIMAP6
8905,GIMAP2
8906,GIMAP1
8907,GIMAP1-GIMAP5
8908,GIMAP5
8909,TMEM176B
8910,TMEM176A
8911,AOC1
8912,KCNH2
8913,NOS3
8914,ATG9B
8915,ABCB8
8916,ASIC3
8917,CDK5
8918,SLC4A2
8919,FASTK
8920,TMUB1
8921,AGAP3
8922,GBX1
8923,ASB10
8924,IQCA1L
8925,ABCF2
8926,CHPF2
8927,SMARCD3
8928,NUB1
8929,WDR86
8930,CRYGN
8931,RHEB
8932,PRKAG2
8933,PRKAG2-AS1
8934,GALNTL5
8935,GALNT11
8936,KMT2C
8937,LINC01003
8938,XRCC2
8939,ACTR3B
8940,LINC01287
8941,DPP6
8942,AC006019.3
8943,PAXIP1-AS2
8944,PAXIP1
8945,PAXIP1-AS1
8946,HTR5A-AS1
8947,HTR5A
8948,AC099552.3
8949,AC099552.2
8950,AC144652.1
8951,INSIG1
8952,BLACE
8953,EN2
8954,CNPY1
8955,RBM33
8956,SHH
8957,AC073133.2
8958,AC073133.1
8959,LINC01006
8960,LINC00244
8961,RNF32
8962,LMBR1
8963,NOM1
8964,MNX1
8965,MNX1-AS2
8966,MNX1-AS1
8967,UBE3C
8968,DNAJB6
8969,PTPRN2
8970,AC078942.1
8971,LINC01022
8972,NCAPG2
8973,ESYT2
8974,WDR60
8975,VIPR2
8976,PLCXD1
8977,GTPBP6
8978,LINC00685
8979,PPP2R3B
8980,SHOX
8981,CRLF2
8982,CSF2RA
8983,IL3RA
8984,SLC25A6
8985,LINC00106
8986,ASMTL-AS1
8987,ASMTL
8988,P2RY8
8989,AKAP17A
8990,ASMT
8991,DHRSX
8992,ZBED1
8993,LINC00102
8994,CD99
8995,XG
8996,GYG2
8997,GYG2-AS1
8998,ARSD
8999,ARSD-AS1
9000,ARSE
9001,ARSH
9002,ARSF
9003,LINC01546
9004,MXRA5
9005,PRKX
9006,PRKX-AS1
9007,NLGN4X
9008,VCX3A
9009,PUDP
9010,STS
9011,VCX
9012,PNPLA4
9013,VCX2
9014,VCX3B
9015,ANOS1
9016,FAM9A
9017,FAM9B
9018,TBL1X
9019,GPR143
9020,SHROOM2
9021,CLDN34
9022,WWC3
9023,WWC3-AS1
9024,CLCN4
9025,MID1
9026,HCCS
9027,ARHGAP6
9028,AMELX
9029,MSL3
9030,FRMPD4
9031,FRMPD4-AS1
9032,PRPS2
9033,TLR7
9034,TLR8-AS1
9035,TLR8
9036,TMSB4X
9037,FAM9C
9038,ATXN3L
9039,LINC01203
9040,EGFL6
9041,TCEANC
9042,RAB9A
9043,TRAPPC2
9044,OFD1
9045,GPM6B
9046,GEMIN8
9047,GLRA2
9048,FANCB
9049,MOSPD2
9050,ASB9
9051,ASB11
9052,PIGA
9053,PIR
9054,BMX
9055,ACE2
9056,CA5B
9057,INE2
9058,ZRSR2
9059,AP1S2
9060,GRPR
9061,MAGEB17
9062,CTPS2
9063,S100G
9064,SYAP1
9065,TXLNG
9066,RBBP7
9067,REPS2
9068,NHS
9069,NHS-AS1
9070,SCML1
9071,RAI2
9072,LINC01456
9073,BEND2
9074,SCML2
9075,CDKL5
9076,RS1
9077,PPEF1
9078,PPEF1-AS1
9079,PHKA2-AS1
9080,PHKA2
9081,ADGRG2
9082,PDHA1
9083,MAP3K15
9084,SH3KBP1
9085,MAP7D2
9086,EIF1AX
9087,EIF1AX-AS1
9088,RPS6KA3
9089,CNKSR2
9090,KLHL34
9091,SMPX
9092,MBTPS2
9093,YY2
9094,SMS
9095,PHEX
9096,PHEX-AS1
9097,PTCHD1-AS
9098,DDX53
9099,PTCHD1
9100,PRDX4
9101,ACOT9
9102,SAT1
9103,APOO
9104,CXorf58
9105,KLHL15
9106,EIF2S3
9107,ZFX-AS1
9108,ZFX
9109,PDK3
9110,PCYT1B
9111,PCYT1B-AS1
9112,POLA1
9113,ARX
9114,MAGEB18
9115,MAGEB6
9116,MAGEB5
9117,VENTXP1
9118,DCAF8L2
9119,MAGEB10
9120,DCAF8L1
9121,IL1RAPL1
9122,MAGEB2
9123,MAGEB3
9124,MAGEB4
9125,MAGEB1
9126,NR0B1
9127,CXorf21
9128,GK
9129,GK-AS1
9130,TAB3
9131,TAB3-AS1
9132,TAB3-AS2
9133,FTHL17
9134,DMD
9135,DMD-AS3
9136,FAM47A
9137,TMEM47
9138,FAM47B
9139,MAGEB16
9140,CFAP47
9141,FAM47C
9142,PRRG1
9143,LANCL3
9144,XK
9145,CYBB
9146,DYNLT3
9147,HYPM
9148,SYTL5
9149,SRPX
9150,RPGR
9151,OTC
9152,TSPAN7
9153,MID1IP1
9154,MID1IP1-AS1
9155,LINC01281
9156,LINC01282
9157,AC092198.1
9158,BCOR
9159,ATP6AP2
9160,CXorf38
9161,MED14
9162,MED14OS
9163,USP9X
9164,DDX3X
9165,NYX
9166,CASK
9167,CASK-AS1
9168,GPR34
9169,GPR82
9170,MAOA
9171,MAOB
9172,NDP
9173,NDP-AS1
9174,EFHC2
9175,FUNDC1
9176,DUSP21
9177,KDM6A
9178,CXorf36
9179,LINC01204
9180,MIR222HG
9181,LINC01186
9182,KRBOX4
9183,ZNF674
9184,ZNF674-AS1
9185,CHST7
9186,SLC9A7
9187,RP2
9188,LINC01545
9189,JADE3
9190,RGN
9191,NDUFB11
9192,RBM10
9193,UBA1
9194,CDK16
9195,USP11
9196,ZNF157
9197,ZNF41
9198,LINC01560
9199,ARAF
9200,SYN1
9201,TIMP1
9202,CFP
9203,ELK1
9204,UXT
9205,UXT-AS1
9206,ZNF81
9207,ZNF182
9208,ZNF630
9209,SPACA5
9210,ZNF630-AS1
9211,SPACA5B
9212,SSX5
9213,SSX1
9214,SSX3
9215,SSX4
9216,SSX4B
9217,SLC38A5
9218,FTSJ1
9219,PORCN
9220,EBP
9221,TBC1D25
9222,RBM3
9223,WDR13
9224,WAS
9225,SUV39H1
9226,GLOD5
9227,GATA1
9228,HDAC6
9229,ERAS
9230,PCSK1N
9231,TIMM17B
9232,PQBP1
9233,SLC35A2
9234,PIM2
9235,OTUD5
9236,KCND1
9237,GRIPAP1
9238,TFE3
9239,CCDC120
9240,PRAF2
9241,WDR45
9242,GPKOW
9243,MAGIX
9244,PLP2
9245,PRICKLE3
9246,SYP
9247,SYP-AS1
9248,CACNA1F
9249,CCDC22
9250,FOXP3
9251,PPP1R3F
9252,GAGE10
9253,GAGE12J
9254,GAGE13
9255,GAGE2E
9256,GAGE12B
9257,GAGE12C
9258,GAGE12D
9259,GAGE12E
9260,GAGE12F
9261,GAGE12G
9262,GAGE12H
9263,GAGE1
9264,GAGE2A
9265,PAGE1
9266,PAGE4
9267,USP27X-AS1
9268,USP27X
9269,CLCN5
9270,AKAP4
9271,CCNB3
9272,DGKK
9273,SHROOM4
9274,BMP15
9275,LINC01284
9276,NUDT10
9277,CXorf67
9278,NUDT11
9279,LINC01496
9280,GSPT2
9281,MAGED1
9282,MAGED4B
9283,MAGED4
9284,XAGE2
9285,XAGE1A
9286,XAGE1B
9287,SSX7
9288,SSX2
9289,SSX2B
9290,SPANXN5
9291,XAGE5
9292,XAGE3
9293,FAM156B
9294,FAM156A
9295,GPR173
9296,TSPYL2
9297,KANTR
9298,KDM5C
9299,IQSEC2
9300,SMC1A
9301,RIBC1
9302,HSD17B10
9303,HUWE1
9304,PHF8
9305,FAM120C
9306,WNK3
9307,TSR2
9308,FGD1
9309,GNL3L
9310,ITIH6
9311,MAGED2
9312,TRO
9313,PFKFB1
9314,APEX2
9315,ALAS2
9316,PAGE2B
9317,PAGE2
9318,FAM104B
9319,MTRNR2L10
9320,PAGE5
9321,PAGE3
9322,MAGEH1
9323,USP51
9324,FOXR2
9325,RRAGB
9326,KLF8
9327,UBQLN2
9328,SPIN3
9329,SPIN2B
9330,SPIN2A
9331,FAAH2
9332,ZXDB
9333,ZXDA
9334,SPIN4
9335,SPIN4-AS1
9336,ARHGEF9
9337,AMER1
9338,ASB12
9339,MTMR8
9340,ZC4H2
9341,ZC3H12B
9342,LAS1L
9343,MSN
9344,VSIG4
9345,HEPH
9346,EDA2R
9347,AR
9348,OPHN1
9349,YIPF6
9350,STARD8
9351,EFNB1
9352,PJA1
9353,LINC00269
9354,FAM155B
9355,EDA
9356,AWAT2
9357,OTUD6A
9358,IGBP1
9359,IGBP1-AS2
9360,IGBP1-AS1
9361,DGAT2L6
9362,AWAT1
9363,P2RY4
9364,ARR3
9365,RAB41
9366,PDZD11
9367,KIF4A
9368,GDPD2
9369,DLG3
9370,DLG3-AS1
9371,TEX11
9372,SLC7A3
9373,SNX12
9374,FOXO4
9375,CXorf65
9376,IL2RG
9377,MED12
9378,NLGN3
9379,GJB1
9380,ZMYM3
9381,NONO
9382,ITGB1BP2
9383,TAF1
9384,OGT
9385,CXCR3
9386,LINC00891
9387,CXorf49
9388,CXorf49B
9389,NHSL2
9390,PIN4
9391,ERCC6L
9392,RPS4X
9393,CITED1
9394,HDAC8
9395,PHKA1
9396,PHKA1-AS1
9397,DMRTC1B
9398,DMRTC1
9399,PABPC1L2B-AS1
9400,PABPC1L2B
9401,PABPC1L2A
9402,NAP1L2
9403,CDX4
9404,CHIC1
9405,TSIX
9406,XIST
9407,JPX
9408,FTX
9409,ZCCHC13
9410,SLC16A2
9411,RLIM
9412,ABCB7
9413,UPRT
9414,ZDHHC15
9415,MAGEE2
9416,PBDC1
9417,MAGEE1
9418,FGF16
9419,ATRX
9420,MAGT1
9421,COX7B
9422,ATP7A
9423,PGAM4
9424,PGK1
9425,TAF9B
9426,CYSLTR1
9427,LPAR4
9428,P2RY10
9429,GPR174
9430,ITM2A
9431,TBX22
9432,BRWD3
9433,HMGN5
9434,SH3BGRL
9435,POU3F4
9436,CYLC1
9437,RPS6KA6
9438,HDX
9439,APOOL
9440,SATL1
9441,ZNF711
9442,POF1B
9443,CHM
9444,DACH2
9445,KLHL4
9446,CPXCR1
9447,TGIF2LX
9448,PABPC5-AS1
9449,PABPC5
9450,PCDH11X
9451,NAP1L3
9452,FAM133A
9453,DIAPH2
9454,RPA4
9455,DIAPH2-AS1
9456,PCDH19
9457,TNMD
9458,TSPAN6
9459,SRPX2
9460,SYTL4
9461,CSTF2
9462,NOX1
9463,XKRX
9464,ARL13A
9465,TRMT2B
9466,CENPI
9467,DRP2
9468,TAF7L
9469,TIMM8A
9470,BTK
9471,RPL36A
9472,RPL36A-HNRNPH2
9473,GLA
9474,HNRNPH2
9475,ARMCX4
9476,ARMCX1
9477,ARMCX6
9478,ARMCX3
9479,ARMCX3-AS1
9480,ARMCX2
9481,NXF5
9482,ZMAT1
9483,TCEAL2
9484,TCEAL6
9485,BEX5
9486,NXF2
9487,NXF2B
9488,TCP11X2
9489,TMSB15A
9490,ARMCX5
9491,GPRASP1
9492,GPRASP2
9493,BHLHB9
9494,LINC00630
9495,RAB40AL
9496,BEX1
9497,NXF3
9498,BEX4
9499,TCEAL8
9500,TCEAL5
9501,BEX2
9502,TCEAL7
9503,RAB40A
9504,TCEAL4
9505,TCEAL3
9506,TCEAL3-AS1
9507,TCEAL1
9508,MORF4L2
9509,MORF4L2-AS1
9510,GLRA4
9511,TMEM31
9512,PLP1
9513,RAB9B
9514,TMSB15B
9515,H2BFWT
9516,H2BFM
9517,SLC25A53
9518,ZCCHC18
9519,FAM199X
9520,ESX1
9521,IL1RAPL2
9522,TEX13A
9523,NRK
9524,SERPINA7
9525,MUM1L1
9526,CXorf57
9527,RNF128
9528,TBC1D8B
9529,MORC4
9530,RIPPLY1
9531,CLDN2
9532,RBM41
9533,NUP62CL
9534,PIH1D3
9535,FRMPD3-AS1
9536,FRMPD3
9537,PRPS1
9538,TSC22D3
9539,NCBP2L
9540,MID2
9541,TEX13B
9542,VSIG1
9543,PSMD10
9544,ATG4A
9545,COL4A6
9546,COL4A5
9547,IRS4
9548,GUCY2F
9549,NXT2
9550,KCNE5
9551,ACSL4
9552,TMEM164
9553,AMMECR1
9554,CHRDL1
9555,PAK3
9556,CAPN6
9557,DCX
9558,ALG13
9559,ALG13-AS1
9560,TRPC5
9561,TRPC5OS
9562,LHFPL1
9563,AMOT
9564,XACT
9565,HTR2C
9566,IL13RA2
9567,LRCH2
9568,RBMXL3
9569,LUZP4
9570,PLS3-AS1
9571,PLS3
9572,DANT1
9573,DANT2
9574,AGTR2
9575,SLC6A14
9576,CT83
9577,KLHL13
9578,WDR44
9579,DOCK11
9580,IL13RA1
9581,ZCCHC12
9582,LINC01285
9583,LONRF3
9584,KIAA1210
9585,PGRMC1
9586,SLC25A43
9587,SLC25A5
9588,CXorf56
9589,UBE2A
9590,NKRF
9591,SEPT6
9592,SOWAHD
9593,RPL39
9594,UPF3B
9595,RNF113A
9596,NDUFA1
9597,AKAP14
9598,NKAP
9599,RHOXF1-AS1
9600,RHOXF2B
9601,RHOXF1
9602,LINC01402
9603,RHOXF2
9604,ZBTB33
9605,TMEM255A
9606,ATP1B4
9607,LAMP2
9608,CUL4B
9609,MCTS1
9610,C1GALT1C1
9611,CT47B1
9612,CT47A8
9613,CT47A12
9614,CT47A11
9615,CT47A10
9616,CT47A9
9617,CT47A6
9618,CT47A7
9619,CT47A5
9620,CT47A4
9621,CT47A3
9622,CT47A2
9623,CT47A1
9624,GLUD2
9625,GRIA3
9626,THOC2
9627,XIAP
9628,XIAP-AS1
9629,STAG2
9630,SH2D1A
9631,TEX13D
9632,TENM1
9633,TEX13C
9634,DCAF12L2
9635,DCAF12L1
9636,PRR32
9637,ACTRT1
9638,SMARCA1
9639,OCRL
9640,APLN
9641,XPNPEP2
9642,SASH3
9643,ZDHHC9
9644,UTP14A
9645,BCORL1
9646,ELF4
9647,AIFM1
9648,RAB33A
9649,ZNF280C
9650,SLC25A14
9651,GPR119
9652,RBMX2
9653,ENOX2
9654,LINC01201
9655,ARHGAP36
9656,IGSF1
9657,OR13H1
9658,FIRRE
9659,STK26
9660,FRMD7
9661,RAP2C
9662,RAP2C-AS1
9663,MBNL3
9664,HS6ST2
9665,HS6ST2-AS1
9666,USP26
9667,TFDP3
9668,GPC4
9669,GPC3
9670,CCDC160
9671,PHF6
9672,HPRT1
9673,MIR503HG
9674,LINC00629
9675,PLAC1
9676,FAM122B
9677,FAM122C
9678,MOSPD1
9679,SMIM10
9680,SMIM10L2B
9681,CT55
9682,ZNF75D
9683,ZNF449
9684,SMIM10L2A
9685,CT45A1
9686,CT45A3
9687,CT45A5
9688,CT45A6
9689,CT45A2
9690,CT45A7
9691,CT45A8
9692,CT45A9
9693,CT45A10
9694,SAGE1
9695,MMGT1
9696,SLC9A6
9697,FHL1
9698,MAP7D3
9699,ADGRG4
9700,BRS3
9701,HTATSF1
9702,VGLL1
9703,CD40LG
9704,ARHGEF6
9705,RBMX
9706,GPR101
9707,ZIC3
9708,FGF13
9709,FGF13-AS1
9710,F9
9711,MCF2
9712,ATP11C
9713,CXorf66
9714,SOX3
9715,LINC00632
9716,CDR1
9717,SPANXB1
9718,LDOC1
9719,SPANXC
9720,SPANXA2-OT1
9721,SPANXA1
9722,SPANXA2
9723,SPANXD
9724,MAGEC3
9725,MAGEC1
9726,MAGEC2
9727,SPANXN4
9728,SPANXN3
9729,SLITRK4
9730,SPANXN2
9731,SPANXN1
9732,SLITRK2
9733,CXorf51B
9734,CXorf51A
9735,FMR1
9736,FMR1NB
9737,AFF2
9738,IDS
9739,LINC00893
9740,CXorf40A
9741,MAGEA9B
9742,HSFX2
9743,TMEM185A
9744,MAGEA11
9745,HSFX1
9746,MAGEA9
9747,LINC00850
9748,MAGEA8-AS1
9749,MAGEA8
9750,CXorf40B
9751,LINC00894
9752,MAMLD1
9753,MTM1
9754,MTMR1
9755,CD99L2
9756,HMGB3
9757,GPR50-AS1
9758,GPR50
9759,VMA21
9760,PASD1
9761,PRRG3
9762,FATE1
9763,CNGA2
9764,MAGEA4
9765,GABRE
9766,MAGEA10
9767,GABRA3
9768,GABRQ
9769,MAGEA3
9770,MAGEA2B
9771,CSAG1
9772,MAGEA12
9773,MAGEA2
9774,MAGEA6
9775,CETN2
9776,NSDHL
9777,ZNF185
9778,PNMA5
9779,PNMA3
9780,PNMA6A
9781,MAGEA1
9782,ZNF275
9783,ZFP92
9784,TREX2
9785,HAUS7
9786,BGN
9787,ATP2B3
9788,DUSP9
9789,PNCK
9790,SLC6A8
9791,BCAP31
9792,ABCD1
9793,PLXNB3
9794,SRPK3
9795,IDH3G
9796,SSR4
9797,PDZD4
9798,L1CAM
9799,AVPR2
9800,ARHGAP4
9801,NAA10
9802,RENBP
9803,HCFC1
9804,HCFC1-AS1
9805,TMEM187
9806,IRAK1
9807,MECP2
9808,OPN1LW
9809,OPN1MW
9810,OPN1MW2
9811,OPN1MW3
9812,TEX28
9813,TKTL1
9814,FLNA
9815,EMD
9816,RPL10
9817,DNASE1L1
9818,TAZ
9819,ATP6AP1
9820,GDI1
9821,FAM50A
9822,PLXNA3
9823,LAGE3
9824,UBL4A
9825,SLC10A3
9826,FAM3A
9827,G6PD
9828,IKBKG
9829,FAM223A
9830,CTAG1A
9831,CTAG1B
9832,FAM223B
9833,CTAG2
9834,GAB3
9835,DKC1
9836,MPP1
9837,SMIM9
9838,F8
9839,H2AFB1
9840,F8A1
9841,FUNDC2
9842,MTCP1
9843,CMC4
9844,BRCC3
9845,VBP1
9846,RAB39B
9847,CLIC2
9848,H2AFB2
9849,F8A2
9850,F8A3
9851,H2AFB3
9852,TMLHE-AS1
9853,TMLHE
9854,SPRY3
9855,VAMP7
9856,IL9R
9857,WASIR1
9858,AC144568.2
9859,OR4F21
9860,ZNF596
9861,FAM87A
9862,FBXO25
9863,TDRP
9864,ERICH1
9865,AF067845.1
9866,AF067845.2
9867,DLGAP2
9868,DLGAP2-AS1
9869,CLN8
9870,ARHGEF10
9871,KBTBD11-OT1
9872,KBTBD11
9873,MYOM2
9874,CSMD1
9875,MCPH1
9876,ANGPT2
9877,MCPH1-AS1
9878,AGPAT5
9879,XKR5
9880,DEFB1
9881,DEFA6
9882,DEFA4
9883,DEFA1
9884,DEFA1B
9885,DEFA3
9886,DEFA5
9887,FAM66B
9888,USP17L1
9889,USP17L4
9890,ZNF705G
9891,DEFB4B
9892,DEFB103B
9893,SPAG11B
9894,DEFB104B
9895,DEFB106B
9896,DEFB105B
9897,DEFB107B
9898,PRR23D1
9899,PRR23D2
9900,DEFB107A
9901,DEFB105A
9902,DEFB106A
9903,DEFB104A
9904,SPAG11A
9905,DEFB103A
9906,DEFB4A
9907,ZNF705B
9908,FAM66E
9909,USP17L8
9910,USP17L3
9911,FAM85B
9912,CLDN23
9913,MFHAS1
9914,ERI1
9915,PPP1R3B
9916,TNKS
9917,LINC00599
9918,MSRA
9919,PRSS51
9920,PRSS55
9921,RP1L1
9922,C8orf74
9923,SOX7
9924,PINX1
9925,XKR6
9926,LINC00529
9927,AF131216.1
9928,MTMR9
9929,SLC35G5
9930,AF131216.5
9931,FAM167A
9932,BLK
9933,LINC00208
9934,GATA4
9935,C8orf49
9936,NEIL2
9937,FDFT1
9938,CTSB
9939,DEFB136
9940,DEFB135
9941,DEFB134
9942,ZNF705D
9943,FAM66D
9944,USP17L7
9945,USP17L2
9946,FAM86B1
9947,FAM66A
9948,FAM86B2
9949,LONRF1
9950,LINC00681
9951,DLC1
9952,C8orf48
9953,SGCZ
9954,TUSC3
9955,MSR1
9956,FGF20
9957,MICU3
9958,ZDHHC2
9959,CNOT7
9960,VPS37A
9961,MTMR7
9962,SLC7A2
9963,PDGFRL
9964,MTUS1
9965,FGL1
9966,PCM1
9967,ASAH1
9968,NAT1
9969,NAT2
9970,PSD3
9971,SH2D4A
9972,CSGALNACT1
9973,INTS10
9974,LPL
9975,SLC18A1
9976,ATP6V1B2
9977,LZTS1
9978,LZTS1-AS1
9979,GFRA2
9980,DOK2
9981,XPO7
9982,NPM2
9983,FGF17
9984,DMTN
9985,FAM160B2
9986,NUDT18
9987,HR
9988,REEP4
9989,LGI3
9990,SFTPC
9991,BMP1
9992,PHYHIP
9993,POLR3D
9994,PIWIL2
9995,SLC39A14
9996,PPP3CC
9997,SORBS3
9998,PDLIM2
9999,AC037459.4
10000,C8orf58
10001,CCAR2
10002,BIN3
10003,EGR3
10004,PEBP4
10005,RHOBTB2
10006,TNFRSF10B
10007,TNFRSF10C
10008,TNFRSF10D
10009,TNFRSF10A
10010,CHMP7
10011,R3HCC1
10012,LOXL2
10013,ENTPD4
10014,SLC25A37
10015,NKX3-1
10016,NKX2-6
10017,STC1
10018,ADAM28
10019,ADAMDEC1
10020,ADAM7
10021,NEFM
10022,NEFL
10023,DOCK5
10024,GNRH1
10025,KCTD9
10026,CDCA2
10027,EBF2
10028,PPP2R2A
10029,BNIP3L
10030,PNMA2
10031,DPYSL2
10032,ADRA1A
10033,STMN4
10034,TRIM35
10035,PTK2B
10036,CHRNA2
10037,EPHX2
10038,CLU
10039,SCARA3
10040,CCDC25
10041,ESCO2
10042,PBK
10043,SCARA5
10044,NUGGC
10045,ELP3
10046,PNOC
10047,ZNF395
10048,FBXO16
10049,FZD3
10050,EXTL3
10051,EXTL3-AS1
10052,INTS9
10053,HMBOX1
10054,KIF13B
10055,DUSP4
10056,LINC00589
10057,SARAF
10058,LEPROTL1
10059,MBOAT4
10060,DCTN6
10061,RBPMS-AS1
10062,RBPMS
10063,GTF2E2
10064,SMIM18
10065,GSR
10066,UBXN8
10067,PPP2CB
10068,TEX15
10069,PURG
10070,WRN
10071,NRG1
10072,FUT10
10073,TTI2
10074,MAK16
10075,RNF122
10076,DUSP26
10077,LINC01288
10078,UNC5D
10079,KCNU1
10080,LINC01605
10081,ZNF703
10082,ERLIN2
10083,ADGRA2
10084,BRF2
10085,RAB11FIP1
10086,GOT1L1
10087,ADRB3
10088,EIF4EBP1
10089,ASH2L
10090,STAR
10091,LSM1
10092,BAG4
10093,DDHD2
10094,PLPP5
10095,LETM2
10096,FGFR1
10097,C8orf86
10098,TACC1
10099,PLEKHA2
10100,HTRA4
10101,TM2D2
10102,ADAM9
10103,ADAM32
10104,ADAM18
10105,ADAM2
10106,IDO1
10107,IDO2
10108,ZMAT4
10109,SFRP1
10110,GOLGA7
10111,GINS4
10112,GPAT4
10113,NKX6-3
10114,ANK1
10115,KAT6A
10116,AP3M2
10117,PLAT
10118,IKBKB
10119,POLB
10120,DKK4
10121,VDAC3
10122,SLC20A2
10123,SMIM19
10124,CHRNB3
10125,CHRNA6
10126,THAP1
10127,RNF170
10128,HOOK3
10129,FNTA
10130,POMK
10131,HGSNAT
10132,LINC00293
10133,IGLV8OR8-1
10134,SPIDR
10135,CEBPD
10136,PRKDC
10137,MCM4
10138,UBE2V2
10139,AC026904.1
10140,EFCAB1
10141,SNAI2
10142,SNTG1
10143,PXDNL
10144,PCMTD1
10145,ST18
10146,RB1CC1
10147,NPBWR1
10148,OPRK1
10149,ATP6V1H
10150,RGS20
10151,TCEA1
10152,AC100821.2
10153,LYPLA1
10154,MRPL15
10155,SOX17
10156,RP1
10157,XKR4
10158,TMEM68
10159,TGS1
10160,LYN
10161,RPS20
10162,MOS
10163,PLAG1
10164,CHCHD7
10165,SDR16C5
10166,PENK
10167,LINC00968
10168,IMPAD1
10169,LINC01606
10170,LINC00588
10171,LINC01602
10172,FAM110B
10173,UBXN2B
10174,CYP7A1
10175,SDCBP
10176,NSMAF
10177,TOX
10178,CA8
10179,LINC01301
10180,RAB2A
10181,CHD7
10182,AC022182.1
10183,CLVS1
10184,ASPH
10185,NKAIN3
10186,GGH
10187,TTPA
10188,YTHDF3-AS1
10189,YTHDF3
10190,LINC01289
10191,MIR124-2HG
10192,BHLHE22
10193,CYP7B1
10194,LINC00251
10195,LINC01299
10196,ARMC1
10197,MTFR1
10198,PDE7A
10199,DNAJC5B
10200,TRIM55
10201,CRH
10202,LINC00967
10203,RRS1-AS1
10204,RRS1
10205,ADHFE1
10206,MYBL1
10207,VCPIP1
10208,C8orf44
10209,SGK3
10210,MCMDC2
10211,TCF24
10212,PPP1R42
10213,COPS5
10214,CSPP1
10215,ARFGEF1
10216,CPA6
10217,PREX2
10218,C8orf34-AS1
10219,C8orf34
10220,LINC01592
10221,LINC01603
10222,SULF1
10223,SLCO5A1
10224,PRDM14
10225,NCOA2
10226,TRAM1
10227,LACTB2-AS1
10228,LACTB2
10229,XKR9
10230,EYA1
10231,MSC-AS1
10232,MSC
10233,TRPA1
10234,KCNB2
10235,TERF1
10236,SBSPON
10237,C8orf89
10238,RPL7
10239,RDH10
10240,RDH10-AS1
10241,STAU2-AS1
10242,STAU2
10243,UBE2W
10244,TMEM70
10245,LY96
10246,JPH1
10247,GDAP1
10248,MIR2052HG
10249,PI15
10250,CRISPLD1
10251,CASC9
10252,HNF4G
10253,LINC01109
10254,LINC01111
10255,ZFHX4-AS1
10256,ZFHX4
10257,PEX2
10258,PKIA-AS1
10259,PKIA
10260,ZC2HC1A
10261,IL7
10262,STMN2
10263,HEY1
10264,LINC01607
10265,MRPS28
10266,TPD52
10267,ZBTB10
10268,ZNF704
10269,PAG1
10270,FABP5
10271,PMP2
10272,FABP9
10273,FABP4
10274,FABP12
10275,IMPA1
10276,SLC10A5
10277,ZFAND1
10278,CHMP4C
10279,SNX16
10280,LINC01419
10281,RALYL
10282,LRRCC1
10283,E2F5
10284,C8orf59
10285,CA13
10286,CA1
10287,CA3
10288,CA3-AS1
10289,CA2
10290,ATP6V0D2
10291,PSKH2
10292,SLC7A13
10293,WWP1
10294,RMDN1
10295,CPNE3
10296,CNGB3
10297,CNBD1
10298,DCAF4L2
10299,MMP16
10300,RIPK2
10301,OSGIN2
10302,NBN
10303,DECR1
10304,CALB1
10305,LINC00534
10306,LINC01030
10307,TMEM64
10308,NECAB1
10309,C8orf88
10310,OTUD6B-AS1
10311,OTUD6B
10312,LRRC69
10313,SLC26A7
10314,RUNX1T1
10315,TRIQK
10316,C8orf87
10317,LINC00535
10318,RBM12B
10319,TMEM67
10320,PDP1
10321,CDH17
10322,GEM
10323,RAD54B
10324,FSBP
10325,ESRP1
10326,DPY19L4
10327,INTS8
10328,CCNE2
10329,NDUFAF6
10330,TP53INP1
10331,PLEKHF2
10332,C8orf37-AS1
10333,LINC01298
10334,C8orf37
10335,GDF6
10336,UQCRB
10337,MTERF3
10338,PTDSS1
10339,SDC2
10340,CPQ
10341,TSPYL5
10342,MTDH
10343,LAPTM4B
10344,MATN2
10345,RPL30
10346,ERICH5
10347,POP1
10348,NIPAL2
10349,STK3
10350,KCNS2
10351,OSR2
10352,VPS13B
10353,COX6C
10354,RGS22
10355,FBXO43
10356,POLR2K
10357,SPAG1
10358,RNF19A
10359,ANKRD46
10360,SNX31
10361,PABPC1
10362,YWHAZ
10363,ZNF706
10364,GRHL2
10365,NCALD
10366,RRM2B
10367,UBR5-AS1
10368,UBR5
10369,ODF1
10370,KLF10
10371,AZIN1
10372,AZIN1-AS1
10373,ATP6V1C1
10374,LINC01181
10375,BAALC-AS2
10376,BAALC
10377,BAALC-AS1
10378,FZD6
10379,CTHRC1
10380,SLC25A32
10381,DCAF13
10382,RIMS2
10383,DPYS
10384,DCSTAMP
10385,LRP12
10386,ZFPM2
10387,OXR1
10388,ABRA
10389,ANGPT1
10390,RSPO2
10391,EIF3E
10392,EMC2
10393,TMEM74
10394,TRHR
10395,NUDCD1
10396,ENY2
10397,PKHD1L1
10398,EBAG9
10399,SYBU
10400,KCNV1
10401,LINC01608
10402,LINC01609
10403,CSMD3
10404,TRPS1
10405,LINC00536
10406,EIF3H
10407,UTP23
10408,RAD21
10409,RAD21-AS1
10410,AARD
10411,SLC30A8
10412,MED30
10413,EXT1
10414,SAMD12
10415,AC023590.1
10416,SAMD12-AS1
10417,TNFRSF11B
10418,COLEC10
10419,MAL2
10420,NOV
10421,ENPP2
10422,TAF2
10423,DSCC1
10424,DEPTOR
10425,COL14A1
10426,MRPL13
10427,MTBP
10428,SNTB1
10429,HAS2
10430,HAS2-AS1
10431,LINC01151
10432,ZHX2
10433,DERL1
10434,TBC1D31
10435,FAM83A
10436,FAM83A-AS1
10437,C8orf76
10438,ZHX1-C8orf76
10439,ZHX1
10440,ATAD2
10441,WDYHV1
10442,FBXO32
10443,KLHL38
10444,ANXA13
10445,FAM91A1
10446,FER1L6
10447,FER1L6-AS1
10448,FER1L6-AS2
10449,TMEM65
10450,TRMT12
10451,RNF139-AS1
10452,RNF139
10453,TATDN1
10454,NDUFB9
10455,MTSS1
10456,LINC00964
10457,ZNF572
10458,SQLE
10459,NSMCE2
10460,TRIB1
10461,LINC00861
10462,FAM84B
10463,PCAT1
10464,PRNCR1
10465,CASC8
10466,CCAT2
10467,POU5F1B
10468,CASC11
10469,MYC
10470,PVT1
10471,CCDC26
10472,GSDMC
10473,FAM49B
10474,ASAP1
10475,ADCY8
10476,EFR3A
10477,OC90
10478,HHLA1
10479,KCNQ3
10480,HPYR1
10481,LRRC6
10482,TMEM71
10483,PHF20L1
10484,TG
10485,SLA
10486,WISP1
10487,NDRG1
10488,ST3GAL1
10489,ZFAT
10490,ZFAT-AS1
10491,AC083843.1
10492,AC083843.2
10493,LINC01591
10494,KHDRBS3
10495,FAM135B
10496,COL22A1
10497,KCNK9
10498,TRAPPC9
10499,CHRAC1
10500,AGO2
10501,ERICD
10502,PTK2
10503,DENND3
10504,SLC45A4
10505,LINC01300
10506,GPR20
10507,PTP4A3
10508,AC138647.1
10509,LINC00051
10510,TSNARE1
10511,ADGRB1
10512,ARC
10513,JRK
10514,PSCA
10515,LY6K
10516,THEM6
10517,SLURP1
10518,LYPD2
10519,LYNX1
10520,LY6D
10521,GML
10522,CYP11B1
10523,CYP11B2
10524,LY6E
10525,LY6H
10526,GPIHBP1
10527,ZFP41
10528,GLI4
10529,MINCR
10530,ZNF696
10531,TOP1MT
10532,RHPN1-AS1
10533,RHPN1
10534,MAFA-AS1
10535,MAFA
10536,ZC3H3
10537,GSDMD
10538,MROH6
10539,NAPRT
10540,EEF1D
10541,TIGD5
10542,TSTA3
10543,ZNF623
10544,ZNF707
10545,CCDC166
10546,MAPK15
10547,FAM83H
10548,SCRIB
10549,PUF60
10550,NRBP2
10551,EPPK1
10552,PLEC
10553,PARP10
10554,GRINA
10555,SPATC1
10556,OPLAH
10557,EXOSC4
10558,GPAA1
10559,CYC1
10560,SHARPIN
10561,MAF1
10562,WDR97
10563,HGH1
10564,MROH1
10565,BOP1
10566,SCX
10567,HSF1
10568,DGAT1
10569,SCRT1
10570,TMEM249
10571,SLC52A2
10572,FBXL6
10573,ADCK5
10574,CPSF1
10575,SLC39A4
10576,VPS28
10577,TONSL
10578,TONSL-AS1
10579,CYHR1
10580,KIFC2
10581,FOXH1
10582,PPP1R16A
10583,GPT
10584,MFSD3
10585,RECQL4
10586,LRRC14
10587,LRRC24
10588,C8orf82
10589,ARHGAP39
10590,AF186192.1
10591,ZNF251
10592,ZNF34
10593,RPL8
10594,ZNF517
10595,ZNF7
10596,COMMD5
10597,ZNF250
10598,ZNF16
10599,ZNF252P-AS1
10600,C8orf33
10601,FAM138C
10602,PGM5P3-AS1
10603,LINC01388
10604,FOXD4
10605,CBWD1
10606,C9orf66
10607,DOCK8
10608,KANK1
10609,DMRT1
10610,DMRT3
10611,LINC01230
10612,DMRT2
10613,SMARCA2
10614,VLDLR-AS1
10615,VLDLR
10616,KCNV2
10617,PUM3
10618,LINC01231
10619,RFX3
10620,RFX3-AS1
10621,GLIS3
10622,GLIS3-AS1
10623,SLC1A1
10624,SPATA6L
10625,PLPP6
10626,CDC37L1
10627,AK3
10628,RCL1
10629,JAK2
10630,IGHEP2
10631,INSL6
10632,INSL4
10633,RLN2
10634,RLN1
10635,PLGRKT
10636,CD274
10637,PDCD1LG2
10638,RIC1
10639,ERMP1
10640,KIAA2026
10641,MLANA
10642,RANBP6
10643,IL33
10644,TPD52L3
10645,UHRF2
10646,GLDC
10647,KDM4C
10648,PTPRD
10649,PTPRD-AS1
10650,PTPRD-AS2
10651,TYRP1
10652,LURAP1L-AS1
10653,LURAP1L
10654,MPDZ
10655,LINC01235
10656,LINC00583
10657,NFIB
10658,ZDHHC21
10659,CER1
10660,FREM1
10661,TTC39B
10662,SNAPC3
10663,PSIP1
10664,CCDC171
10665,C9orf92
10666,BNC2
10667,CNTLN
10668,SH3GL2
10669,ADAMTSL1
10670,SAXO1
10671,RRAGA
10672,HAUS6
10673,PLIN2
10674,DENND4C
10675,RPS6
10676,ACER2
10677,SLC24A2
10678,MLLT3
10679,FOCAD
10680,FOCAD-AS1
10681,HACD4
10682,IFNB1
10683,IFNW1
10684,IFNA21
10685,IFNA4
10686,IFNA7
10687,IFNA10
10688,IFNA16
10689,IFNA17
10690,IFNA14
10691,IFNA5
10692,KLHL9
10693,IFNA6
10694,IFNA13
10695,IFNA2
10696,IFNA8
10697,IFNA1
10698,IFNE
10699,MTAP
10700,CDKN2A
10701,CDKN2B-AS1
10702,CDKN2B
10703,DMRTA1
10704,LINC01239
10705,ELAVL2
10706,IZUMO3
10707,TUSC1
10708,LINC01241
10709,CAAP1
10710,PLAA
10711,IFT74
10712,IFT74-AS1
10713,LRRC19
10714,TEK
10715,EQTN
10716,MOB3B
10717,IFNK
10718,C9orf72
10719,LINGO2
10720,LINC01242
10721,LINC01243
10722,ACO1
10723,DDX58
10724,TOPORS
10725,NDUFB6
10726,TAF1L
10727,TMEM215
10728,APTX
10729,DNAJA1
10730,SMU1
10731,B4GALT1
10732,B4GALT1-AS1
10733,SPINK4
10734,BAG1
10735,CHMP5
10736,NFX1
10737,AQP7
10738,AQP3
10739,NOL6
10740,ANKRD18B
10741,CYP4F26P
10742,TRBV20OR9-2
10743,TRBV21OR9-2
10744,TRBV22OR9-2
10745,TRBV23OR9-2
10746,TRBV24OR9-2
10747,TRBV26OR9-2
10748,LINC01251
10749,PRSS3
10750,UBE2R2-AS1
10751,TRBV29OR9-2
10752,UBE2R2
10753,UBAP2
10754,DCAF12
10755,UBAP1
10756,KIF24
10757,NUDT2
10758,C9orf24
10759,FAM219A
10760,DNAI1
10761,ENHO
10762,CNTFR
10763,CNTFR-AS1
10764,RPP25L
10765,DCTN3
10766,ARID3C
10767,SIGMAR1
10768,GALT
10769,IL11RA
10770,CCL27
10771,CCL19
10772,CCL21
10773,FAM205A
10774,FAM205C
10775,PHF24
10776,DNAJB5
10777,C9orf131
10778,VCP
10779,FANCG
10780,PIGO
10781,STOML2
10782,FAM214B
10783,UNC13B
10784,RUSC2
10785,FAM166B
10786,TESK1
10787,CD72
10788,SIT1
10789,RMRP
10790,CCDC107
10791,ARHGEF39
10792,CA9
10793,TPM2
10794,TLN1
10795,CREB3
10796,GBA2
10797,RGP1
10798,MSMP
10799,NPR2
10800,SPAG8
10801,HINT2
10802,TMEM8B
10803,FAM221B
10804,OR13J1
10805,HRCT1
10806,OR2S2
10807,RECK
10808,GLIPR2
10809,CCIN
10810,CLTA
10811,GNE
10812,RNF38
10813,MELK
10814,PAX5
10815,LINC01400
10816,ZCCHC7
10817,LINC01627
10818,GRHPR
10819,ZBTB5
10820,POLR1E
10821,FBXO10
10822,TOMM5
10823,FRMPD1
10824,TRMT10B
10825,EXOSC3
10826,DCAF10
10827,SLC25A51
10828,SHB
10829,ALDH1B1
10830,IGFBPL1
10831,FAM95C
10832,ANKRD18A
10833,FAM201A
10834,CNTNAP3
10835,SPATA31A1
10836,FAM74A1
10837,GLIDR
10838,ANKRD20A2
10839,FAM95B1
10840,BMS1P14
10841,IGKV1OR9-2
10842,PGM5-AS1
10843,FOXD4L6
10844,CNTNAP3B
10845,SPATA31A6
10846,FAM74A7
10847,SPATA31A5
10848,SPATA31A7
10849,FAM27C
10850,LINC01189
10851,LINC01410
10852,ANKRD20A4
10853,IGKV1OR-2
10854,IGKV1OR9-1
10855,FOXD4L5
10856,CBWD5
10857,FOXD4L4
10858,IGKV1OR-3
10859,ANKRD20A3
10860,ZNF658
10861,SPATA31A3
10862,ANKRD20A1
10863,CBWD3
10864,FOXD4L3
10865,PGM5
10866,TMEM252
10867,LINC01506
10868,PIP5K1B
10869,FAM122A
10870,PRKACG
10871,FXN
10872,TJP2
10873,BANCR
10874,FAM189A2
10875,APBA1
10876,PTAR1
10877,C9orf135
10878,MAMDC2-AS1
10879,MAMDC2
10880,SMC5-AS1
10881,SMC5
10882,KLF9
10883,TRPM3
10884,ABHD17B
10885,C9orf85
10886,C9orf57
10887,GDA
10888,LINC01504
10889,ZFAND5
10890,TMC1
10891,LINC01474
10892,ALDH1A1
10893,ANXA1
10894,RORB-AS1
10895,RORB
10896,TRPM6
10897,C9orf40
10898,C9orf41-AS1
10899,CARNMT1
10900,NMRK1
10901,OSTF1
10902,PCSK5
10903,RFK
10904,GCNT1
10905,PRUNE2
10906,PCA3
10907,FOXB2
10908,VPS13A-AS1
10909,VPS13A
10910,GNA14
10911,GNA14-AS1
10912,GNAQ
10913,CEP78
10914,PSAT1
10915,TLE4
10916,LINC01507
10917,TLE1
10918,SPATA31D4
10919,SPATA31D3
10920,SPATA31D1
10921,RASEF
10922,FRMD3
10923,IDNK
10924,UBQLN1
10925,GKAP1
10926,KIF27
10927,C9orf64
10928,HNRNPK
10929,RMI1
10930,SLC28A3
10931,NTRK2
10932,AGTPBP1
10933,NAA35
10934,GOLM1
10935,C9orf153
10936,ISCA1
10937,GAS1
10938,GAS1RR
10939,C9orf170
10940,DAPK1
10941,CTSL
10942,SPATA31E1
10943,CDK20
10944,SPIN1
10945,NXNL2
10946,C9orf47
10947,S1PR3
10948,SHC3
10949,CKS2
10950,SECISBP2
10951,SEMA4D
10952,GADD45G
10953,MIR4290HG
10954,LINC01508
10955,LINC01501
10956,DIRAS2
10957,SYK
10958,LINC00484
10959,AUH
10960,NFIL3
10961,ROR2
10962,SPTLC1
10963,IARS
10964,NOL8
10965,CENPP
10966,OGN
10967,OMD
10968,ASPN
10969,ECM2
10970,IPPK
10971,BICD2
10972,ZNF484
10973,FGD3
10974,SUSD3
10975,CARD19
10976,NINJ1
10977,WNK2
10978,C9orf129
10979,FAM120AOS
10980,FAM120A
10981,PHF2
10982,BARX1
10983,PTPDC1
10984,MIRLET7DHG
10985,ZNF169
10986,NUTM2F
10987,MFSD14B
10988,PCAT7
10989,FBP2
10990,FBP1
10991,C9orf3
10992,FANCC
10993,PTCH1
10994,ERCC6L2
10995,LINC00092
10996,HSD17B3
10997,SLC35D2
10998,ZNF367
10999,HABP4
11000,CDC14B
11001,AAED1
11002,ZNF510
11003,ZNF782
11004,MFSD14C
11005,NUTM2G
11006,CTSV
11007,CCDC180
11008,TDRD7
11009,TMOD1
11010,TSTD2
11011,NCBP1
11012,XPA
11013,PTCSC2
11014,FOXE1
11015,TRMO
11016,HEMGN
11017,ANP32B
11018,NANS
11019,TRIM14
11020,CORO2A
11021,TBC1D2
11022,GABBR2
11023,ANKS6
11024,GALNT12
11025,COL15A1
11026,TGFBR1
11027,ALG2
11028,SEC61B
11029,NR4A3
11030,STX17-AS1
11031,STX17
11032,ERP44
11033,INVS
11034,TEX10
11035,MSANTD3
11036,MSANTD3-TMEFF1
11037,TMEFF1
11038,PLPPR1
11039,BAAT
11040,MRPL50
11041,ZNF189
11042,ALDOB
11043,TMEM246-AS1
11044,TMEM246
11045,RNF20
11046,GRIN3A
11047,PPP3R2
11048,LINC00587
11049,CYLC2
11050,LINC01492
11051,SMC2-AS1
11052,SMC2
11053,OR13F1
11054,OR13C4
11055,OR13C3
11056,OR13C8
11057,OR13C5
11058,OR13C2
11059,OR13C9
11060,OR13D1
11061,NIPSNAP3A
11062,NIPSNAP3B
11063,ABCA1
11064,SLC44A1
11065,FSD1L
11066,FKTN
11067,TAL2
11068,TMEM38B
11069,LINC01505
11070,ZNF462
11071,RAD23B
11072,LINC01509
11073,KLF4
11074,ACTL7B
11075,ACTL7A
11076,FAM206A
11077,CTNNAL1
11078,TMEM245
11079,FRRS1L
11080,EPB41L4B
11081,PTPN3
11082,PALM2
11083,PALM2-AKAP2
11084,AKAP2
11085,C9orf152
11086,TXN
11087,TXNDC8
11088,SVEP1
11089,MUSK
11090,LPAR1
11091,OR2K2
11092,ZNF483
11093,PTGR1
11094,DNAJC25
11095,DNAJC25-GNG10
11096,GNG10
11097,C9orf84
11098,UGCG
11099,SUSD1
11100,PTBP3
11101,HSDL2
11102,C9orf147
11103,KIAA1958
11104,INIP
11105,SNX30
11106,SLC46A2
11107,ZNF883
11108,ZFP37
11109,FAM225B
11110,FAM225A
11111,SLC31A2
11112,FKBP15
11113,SLC31A1
11114,CDC26
11115,PRPF4
11116,RNF183
11117,WDR31
11118,BSPRY
11119,HDHD3
11120,ALAD
11121,POLE3
11122,C9orf43
11123,RGS3
11124,ZNF618
11125,AMBP
11126,KIF12
11127,COL27A1
11128,ORM1
11129,ORM2
11130,AKNA
11131,ATP6V1G1
11132,TNFSF15
11133,TNFSF8
11134,TNC
11135,DEC1
11136,LINC00474
11137,PAPPA
11138,PAPPA-AS2
11139,PAPPA-AS1
11140,ASTN2
11141,ASTN2-AS1
11142,TRIM32
11143,TLR4
11144,BRINP1
11145,LINC01613
11146,CDK5RAP2
11147,MEGF9
11148,FBXW2
11149,PSMD5
11150,PHF19
11151,TRAF1
11152,C5
11153,CNTRL
11154,RAB14
11155,GSN
11156,GSN-AS1
11157,STOM
11158,DAB2IP
11159,TTLL11
11160,TTLL11-IT1
11161,NDUFA8
11162,MORN5
11163,LHX6
11164,RBM18
11165,MRRF
11166,PTGS1
11167,OR1J1
11168,OR1J2
11169,OR1J4
11170,OR1N1
11171,OR1N2
11172,OR1L8
11173,OR1Q1
11174,OR1B1
11175,OR1L1
11176,OR1L3
11177,OR1L4
11178,OR1L6
11179,OR5C1
11180,PDCL
11181,OR1K1
11182,RC3H2
11183,ZBTB6
11184,ZBTB26
11185,RABGAP1
11186,GPR21
11187,STRBP
11188,CRB2
11189,DENND1A
11190,LHX2
11191,NEK6
11192,PSMB7
11193,ADGRD2
11194,NR5A1
11195,NR6A1
11196,MIR181A2HG
11197,OLFML2A
11198,WDR38
11199,RPL35
11200,ARPC5L
11201,GOLGA1
11202,SCAI
11203,PPP6C
11204,RABEPK
11205,HSPA5
11206,GAPVD1
11207,MAPKAP1
11208,PBX3
11209,MVB12B
11210,LMX1B
11211,ZBTB43
11212,ZBTB34
11213,RALGPS1
11214,ANGPTL2
11215,GARNL3
11216,SLC2A8
11217,ZNF79
11218,RPL12
11219,LRSAM1
11220,FAM129B
11221,STXBP1
11222,PTRH1
11223,CFAP157
11224,TTC16
11225,TOR2A
11226,SH2D3C
11227,AL162426.1
11228,CDK9
11229,FPGS
11230,ENG
11231,AK1
11232,ST6GALNAC6
11233,ST6GALNAC4
11234,PIP5KL1
11235,DPM2
11236,FAM102A
11237,NAIF1
11238,SLC25A25
11239,SLC25A25-AS1
11240,PTGES2
11241,LCN2
11242,C9orf16
11243,CIZ1
11244,DNM1
11245,GOLGA2
11246,SWI5
11247,TRUB2
11248,COQ4
11249,SLC27A4
11250,URM1
11251,CERCAM
11252,ODF2
11253,ODF2-AS1
11254,GLE1
11255,SPTAN1
11256,WDR34
11257,HMGA1P4
11258,SET
11259,PKN3
11260,ZDHHC12
11261,ZER1
11262,TBC1D13
11263,ENDOG
11264,LRRC8A
11265,PHYHD1
11266,DOLK
11267,NUP188
11268,SH3GLB2
11269,DOLPP1
11270,CRAT
11271,IER5L
11272,C9orf106
11273,LINC01503
11274,NTMT1
11275,C9orf50
11276,ASB6
11277,PRRX2
11278,PRRX2-AS1
11279,PTGES
11280,TOR1B
11281,TOR1A
11282,C9orf78
11283,USP20
11284,FNBP1
11285,GPR107
11286,NCS1
11287,HMCN2
11288,ASS1
11289,FUBP3
11290,PRDM12
11291,EXOSC2
11292,ABL1
11293,QRFP
11294,FIBCD1
11295,LAMC3
11296,AIF1L
11297,NUP214
11298,FAM78A
11299,PLPP7
11300,PRRC2B
11301,POMT1
11302,UCK1
11303,RAPGEF1
11304,MED27
11305,NTNG2
11306,SETX
11307,TTF1
11308,CFAP77
11309,BARHL1
11310,DDX31
11311,GTF3C4
11312,AK8
11313,TSC1
11314,GFI1B
11315,GTF3C5
11316,CEL
11317,RALGDS
11318,GBGT1
11319,OBP2B
11320,ABO
11321,SURF6
11322,MED22
11323,RPL7A
11324,SURF1
11325,SURF2
11326,SURF4
11327,STKLD1
11328,REXO4
11329,ADAMTS13
11330,CACFD1
11331,SLC2A6
11332,ADAMTSL2
11333,FAM163B
11334,DBH
11335,DBH-AS1
11336,SARDH
11337,VAV2
11338,BRD3
11339,WDR5
11340,RXRA
11341,COL5A1
11342,COL5A1-AS1
11343,FCN2
11344,FCN1
11345,OLFM1
11346,C9orf62
11347,PPP1R26-AS1
11348,PPP1R26
11349,C9orf116
11350,MRPS2
11351,LCN1
11352,OBP2A
11353,PAEP
11354,LINC01502
11355,GLT6D1
11356,LCN9
11357,SOHLH1
11358,KCNT1
11359,CAMSAP1
11360,UBAC1
11361,NACC2
11362,LHX3
11363,QSOX2
11364,CCDC187
11365,GPSM1
11366,DNLZ
11367,CARD9
11368,SNAPC4
11369,PMPCA
11370,INPP5E
11371,SEC16A
11372,C9orf163
11373,NOTCH1
11374,NALT1
11375,EGFL7
11376,AGPAT2
11377,FAM69B
11378,SNHG7
11379,LCN10
11380,LCN6
11381,LCN8
11382,LCN15
11383,TMEM141
11384,CCDC183
11385,CCDC183-AS1
11386,RABL6
11387,PHPT1
11388,MAMDC4
11389,EDF1
11390,TRAF2
11391,FBXW5
11392,C8G
11393,LCN12
11394,PRR31
11395,PTGDS
11396,LCNL1
11397,CLIC3
11398,ABCA2
11399,C9orf139
11400,FUT7
11401,NPDC1
11402,ENTPD2
11403,SAPCD2
11404,UAP1L1
11405,MAN1B1
11406,DPP7
11407,GRIN1
11408,LRRC26
11409,TMEM210
11410,ANAPC2
11411,SSNA1
11412,TPRN
11413,TMEM203
11414,NDOR1
11415,RNF208
11416,CYSRT1
11417,RNF224
11418,SLC34A3
11419,TUBB4B
11420,FAM166A
11421,NELFB
11422,TOR4A
11423,NRARP
11424,EXD3
11425,NOXA1
11426,ENTPD8
11427,NSMF
11428,PNPLA7
11429,MRPL41
11430,DPH7
11431,ZMYND19
11432,ARRDC1
11433,ARRDC1-AS1
11434,EHMT1
11435,CACNA1B
11436,LINC01001
11437,BET1L
11438,SCGB1C1
11439,ODF3
11440,RIC8A
11441,SIRT3
11442,PSMD13
11443,NLRP6
11444,IFITM5
11445,IFITM2
11446,IFITM1
11447,IFITM3
11448,B4GALNT4
11449,PKP3
11450,SIGIRR
11451,ANO9
11452,PTDSS2
11453,RNH1
11454,HRAS
11455,LRRC56
11456,LMNTD2
11457,RASSF7
11458,MIR210HG
11459,PHRF1
11460,IRF7
11461,CDHR5
11462,SCT
11463,DRD4
11464,DEAF1
11465,EPS8L2
11466,TMEM80
11467,TALDO1
11468,CEND1
11469,SLC25A22
11470,PANO1
11471,PIDD1
11472,RPLP2
11473,PNPLA2
11474,CRACR2B
11475,CD151
11476,POLR2L
11477,TSPAN4
11478,CHID1
11479,AP2A2
11480,MUC6
11481,MUC5AC
11482,MUC5B
11483,TOLLIP
11484,TOLLIP-AS1
11485,BRSK2
11486,MOB2
11487,DUSP8
11488,KRTAP5-AS1
11489,AP006285.2
11490,KRTAP5-1
11491,KRTAP5-2
11492,KRTAP5-3
11493,KRTAP5-4
11494,KRTAP5-5
11495,FAM99A
11496,FAM99B
11497,KRTAP5-6
11498,IFITM10
11499,CTSD
11500,SYT8
11501,TNNI2
11502,LSP1
11503,PRR33
11504,LINC01150
11505,TNNT3
11506,MRPL23
11507,MRPL23-AS1
11508,LINC01219
11509,IGF2
11510,INS-IGF2
11511,IGF2-AS
11512,INS
11513,TH
11514,ASCL2
11515,C11orf21
11516,TSPAN32
11517,CD81-AS1
11518,CD81
11519,TSSC4
11520,TRPM5
11521,KCNQ1
11522,KCNQ1OT1
11523,KCNQ1-AS1
11524,KCNQ1DN
11525,CDKN1C
11526,SLC22A18AS
11527,SLC22A18
11528,PHLDA2
11529,NAP1L4
11530,CARS
11531,CARS-AS1
11532,OSBPL5
11533,MRGPRG
11534,MRGPRG-AS1
11535,MRGPRE
11536,ZNF195
11537,ART5
11538,ART1
11539,CHRNA10
11540,NUP98
11541,PGAP2
11542,RHOG
11543,STIM1
11544,RRM1
11545,RRM1-AS1
11546,TRIM21
11547,OR52K2
11548,OR52K1
11549,OR52M1
11550,C11orf40
11551,OR52I2
11552,OR52I1
11553,TRIM68
11554,OR51D1
11555,OR51E1
11556,OR51E2
11557,MMP26
11558,OR51F1
11559,OR52R1
11560,OR51F2
11561,OR51S1
11562,OR51T1
11563,OR51A7
11564,OR51G2
11565,OR51G1
11566,OR51A4
11567,OR51A2
11568,OR51L1
11569,OR52J3
11570,OR52E2
11571,OR52A5
11572,OR52A1
11573,OR51V1
11574,HBB
11575,HBD
11576,HBG1
11577,HBG2
11578,AC104389.1
11579,HBE1
11580,OR51B4
11581,OR51B2
11582,OR51B5
11583,OR51B6
11584,OR51M1
11585,OR51Q1
11586,OR51I1
11587,OR51I2
11588,OR52D1
11589,UBQLN3
11590,UBQLNL
11591,OR52H1
11592,OR52B6
11593,TRIM6
11594,TRIM6-TRIM34
11595,TRIM34
11596,TRIM5
11597,TRIM22
11598,OR56B1
11599,OR52N4
11600,OR52N5
11601,OR52N1
11602,OR52N2
11603,OR52E6
11604,OR52E8
11605,OR52E4
11606,OR52E5
11607,OR56A3
11608,OR56A5
11609,OR52L1
11610,OR56A4
11611,OR56A1
11612,OR56B4
11613,OR52B2
11614,OR52W1
11615,C11orf42
11616,FAM160A2
11617,CNGA4
11618,CCKBR
11619,SMPD1
11620,APBB1
11621,HPX
11622,TRIM3
11623,ARFIP2
11624,TIMM10B
11625,DNHD1
11626,RRP8
11627,ILK
11628,TAF10
11629,TPP1
11630,DCHS1
11631,MRPL17
11632,OR2AG2
11633,OR2AG1
11634,OR6A2
11635,OR10A5
11636,OR10A2
11637,OR10A4
11638,OR2D2
11639,OR2D3
11640,ZNF215
11641,ZNF214
11642,NLRP14
11643,RBMXL2
11644,SYT9
11645,OLFML1
11646,PPFIBP2
11647,CYB5R2
11648,OVCH2
11649,OR5P2
11650,OR5P3
11651,OR10A6
11652,OR10A3
11653,NLRP10
11654,EIF3F
11655,CASC23
11656,TUB
11657,RIC3
11658,LMO1
11659,STK33
11660,TRIM66
11661,RPL27A
11662,ST5
11663,AKIP1
11664,C11orf16
11665,ASCL3
11666,TMEM9B
11667,TMEM9B-AS1
11668,NRIP3
11669,SCUBE2
11670,DENND5A
11671,TMEM41B
11672,IPO7
11673,ZNF143
11674,WEE1
11675,SWAP70
11676,SBF2-AS1
11677,SBF2
11678,ADM
11679,AMPD3
11680,MTRNR2L8
11681,RNF141
11682,MRVI1-AS1
11683,LYVE1
11684,MRVI1
11685,CTR9
11686,EIF4G2
11687,ZBED5
11688,ZBED5-AS1
11689,GALNT18
11690,CSNK2A3
11691,USP47
11692,DKK3
11693,MICAL2
11694,PARVA
11695,TEAD1
11696,LINC00958
11697,RASSF10
11698,ARNTL
11699,BTBD10
11700,PTH
11701,FAR1
11702,SPON1
11703,RRAS2
11704,COPB1
11705,PSMA1
11706,PDE3B
11707,CYP2R1
11708,CALCB
11709,CALCA
11710,INSC
11711,SOX6
11712,C11orf58
11713,PLEKHA7
11714,RPS13
11715,PIK3C2A
11716,NUCB2
11717,NCR3LG1
11718,KCNJ11
11719,ABCC8
11720,USH1C
11721,OTOG
11722,MYOD1
11723,KCNC1
11724,SERGEF
11725,TPH1
11726,SAAL1
11727,MRGPRX3
11728,MRGPRX4
11729,SAA4
11730,SAA2-SAA4
11731,SAA2
11732,SAA1
11733,HPS5
11734,GTF2H1
11735,LDHA
11736,LDHC
11737,LDHAL6A
11738,TSG101
11739,UEVLD
11740,SPTY2D1
11741,TMEM86A
11742,IGSF22
11743,PTPN5
11744,MRGPRX1
11745,MRGPRX2
11746,ZDHHC13
11747,CSRP3
11748,E2F8
11749,NAV2
11750,NAV2-AS5
11751,NAV2-AS4
11752,NAV2-AS3
11753,NAV2-AS2
11754,NAV2-AS1
11755,DBX1
11756,HTATIP2
11757,PRMT3
11758,SLC6A5
11759,NELL1
11760,ANO5
11761,SLC17A6
11762,LINC01495
11763,FANCF
11764,GAS2
11765,SVIP
11766,CCDC179
11767,LUZP2
11768,ANO3
11769,MUC15
11770,SLC5A12
11771,FIBIN
11772,BBOX1
11773,BBOX1-AS1
11774,CCDC34
11775,LGR4
11776,LIN7C
11777,BDNF-AS
11778,LINC00678
11779,BDNF
11780,KIF18A
11781,METTL15
11782,LINC01616
11783,KCNA4
11784,FSHB
11785,ARL14EP
11786,MPPED2
11787,DCDC1
11788,DNAJC24
11789,IMMP1L
11790,ELP4
11791,PAX6
11792,RCN1
11793,WT1
11794,EIF3M
11795,CCDC73
11796,PRRG4
11797,QSER1
11798,DEPDC7
11799,TCP11L1
11800,LINC00294
11801,CSTF3
11802,HIPK3
11803,KIAA1549L
11804,C11orf91
11805,CD59
11806,FBXO3
11807,LMO2
11808,CAPRIN1
11809,NAT10
11810,ABTB2
11811,CAT
11812,ELF5
11813,EHF
11814,APIP
11815,PDHX
11816,CD44
11817,SLC1A2
11818,PAMR1
11819,FJX1
11820,TRIM44
11821,LDLRAD3
11822,COMMD9
11823,PRR5L
11824,TRAF6
11825,RAG1
11826,RAG2
11827,C11orf74
11828,LINC01493
11829,LRRC4C
11830,LINC01499
11831,API5
11832,TTC17
11833,HSD17B12
11834,ALKBH3
11835,ALKBH3-AS1
11836,C11orf96
11837,ACCSL
11838,ACCS
11839,EXT2
11840,ALX4
11841,CD82
11842,TSPAN18
11843,TP53I11
11844,AC068858.1
11845,PRDM11
11846,SYT13
11847,CHST1
11848,SLC35C1
11849,CRY2
11850,MAPK8IP1
11851,C11orf94
11852,PEX16
11853,PHF21A
11854,CREB3L1
11855,DGKZ
11856,MDK
11857,CHRM4
11858,AMBRA1
11859,HARBI1
11860,ATG13
11861,ARHGAP1
11862,ZNF408
11863,F2
11864,CKAP5
11865,LRP4-AS1
11866,LRP4
11867,C11orf49
11868,ARFGAP2
11869,PACSIN3
11870,DDB2
11871,ACP2
11872,NR1H3
11873,MADD
11874,MYBPC3
11875,SPI1
11876,SLC39A13
11877,PSMC3
11878,RAPSN
11879,CELF1
11880,NDUFS3
11881,PTPMT1
11882,KBTBD4
11883,FAM180B
11884,C1QTNF4
11885,MTCH2
11886,AGBL2
11887,FNBP4
11888,NUP160
11889,PTPRJ
11890,PTPRJ-AS1
11891,OR4B1
11892,OR4X2
11893,OR4X1
11894,OR4S1
11895,OR4C3
11896,OR4C5
11897,OR4A47
11898,TRIM49B
11899,TRIM64C
11900,FOLH1
11901,OR4C13
11902,OR4C12
11903,OR4C46
11904,OR4A5
11905,TRIM48
11906,OR4A16
11907,OR4A15
11908,OR4C15
11909,OR4C16
11910,OR4C11
11911,OR4P4
11912,OR4S2
11913,OR4C6
11914,OR5D13
11915,OR5D14
11916,OR5L1
11917,OR5D18
11918,OR5L2
11919,OR5D16
11920,TRIM51
11921,OR5W2
11922,OR5I1
11923,OR10AG1
11924,OR5F1
11925,OR5AS1
11926,OR8I2
11927,OR8H2
11928,OR8H3
11929,OR8J3
11930,OR8K5
11931,OR5J2
11932,OR5T2
11933,OR5T3
11934,OR5T1
11935,OR8H1
11936,OR8K3
11937,OR8K1
11938,OR8J1
11939,OR8U1
11940,OR5R1
11941,OR5M9
11942,OR5M3
11943,OR5M8
11944,OR5M11
11945,OR5M10
11946,OR5M1
11947,OR5AP2
11948,OR5AR1
11949,OR9G1
11950,OR9G4
11951,OR5AK2
11952,LRRC55
11953,APLNR
11954,TNKS1BP1
11955,SSRP1
11956,P2RX3
11957,PRG3
11958,PRG2
11959,SLC43A3
11960,RTN4RL2
11961,SLC43A1
11962,TIMM10
11963,SMTNL1
11964,UBE2L6
11965,SERPING1
11966,YPEL4
11967,CLP1
11968,ZDHHC5
11969,MED19
11970,TMX2
11971,TMX2-CTNND1
11972,BTBD18
11973,CTNND1
11974,OR9Q1
11975,OR6Q1
11976,OR9I1
11977,OR9Q2
11978,OR1S2
11979,OR1S1
11980,OR10Q1
11981,OR10W1
11982,OR5B17
11983,OR5B3
11984,OR5B2
11985,OR5B12
11986,OR5B21
11987,LPXN
11988,ZFP91
11989,ZFP91-CNTF
11990,CNTF
11991,GLYAT
11992,GLYATL2
11993,GLYATL1
11994,FAM111B
11995,FAM111A
11996,DTX4
11997,MPEG1
11998,OR5AN1
11999,OR5A2
12000,OR5A1
12001,OR4D6
12002,OR4D10
12003,OR4D11
12004,OR4D9
12005,OSBP
12006,AP000442.1
12007,PATL1
12008,OR10V1
12009,STX3
12010,MRPL16
12011,GIF
12012,TCN1
12013,OOSP2
12014,MS4A3
12015,MS4A2
12016,AP001257.1
12017,MS4A6A
12018,MS4A4E
12019,MS4A4A
12020,MS4A6E
12021,MS4A7
12022,MS4A14
12023,MS4A5
12024,MS4A1
12025,MS4A12
12026,MS4A13
12027,MS4A8
12028,MS4A18
12029,MS4A15
12030,MS4A10
12031,CCDC86
12032,PTGDR2
12033,ZP1
12034,PRPF19
12035,TMEM109
12036,TMEM132A
12037,SLC15A3
12038,CD6
12039,CD5
12040,VPS37C
12041,PGA3
12042,PGA4
12043,PGA5
12044,VWCE
12045,DDB1
12046,TKFC
12047,CYB561A3
12048,TMEM138
12049,TMEM216
12050,CPSF7
12051,SDHAF2
12052,PPP1R32
12053,LRRC10B
12054,SYT7
12055,DAGLA
12056,DKFZP434K028
12057,MYRF
12058,TMEM258
12059,FEN1
12060,FADS2
12061,FADS1
12062,FADS3
12063,RAB3IL1
12064,BEST1
12065,FTH1
12066,INCENP
12067,SCGB1D1
12068,SCGB2A1
12069,SCGB1D2
12070,SCGB2A2
12071,SCGB1D4
12072,ASRGL1
12073,SCGB1A1
12074,AHNAK
12075,EEF1G
12076,TUT1
12077,MTA2
12078,EML3
12079,ROM1
12080,B3GAT3
12081,GANAB
12082,INTS5
12083,C11orf98
12084,LBHD1
12085,UQCC3
12086,UBXN1
12087,LRRN4CL
12088,BSCL2
12089,HNRNPUL2-BSCL2
12090,GNG3
12091,HNRNPUL2
12092,TTC9C
12093,ZBTB3
12094,POLR2G
12095,TAF6L
12096,TMEM223
12097,TMEM179B
12098,NXF1
12099,STX5
12100,WDR74
12101,SLC3A2
12102,CHRM1
12103,SLC22A6
12104,SLC22A8
12105,SLC22A24
12106,SLC22A10
12107,SLC22A25
12108,SLC22A9
12109,HRASLS5
12110,LGALS12
12111,RARRES3
12112,HRASLS2
12113,PLA2G16
12114,ATL3
12115,RTN3
12116,C11orf95
12117,MARK2
12118,RCOR2
12119,NAA40
12120,COX8A
12121,OTUB1
12122,MACROD1
12123,FLRT1
12124,STIP1
12125,FERMT3
12126,TRPT1
12127,NUDT22
12128,DNAJC4
12129,VEGFB
12130,FKBP2
12131,PPP1R14B
12132,PLCB3
12133,BAD
12134,GPR137
12135,KCNK4
12136,ESRRA
12137,TRMT112
12138,PRDX5
12139,AP003774.1
12140,CCDC88B
12141,RPS6KA4
12142,AP003774.4
12143,AP005273.1
12144,SLC22A11
12145,SLC22A12
12146,NRXN2
12147,RASGRP2
12148,PYGM
12149,SF1
12150,MAP4K2
12151,MEN1
12152,CDC42BPG
12153,EHD1
12154,MIR194-2HG
12155,ATG2A
12156,PPP2R5B
12157,GPHA2
12158,BATF2
12159,ARL2
12160,ARL2-SNX15
12161,SNX15
12162,SAC3D1
12163,NAALADL1
12164,CDCA5
12165,ZFPL1
12166,TMEM262
12167,VPS51
12168,TM7SF2
12169,ZNHIT2
12170,FAU
12171,SYVN1
12172,MRPL49
12173,SPDYC
12174,CAPN1
12175,POLA2
12176,CDC42EP2
12177,DPF2
12178,TIGD3
12179,SLC25A45
12180,FRMD8
12181,NEAT1
12182,MALAT1
12183,SCYL1
12184,LTBP3
12185,SSSCA1
12186,FAM89B
12187,EHBP1L1
12188,SIPA1
12189,KCNK7
12190,MAP3K11
12191,RELA
12192,KAT5
12193,RNASEH2C
12194,AP5B1
12195,OVOL1
12196,OVOL1-AS1
12197,CFL1
12198,SNX32
12199,MUS81
12200,EFEMP2
12201,CTSW
12202,FIBP
12203,CCDC85B
12204,FOSL1
12205,C11orf68
12206,DRAP1
12207,TSGA10IP
12208,SART1
12209,EIF1AD
12210,BANF1
12211,CST6
12212,CATSPER1
12213,GAL3ST3
12214,SF3B2
12215,PACS1
12216,KLC2
12217,RAB1B
12218,CNIH2
12219,YIF1A
12220,TMEM151A
12221,CD248
12222,RIN1
12223,BRMS1
12224,B4GAT1
12225,SLC29A2
12226,NPAS4
12227,MRPL11
12228,PELI3
12229,DPP3
12230,BBS1
12231,ZDHHC24
12232,ACTN3
12233,CTSF
12234,CCDC87
12235,CCS
12236,RBM14
12237,RBM14-RBM4
12238,RBM4
12239,RBM4B
12240,SPTBN2
12241,C11orf80
12242,RCE1
12243,PC
12244,LRFN4
12245,C11orf86
12246,SYT12
12247,RHOD
12248,KDM2A
12249,ANKRD13D
12250,SSH3
12251,RAD9A
12252,POLD4
12253,CLCF1
12254,PPP1CA
12255,TBC1D10C
12256,CARNS1
12257,RPS6KB2
12258,CORO1B
12259,PTPRCAP
12260,GPR152
12261,CABP4
12262,TMEM134
12263,AIP
12264,PITPNM1
12265,CDK2AP2
12266,CABP2
12267,GSTP1
12268,C11orf72
12269,NDUFV1
12270,NUDT8
12271,TBX10
12272,ACY3
12273,ALDH3B2
12274,UNC93B1
12275,ALDH3B1
12276,NDUFS8
12277,TCIRG1
12278,CHKA
12279,KMT5B
12280,C11orf24
12281,LRP5
12282,PPP6R3
12283,GAL
12284,CPT1A
12285,MRPL21
12286,IGHMBP2
12287,MRGPRD
12288,MRGPRF
12289,MRGPRF-AS1
12290,TPCN2
12291,MYEOV
12292,AP000439.1
12293,AP000439.2
12294,AP000439.3
12295,CCND1
12296,ORAOV1
12297,FGF19
12298,FGF4
12299,FGF3
12300,ANO1
12301,ANO1-AS1
12302,FADD
12303,PPFIA1
12304,CTTN
12305,SHANK2
12306,SHANK2-AS1
12307,SHANK2-AS2
12308,SHANK2-AS3
12309,DHCR7
12310,NADSYN1
12311,KRTAP5-7
12312,KRTAP5-8
12313,KRTAP5-9
12314,KRTAP5-10
12315,KRTAP5-11
12316,FAM86C1
12317,DEFB108B
12318,RNF121
12319,IL18BP
12320,NUMA1
12321,LRTOMT
12322,LAMTOR1
12323,ANAPC15
12324,FOLR3
12325,FOLR1
12326,FOLR2
12327,INPPL1
12328,PHOX2A
12329,CLPB
12330,LINC01537
12331,PDE2A
12332,ARAP1
12333,ARAP1-AS1
12334,ARAP1-AS2
12335,STARD10
12336,ATG16L2
12337,FCHSD2
12338,P2RY2
12339,P2RY6
12340,ARHGEF17
12341,RELT
12342,FAM168A
12343,PLEKHB1
12344,RAB6A
12345,MRPL48
12346,COA4
12347,PAAF1
12348,DNAJB13
12349,UCP2
12350,UCP3
12351,C2CD3
12352,PPME1
12353,P4HA3
12354,PGM2L1
12355,KCNE3
12356,LIPT2
12357,POLD3
12358,CHRDL2
12359,RNF169
12360,XRRA1
12361,SPCS2
12362,NEU3
12363,OR2AT4
12364,SLCO2B1
12365,TPBGL
12366,ARRB1
12367,RPS3
12368,KLHL35
12369,GDPD5
12370,SERPINH1
12371,MAP6
12372,MOGAT2
12373,DGAT2
12374,UVRAG
12375,WNT11
12376,EMSY
12377,AP001189.4
12378,LRRC32
12379,TSKU
12380,ACER3
12381,B3GNT6
12382,CAPN5
12383,OMP
12384,MYO7A
12385,GDPD4
12386,PAK1
12387,CLNS1A
12388,AQP11
12389,RSF1
12390,AAMDC
12391,INTS4
12392,KCTD14
12393,NDUFC2-KCTD14
12394,THRSP
12395,NDUFC2
12396,ALG8
12397,KCTD21-AS1
12398,KCTD21
12399,USP35
12400,GAB2
12401,NARS2
12402,TENM4
12403,MIR4300HG
12404,FAM181B
12405,PRCP
12406,DDIAS
12407,RAB30
12408,RAB30-AS1
12409,PCF11
12410,PCF11-AS1
12411,ANKRD42
12412,CCDC90B
12413,DLG2
12414,TMEM126B
12415,TMEM126A
12416,CREBZF
12417,CCDC89
12418,SYTL2
12419,CCDC83
12420,PICALM
12421,EED
12422,CCDC81
12423,ME3
12424,PRSS23
12425,FZD4
12426,TMEM135
12427,RAB38
12428,CTSC
12429,GRM5-AS1
12430,GRM5
12431,TYR
12432,NOX4
12433,TRIM77
12434,TRIM49
12435,TRIM64B
12436,TRIM49D1
12437,TRIM49D2
12438,TRIM64
12439,TRIM49C
12440,UBTFL1
12441,NAALAD2
12442,CHORDC1
12443,FAT3
12444,MTNR1B
12445,SLC36A4
12446,SMCO4
12447,CEP295
12448,SCARNA9
12449,TAF1D
12450,C11orf54
12451,MED17
12452,VSTM5
12453,HEPHL1
12454,PANX1
12455,IZUMO1R
12456,GPR83
12457,ANKRD49
12458,C11orf97
12459,PIWIL4
12460,FUT4
12461,AMOTL1
12462,CWC15
12463,KDM4D
12464,KDM4E
12465,SRSF8
12466,ENDOD1
12467,SESN3
12468,FAM76B
12469,CEP57
12470,MTMR2
12471,MAML2
12472,CCDC82
12473,JRKL
12474,JRKL-AS1
12475,CNTN5
12476,ARHGAP42
12477,PGR
12478,TRPC6
12479,ANGPTL5
12480,CEP126
12481,YAP1
12482,BIRC3
12483,BIRC2
12484,TMEM123
12485,MMP7
12486,MMP20
12487,MMP27
12488,MMP8
12489,MMP10
12490,MMP1
12491,MMP3
12492,MMP12
12493,MMP13
12494,DCUN1D5
12495,DYNC2H1
12496,PDGFD
12497,DDI1
12498,CASP4
12499,CASP5
12500,CASP1
12501,CARD16
12502,CARD17
12503,CARD18
12504,GRIA4
12505,MSANTD4
12506,KBTBD3
12507,AASDHPPT
12508,GUCY1A2
12509,CWF19L2
12510,ALKBH8
12511,ELMOD1
12512,SLN
12513,SLC35F2
12514,RAB39A
12515,CUL5
12516,ACAT1
12517,NPAT
12518,ATM
12519,C11orf65
12520,KDELC2
12521,EXPH5
12522,DDX10
12523,C11orf87
12524,ZC3H12C
12525,RDX
12526,FDX1
12527,ARHGAP20
12528,C11orf53
12529,COLCA1
12530,COLCA2
12531,POU2AF1
12532,BTG4
12533,C11orf88
12534,LAYN
12535,SIK2
12536,PPP2R1B
12537,ALG9
12538,FDXACB1
12539,C11orf1
12540,CRYAB
12541,HSPB2
12542,HSPB2-C11orf52
12543,C11orf52
12544,DIXDC1
12545,DLAT
12546,PIH1D2
12547,TIMM8B
12548,SDHD
12549,AP002884.2
12550,IL18
12551,TEX12
12552,BCO2
12553,PTS
12554,PLET1
12555,NCAM1
12556,NCAM1-AS1
12557,TTC12
12558,ANKK1
12559,DRD2
12560,TMPRSS5
12561,ZW10
12562,CLDN25
12563,USP28
12564,HTR3B
12565,HTR3A
12566,ZBTB16
12567,NNMT
12568,C11orf71
12569,RBM7
12570,REXO2
12571,NXPE1
12572,NXPE4
12573,NXPE2
12574,CADM1
12575,AP000462.3
12576,AP000997.1
12577,AP000997.2
12578,AP000797.3
12579,LINC00900
12580,AP000770.1
12581,BUD13
12582,ZPR1
12583,APOA5
12584,APOA4
12585,APOC3
12586,APOA1
12587,APOA1-AS
12588,SIK3
12589,PAFAH1B2
12590,SIDT2
12591,TAGLN
12592,PCSK7
12593,RNF214
12594,BACE1
12595,BACE1-AS
12596,CEP164
12597,DSCAML1
12598,FXYD2
12599,FXYD6-FXYD2
12600,FXYD6
12601,TMPRSS13
12602,IL10RA
12603,TMPRSS4
12604,SCN4B
12605,SCN2B
12606,JAML
12607,MPZL3
12608,MPZL2
12609,CD3E
12610,CD3D
12611,CD3G
12612,UBE4A
12613,KMT2A
12614,TTC36
12615,TMEM25
12616,IFT46
12617,ARCN1
12618,PHLDB1
12619,TREH
12620,DDX6
12621,CXCR5
12622,BCL9L
12623,UPK2
12624,FOXR1
12625,CCDC84
12626,RPS25
12627,TRAPPC4
12628,SLC37A4
12629,HYOU1
12630,VPS11
12631,HMBS
12632,H2AFX
12633,DPAGT1
12634,C2CD2L
12635,HINFP
12636,ABCG4
12637,NLRX1
12638,PDZD3
12639,CCDC153
12640,CBL
12641,MCAM
12642,RNF26
12643,C1QTNF5
12644,MFRP
12645,USP2
12646,USP2-AS1
12647,THY1
12648,TRIM29
12649,OAF
12650,POU2F3
12651,TMEM136
12652,ARHGEF12
12653,GRIK4
12654,TBCEL
12655,TECTA
12656,SC5D
12657,SORL1
12658,BLID
12659,UBASH3B
12660,CRTAM
12661,BSX
12662,HSPA8
12663,CLMP
12664,GRAMD1B
12665,SCN3B
12666,ZNF202
12667,OR6X1
12668,OR6M1
12669,TMEM225
12670,OR8D4
12671,OR4D5
12672,OR6T1
12673,OR10S1
12674,OR10G6
12675,OR10G4
12676,OR10G9
12677,OR10G8
12678,OR10G7
12679,VWA5A
12680,OR10D3
12681,OR8G1
12682,OR8G5
12683,OR8D1
12684,OR8D2
12685,OR8B2
12686,OR8B3
12687,OR8B4
12688,OR8B8
12689,OR8B12
12690,OR8A1
12691,PANX3
12692,TBRG1
12693,SIAE
12694,SPA17
12695,NRGN
12696,VSIG2
12697,ESAM
12698,MSANTD2
12699,AP000866.1
12700,ROBO3
12701,ROBO4
12702,HEPACAM
12703,HEPN1
12704,CCDC15
12705,SLC37A2
12706,TMEM218
12707,PKNOX2-AS1
12708,PKNOX2
12709,FEZ1
12710,EI24
12711,STT3A-AS1
12712,STT3A
12713,CHEK1
12714,ACRV1
12715,PATE1
12716,PATE2
12717,PATE3
12718,PATE4
12719,HYLS1
12720,PUS3
12721,DDX25
12722,CDON
12723,RPUSD4
12724,FAM118B
12725,SRPRA
12726,FOXRED1
12727,TIRAP
12728,DCPS
12729,ST3GAL4
12730,KIRREL3
12731,KIRREL3-AS1
12732,KIRREL3-AS2
12733,KIRREL3-AS3
12734,ETS1
12735,FLI1
12736,SENCR
12737,KCNJ1
12738,KCNJ5
12739,C11orf45
12740,TP53AIP1
12741,ARHGAP32
12742,BARX2
12743,TMEM45B
12744,NFRKB
12745,PRDM10
12746,LINC00167
12747,APLP2
12748,ST14
12749,ZBTB44
12750,ADAMTS8
12751,ADAMTS15
12752,C11orf44
12753,SNX19
12754,AP002856.4
12755,NTM
12756,AP003025.2
12757,NTM-AS1
12758,OPCML
12759,SPATA19
12760,IGSF9B
12761,JAM3
12762,NCAPD3
12763,VPS26B
12764,THYN1
12765,ACAD8
12766,GLB1L3
12767,GLB1L2
12768,B3GAT1
12769,AP004550.1
12770,TUBB8
12771,ZMYND11
12772,DIP2C
12773,PRR26
12774,LARP4B
12775,GTPBP4
12776,IDI2
12777,IDI2-AS1
12778,IDI1
12779,WDR37
12780,LINC00200
12781,ADARB2
12782,ADARB2-AS1
12783,LINC00700
12784,LINC00701
12785,PFKP
12786,PITRM1
12787,PITRM1-AS1
12788,KLF6
12789,LINC00702
12790,LINC00703
12791,LINC00705
12792,AKR1E2
12793,AKR1C2
12794,AKR1C1
12795,AKR1C3
12796,AKR1C4
12797,UCN3
12798,TUBAL3
12799,NET1
12800,CALML5
12801,CALML3-AS1
12802,CALML3
12803,ASB13
12804,FAM208B
12805,GDI2
12806,ANKRD16
12807,IL15RA
12808,IL2RA
12809,RBM17
12810,PFKFB3
12811,PRKCQ
12812,LINC00707
12813,SFMBT2
12814,ITIH5
12815,ITIH2
12816,KIN
12817,TAF3
12818,GATA3-AS1
12819,GATA3
12820,LINC00708
12821,LINC00709
12822,SFTA1P
12823,CELF2
12824,CELF2-AS2
12825,CELF2-AS1
12826,USP6NL
12827,ECHDC3
12828,PROSER2
12829,PROSER2-AS1
12830,UPF2
12831,DHTKD1
12832,SEC61A2
12833,NUDT5
12834,CDC123
12835,CAMK1D
12836,CCDC3
12837,OPTN
12838,MCM10
12839,UCMA
12840,PHYH
12841,SEPHS1
12842,BEND7
12843,PRPF18
12844,FRMD4A
12845,FAM107B
12846,CDNF
12847,HSPA14
12848,SUV39H2
12849,DCLRE1C
12850,MEIG1
12851,OLAH
12852,ACBD7
12853,RPP38
12854,NMT2
12855,FAM171A1
12856,ITGA8
12857,PTER
12858,C1QL3
12859,RSU1
12860,CUBN
12861,TRDMT1
12862,VIM-AS1
12863,VIM
12864,ST8SIA6
12865,ST8SIA6-AS1
12866,HACD1
12867,STAM-AS1
12868,STAM
12869,TMEM236
12870,MRC1
12871,SLC39A12
12872,SLC39A12-AS1
12873,CACNB2
12874,NSUN6
12875,ARL5B
12876,MALRD1
12877,PLXDC2
12878,NEBL
12879,C10orf113
12880,NEBL-AS1
12881,CASC10
12882,SKIDA1
12883,MLLT10
12884,DNAJC1
12885,EBLN1
12886,COMMD3
12887,COMMD3-BMI1
12888,BMI1
12889,SPAG6
12890,PIP4K2A
12891,ARMC3
12892,MSRB2
12893,PTF1A
12894,C10orf67
12895,OTUD1
12896,KIAA1217
12897,ARHGAP21
12898,PRTFDC1
12899,ENKUR
12900,THNSL1
12901,LINC01516
12902,GPR158-AS1
12903,GPR158
12904,LINC00836
12905,MYO3A
12906,GAD2
12907,APBB1IP
12908,PDSS1
12909,ABI1
12910,ANKRD26
12911,YME1L1
12912,MASTL
12913,ACBD5
12914,RAB18
12915,MKX
12916,MKX-AS1
12917,ARMC4
12918,MPP7
12919,WAC-AS1
12920,WAC
12921,BAMBI
12922,LINC00837
12923,LYZL1
12924,SVIL
12925,MTPAP
12926,MAP3K8
12927,LYZL2
12928,ZNF438
12929,ZEB1-AS1
12930,ZEB1
12931,ARHGAP12
12932,KIF5B
12933,EPC1
12934,CCDC7
12935,ITGB1
12936,NRP1
12937,LINC00838
12938,PARD3
12939,PARD3-AS1
12940,CUL2
12941,CREM
12942,CCNY
12943,GJD4
12944,FZD8
12945,PCAT5
12946,ANKRD30A
12947,MTRNR2L7
12948,ZNF248
12949,ZNF25
12950,ZNF33A
12951,ZNF37A
12952,IGKV1OR10-1
12953,LINC00839
12954,ZNF33B
12955,LINC01518
12956,BMS1
12957,LINC01264
12958,RET
12959,CSGALNACT2
12960,RASGEF1A
12961,FXYD4
12962,HNRNPF
12963,ZNF487
12964,ZNF239
12965,ZNF485
12966,ZNF32-AS3
12967,ZNF32
12968,ZNF32-AS1
12969,ZNF32-AS2
12970,LINC00619
12971,LINC00840
12972,LINC00841
12973,C10orf142
12974,CXCL12
12975,TMEM72-AS1
12976,TMEM72
12977,RASSF4
12978,C10orf25
12979,ZNF22
12980,OR13A1
12981,ALOX5
12982,MARCH8
12983,ZFAND4
12984,AGAP4
12985,TIMM23
12986,NCOA4
12987,MSMB
12988,ANTXRL
12989,ANXA8L1
12990,NPY4R
12991,GPRIN2
12992,SYT15
12993,PTPN20
12994,GDF10
12995,GDF2
12996,RBP3
12997,ZNF488
12998,ANXA8
12999,FAM25G
13000,AGAP9
13001,LINC00864
13002,FAM25C
13003,FRMPD2
13004,MAPK8
13005,ARHGAP22
13006,WDFY4
13007,LRRC18
13008,VSTM4
13009,FAM170B-AS1
13010,FAM170B
13011,C10orf71-AS1
13012,C10orf71
13013,DRGX
13014,ERCC6
13015,CHAT
13016,SLC18A3
13017,C10orf53
13018,OGDHL
13019,PARG
13020,TIMM23B
13021,LINC00843
13022,AGAP6
13023,ASAH2
13024,SGMS1
13025,SGMS1-AS1
13026,ASAH2B
13027,A1CF
13028,PRKG1
13029,CSTF2T
13030,PRKG1-AS1
13031,DKK1
13032,LINC01468
13033,MBL2
13034,PCDH15
13035,MTRNR2L5
13036,ZWINT
13037,IPMK
13038,CISD1
13039,UBE2D1
13040,TFAM
13041,BICC1
13042,LINC00844
13043,PHYHIPL
13044,FAM13C
13045,SLC16A9
13046,MRLN
13047,CCDC6
13048,LINC01553
13049,ANK3
13050,CDK1
13051,RHOBTB1
13052,LINC00845
13053,TMEM26
13054,TMEM26-AS1
13055,ARID5B
13056,RTKN2
13057,ZNF365
13058,ADO
13059,EGR2
13060,NRBF2
13061,JMJD1C
13062,JMJD1C-AS1
13063,REEP3
13064,LINC01515
13065,CTNNA3
13066,LRRTM3
13067,DNAJC12
13068,SIRT1
13069,HERC4
13070,MYPN
13071,ATOH7
13072,PBLD
13073,HNRNPH3
13074,RUFY2
13075,DNA2
13076,SLC25A16
13077,TET1
13078,CCAR1
13079,STOX1
13080,DDX50
13081,DDX21
13082,KIF1BP
13083,SRGN
13084,VPS26A
13085,SUPV3L1
13086,HKDC1
13087,HK1
13088,TACR2
13089,TSPAN15
13090,NEUROG3
13091,COL13A1
13092,H2AFY2
13093,AIFM2
13094,TYSND1
13095,SAR1A
13096,PPA1
13097,NPFFR1
13098,LRRC20
13099,EIF4EBP2
13100,NODAL
13101,PALD1
13102,PRF1
13103,ADAMTS14
13104,TBATA
13105,SGPL1
13106,PCBD1
13107,UNC5B
13108,UNC5B-AS1
13109,SLC29A3
13110,CDH23
13111,CDH23-AS1
13112,C10orf105
13113,PSAP
13114,CHST3
13115,SPOCK2
13116,ASCC1
13117,ANAPC16
13118,DDIT4
13119,DNAJB12
13120,MICU1
13121,MCU
13122,OIT3
13123,PLA2G12B
13124,P4HA1
13125,NUDT13
13126,ECD
13127,FAM149B1
13128,DNAJC9
13129,DNAJC9-AS1
13130,MRPS16
13131,CFAP70
13132,ANXA7
13133,MSS51
13134,PPP3CB
13135,USP54
13136,MYOZ1
13137,SYNPO2L
13138,AGAP5
13139,SEC24C
13140,FUT11
13141,CHCHD1
13142,ZSWIM8
13143,ZSWIM8-AS1
13144,NDST2
13145,CAMK2G
13146,PLAU
13147,C10orf55
13148,VCL
13149,AP3M1
13150,ADK
13151,KAT6B
13152,DUPD1
13153,DUSP13
13154,SAMD8
13155,VDAC2
13156,COMTD1
13157,ZNF503-AS1
13158,ZNF503
13159,ZNF503-AS2
13160,AC013286.1
13161,KCNMA1
13162,KCNMA1-AS1
13163,KCNMA1-AS2
13164,KCNMA1-AS3
13165,DLG5
13166,POLR3A
13167,RPS24
13168,ZMIZ1-AS1
13169,ZMIZ1
13170,PPIF
13171,ZCCHC24
13172,EIF5AL1
13173,SFTPA2
13174,SFTPA1
13175,NUTM2B-AS1
13176,NUTM2B
13177,NUTM2E
13178,SFTPD
13179,SFTPD-AS1
13180,TMEM254-AS1
13181,TMEM254
13182,PLAC9
13183,ANXA11
13184,LINC00857
13185,MAT1A
13186,DYDC1
13187,DYDC2
13188,FAM213A
13189,TSPAN14
13190,SH2D4B
13191,NRG3
13192,GHITM
13193,C10orf99
13194,CDHR1
13195,LRIT2
13196,LRIT1
13197,RGR
13198,LINC00858
13199,CCSER2
13200,LINC01519
13201,LINC01520
13202,GRID1-AS1
13203,GRID1
13204,WAPL
13205,OPN4
13206,LDB3
13207,BMPR1A
13208,MMRN2
13209,SNCG
13210,ADIRF
13211,FAM25A
13212,GLUD1
13213,NUTM2A-AS1
13214,NUTM2A
13215,NUTM2D
13216,MINPP1
13217,PAPSS2
13218,ATAD1
13219,KLLN
13220,PTEN
13221,RNLS
13222,LIPJ
13223,LIPF
13224,LIPK
13225,LIPN
13226,LIPM
13227,ANKRD22
13228,STAMBPL1
13229,ACTA2-AS1
13230,ACTA2
13231,FAS
13232,CH25H
13233,LIPA
13234,IFIT2
13235,IFIT3
13236,IFIT1B
13237,IFIT1
13238,IFIT5
13239,SLC16A12
13240,SLC16A12-AS1
13241,PANK1
13242,KIF20B
13243,LINC00865
13244,LINC01374
13245,LINC01375
13246,HTR7
13247,RPP30
13248,ANKRD1
13249,LINC00502
13250,PCGF5
13251,HECTD2
13252,PPP1R3C
13253,TNKS2-AS1
13254,TNKS2
13255,FGFBP3
13256,BTAF1
13257,CPEB3
13258,MARCH5
13259,IDE
13260,KIF11
13261,HHEX
13262,EXOC6
13263,CYP26C1
13264,CYP26A1
13265,MYOF
13266,CEP55
13267,FFAR4
13268,RBP4
13269,PDE6C
13270,FRA10AC1
13271,LGI1
13272,SLC35G1
13273,PLCE1
13274,PLCE1-AS2
13275,PLCE1-AS1
13276,NOC3L
13277,TBC1D12
13278,HELLS
13279,CYP2C18
13280,CYP2C19
13281,CYP2C9
13282,CYP2C8
13283,ACSM6
13284,PDLIM1
13285,SORBS1
13286,ALDH18A1
13287,TCTN3
13288,ENTPD1
13289,ENTPD1-AS1
13290,CC2D2B
13291,CCNJ
13292,ZNF518A
13293,BLNK
13294,DNTT
13295,OPALIN
13296,TLL2
13297,TM9SF3
13298,PIK3AP1
13299,LCOR
13300,SLIT1
13301,SLIT1-AS1
13302,ARHGAP19-SLIT1
13303,ARHGAP19
13304,FRAT1
13305,FRAT2
13306,RRP12
13307,PGAM1
13308,EXOSC1
13309,ZDHHC16
13310,MMS19
13311,UBTD1
13312,ANKRD2
13313,HOGA1
13314,C10orf62
13315,MORN4
13316,PI4K2A
13317,AVPI1
13318,MARVELD1
13319,ZFYVE27
13320,SFRP5
13321,LINC00866
13322,GOLGA7B
13323,CRTAC1
13324,R3HCC1L
13325,LOXL4
13326,PYROXD2
13327,HPS1
13328,HPSE2
13329,CNNM1
13330,GOT1
13331,LINC01475
13332,NKX2-3
13333,SLC25A28
13334,ENTPD7
13335,CUTC
13336,COX15
13337,ABCC2
13338,DNMBP
13339,DNMBP-AS1
13340,CPN1
13341,ERLIN1
13342,CHUK
13343,CWF19L1
13344,BLOC1S2
13345,PKD2L1
13346,SCD
13347,OLMALINC
13348,WNT8B
13349,SEC31B
13350,NDUFB8
13351,HIF1AN
13352,PAX2
13353,SLF2
13354,MRPL43
13355,SEMA4G
13356,LZTS2
13357,PDZD7
13358,SFXN3
13359,KAZALD1
13360,TLX1
13361,LINC01514
13362,LBX1
13363,BTRC
13364,DPCD
13365,POLL
13366,FBXW4
13367,FGF8
13368,NPM3
13369,KCNIP2-AS1
13370,KCNIP2
13371,HPS6
13372,LDB1
13373,PPRC1
13374,NOLC1
13375,ELOVL3
13376,PITX3
13377,GBF1
13378,NFKB2
13379,PSD
13380,FBXL15
13381,CUEDC2
13382,C10orf95
13383,MFSD13A
13384,ACTR1A
13385,SUFU
13386,TRIM8
13387,ARL3
13388,SFXN2
13389,WBP1L
13390,CYP17A1
13391,CYP17A1-AS1
13392,BORCS7
13393,BORCS7-ASMT
13394,AS3MT
13395,CNNM2
13396,NT5C2
13397,RPEL1
13398,INA
13399,PCGF6
13400,TAF5
13401,PDCD11
13402,CALHM2
13403,CALHM1
13404,CALHM3
13405,NEURL1-AS1
13406,NEURL1
13407,SH3PXD2A
13408,SH3PXD2A-AS1
13409,SLK
13410,COL17A1
13411,SFR1
13412,CFAP43
13413,GSTO1
13414,GSTO2
13415,ITPRIP
13416,CFAP58
13417,SORCS3
13418,SORCS3-AS1
13419,SORCS1
13420,LINC01435
13421,XPNPEP1
13422,ADD3
13423,MXI1
13424,SMNDC1
13425,DUSP5
13426,SMC3
13427,RBM20
13428,PDCD4-AS1
13429,PDCD4
13430,BBIP1
13431,SHOC2
13432,ADRA2A
13433,GPAM
13434,TECTB
13435,ACSL5
13436,ZDHHC6
13437,VTI1A
13438,TCF7L2
13439,HABP2
13440,NRAP
13441,CASP7
13442,PLEKHS1
13443,DCLRE1A
13444,NHLRC2
13445,ADRB1
13446,CCDC186
13447,TDRD1
13448,VWA2
13449,AFAP1L2
13450,ABLIM1
13451,FAM160B1
13452,TRUB1
13453,ATRNL1
13454,GFRA1
13455,CCDC172
13456,PNLIPRP3
13457,PNLIP
13458,PNLIPRP1
13459,C10orf82
13460,HSPA12A
13461,ENO4
13462,SHTN1
13463,VAX1
13464,MIR3663HG
13465,KCNK18
13466,SLC18A2
13467,PDZD8
13468,EMX2OS
13469,EMX2
13470,RAB11FIP2
13471,CASC2
13472,FAM204A
13473,LINC00867
13474,PRLHR
13475,CACUL1
13476,NANOS1
13477,EIF3A
13478,FAM45A
13479,SFXN4
13480,PRDX3
13481,GRK5
13482,RGS10
13483,TIAL1
13484,BAG3
13485,INPP5F
13486,MCMBP
13487,SEC23IP
13488,PLPP4
13489,LINC01561
13490,WDR11-AS1
13491,WDR11
13492,LINC01153
13493,FGFR2
13494,ATE1
13495,NSMCE4A
13496,TACC2
13497,BTBD16
13498,PLEKHA1
13499,ARMS2
13500,HTRA1
13501,DMBT1
13502,C10orf120
13503,CUZD1
13504,FAM24B
13505,FAM24A
13506,C10orf88
13507,PSTK
13508,IKZF5
13509,ACADSB
13510,HMX3
13511,HMX2
13512,BUB3
13513,GPR26
13514,CPXM2
13515,CHST15
13516,OAT
13517,NKX1-2
13518,LHPP
13519,FAM53B
13520,FAM53B-AS1
13521,ZRANB1
13522,CTBP2
13523,TEX36-AS1
13524,TEX36
13525,EDRF1
13526,EDRF1-AS1
13527,MMP21
13528,UROS
13529,BCCIP
13530,DHX32
13531,FANK1
13532,FANK1-AS1
13533,ADAM12
13534,LINC00601
13535,C10orf90
13536,DOCK1
13537,FAM196A
13538,NPS
13539,FOXI2
13540,CLRN3
13541,PTPRE
13542,MKI67
13543,MGMT
13544,EBF3
13545,GLRX3
13546,TCERG1L
13547,TCERG1L-AS1
13548,LINC01164
13549,PPP2R2D
13550,BNIP3
13551,JAKMIP3
13552,DPYSL4
13553,STK32C
13554,LRRC27
13555,PWWP2B
13556,C10orf91
13557,LINC01165
13558,INPP5A
13559,NKX6-2
13560,CFAP46
13561,LINC01166
13562,LINC01167
13563,LINC01168
13564,ADGRA1
13565,ADGRA1-AS1
13566,KNDC1
13567,UTF1
13568,VENTX
13569,MIR202HG
13570,ADAM8
13571,TUBGCP2
13572,ZNF511
13573,PRAP1
13574,CALY
13575,FUOM
13576,ECHS1
13577,PAOX
13578,MTG1
13579,SPRN
13580,CYP2E1
13581,SYCE1
13582,FRG2B
13583,FAM138D
13584,IQSEC3
13585,SLC6A12
13586,SLC6A13
13587,KDM5A
13588,CCDC77
13589,B4GALNT3
13590,NINJ2
13591,WNK1
13592,RAD52
13593,ERC1
13594,LINC00942
13595,WNT5B
13596,FBXL14
13597,ADIPOR2
13598,CACNA2D4
13599,LRTM2
13600,LINC00940
13601,DCP1B
13602,CACNA1C
13603,CACNA1C-AS4
13604,CACNA1C-AS3
13605,CACNA1C-AS2
13606,CACNA1C-AS1
13607,FKBP4
13608,ITFG2
13609,NRIP2
13610,FOXM1
13611,RHNO1
13612,TULP3
13613,TEAD4
13614,TSPAN9
13615,PRMT8
13616,CRACR2A
13617,PARP11
13618,CCND2
13619,TIGAR
13620,FGF23
13621,FGF6
13622,C12orf4
13623,RAD51AP1
13624,DYRK4
13625,AKAP3
13626,NDUFA9
13627,GALNT8
13628,KCNA6
13629,KCNA1
13630,KCNA5
13631,NTF3
13632,ANO2
13633,VWF
13634,CD9
13635,PLEKHG6
13636,TNFRSF1A
13637,SCNN1A
13638,LTBR
13639,CD27
13640,TAPBPL
13641,VAMP1
13642,MRPL51
13643,NCAPD2
13644,GAPDH
13645,IFFO1
13646,NOP2
13647,CHD4
13648,LPAR5
13649,ACRBP
13650,ING4
13651,ZNF384
13652,PIANP
13653,COPS7A
13654,MLF2
13655,PTMS
13656,LAG3
13657,CD4
13658,GPR162
13659,P3H3
13660,GNB3
13661,CDCA3
13662,USP5
13663,TPI1
13664,SPSB2
13665,LRRC23
13666,ENO2
13667,ATN1
13668,C12orf57
13669,PTPN6
13670,PHB2
13671,EMG1
13672,LPCAT3
13673,C1S
13674,C1R
13675,C1RL
13676,C1RL-AS1
13677,RBP5
13678,CLSTN3
13679,PEX5
13680,ACSM4
13681,CD163L1
13682,CD163
13683,APOBEC1
13684,GDF3
13685,DPPA3
13686,CLEC4C
13687,NANOGNB
13688,NANOG
13689,SLC2A14
13690,SLC2A3
13691,FOXJ2
13692,C3AR1
13693,NECAP1
13694,CLEC4A
13695,ZNF705A
13696,FAM66C
13697,FAM90A1
13698,LINC00937
13699,CLEC6A
13700,CLEC4D
13701,CLEC4E
13702,AICDA
13703,MFAP5
13704,RIMKLB
13705,A2ML1-AS1
13706,A2ML1-AS2
13707,A2ML1
13708,PHC1
13709,M6PR
13710,KLRG1
13711,A2M-AS1
13712,A2M
13713,PZP
13714,LINC00987
13715,KLRB1
13716,CLEC2D
13717,CLECL1
13718,CD69
13719,KLRF1
13720,CLEC2B
13721,KLRF2
13722,CLEC2A
13723,CLEC12A
13724,CLEC1B
13725,CLEC12B
13726,CLEC9A
13727,CLEC1A
13728,CLEC7A
13729,OLR1
13730,TMEM52B
13731,GABARAPL1
13732,KLRD1
13733,KLRK1
13734,KLRC4-KLRK1
13735,KLRC4
13736,KLRC3
13737,KLRC2
13738,KLRC1
13739,MAGOHB
13740,STYK1
13741,YBX3
13742,TAS2R7
13743,TAS2R8
13744,TAS2R9
13745,PRH1
13746,TAS2R10
13747,PRR4
13748,TAS2R13
13749,PRH2
13750,TAS2R14
13751,TAS2R50
13752,TAS2R20
13753,TAS2R19
13754,TAS2R31
13755,TAS2R46
13756,TAS2R43
13757,TAS2R30
13758,SMIM10L1
13759,TAS2R42
13760,PRB3
13761,PRB4
13762,PRB1
13763,PRB2
13764,LINC01252
13765,ETV6
13766,BCL2L14
13767,LRP6
13768,MANSC1
13769,LOH12CR2
13770,BORCS5
13771,DUSP16
13772,CREBL2
13773,GPR19
13774,CDKN1B
13775,APOLD1
13776,DDX47
13777,GPRC5A
13778,GPRC5D
13779,HEBP1
13780,FAM234B
13781,GSG1
13782,EMP1
13783,LINC01559
13784,GRIN2B
13785,ATF7IP
13786,PLBD1
13787,PLBD1-AS1
13788,GUCY2C
13789,HIST4H4
13790,H2AFJ
13791,WBP11
13792,C12orf60
13793,SMCO3
13794,ART4
13795,MGP
13796,ERP27
13797,ARHGDIB
13798,PDE6H
13799,LINC01489
13800,RERG
13801,RERG-AS1
13802,PTPRO
13803,EPS8
13804,STRAP
13805,DERA
13806,SLC15A5
13807,MGST1
13808,LMO3
13809,RERGL
13810,PIK3C2G
13811,PLCZ1
13812,CAPZA3
13813,PLEKHA5
13814,AEBP2
13815,PDE3A
13816,SLCO1C1
13817,SLCO1B3
13818,SLCO1B7
13819,SLCO1B1
13820,SLCO1A2
13821,IAPP
13822,PYROXD1
13823,RECQL
13824,GOLT1B
13825,SPX
13826,GYS2
13827,LDHB
13828,KCNJ8
13829,ABCC9
13830,CMAS
13831,ST8SIA1
13832,C2CD5
13833,ETNK1
13834,SOX5
13835,LINC00477
13836,BCAT1
13837,C12orf77
13838,LRMP
13839,CASC1
13840,KRAS
13841,LMNTD1
13842,RASSF8-AS1
13843,RASSF8
13844,BHLHE41
13845,SSPN
13846,ITPR2
13847,FGFR1OP2
13848,TM7SF3
13849,MED21
13850,C12orf71
13851,STK38L
13852,ARNTL2
13853,ARNTL2-AS1
13854,SMCO2
13855,PPFIBP1
13856,REP15
13857,MRPS35
13858,MANSC4
13859,KLHL42
13860,PTHLH
13861,CCDC91
13862,FAR2
13863,ERGIC2
13864,OVCH1-AS1
13865,OVCH1
13866,TMTC1
13867,IPO8
13868,CAPRIN2
13869,LINC00941
13870,TSPAN11
13871,DDX11-AS1
13872,DDX11
13873,DENND5B
13874,DENND5B-AS1
13875,AMN1
13876,H3F3C
13877,KIAA1551
13878,BICD1
13879,FGD4
13880,DNM1L
13881,YARS2
13882,PKP2
13883,SYT10
13884,ALG10
13885,ALG10B
13886,CPNE8
13887,KIF21A
13888,ABCD2
13889,C12orf40
13890,SLC2A13
13891,LRRK2
13892,CNTN1
13893,PDZRN4
13894,GXYLT1
13895,YAF2
13896,PPHLN1
13897,ZCRB1
13898,PRICKLE1
13899,ADAMTS20
13900,PUS7L
13901,IRAK4
13902,TWF1
13903,TMEM117
13904,NELL2
13905,DBX2
13906,ANO6
13907,ARID2
13908,SCAF11
13909,SLC38A1
13910,SLC38A2
13911,SLC38A4
13912,AMIGO2
13913,PCED1B
13914,RPAP3
13915,ENDOU
13916,RAPGEF3
13917,SLC48A1
13918,HDAC7
13919,VDR
13920,TMEM106C
13921,COL2A1
13922,SENP1
13923,PFKM
13924,ASB8
13925,CCDC184
13926,OR10AD1
13927,H1FNT
13928,ZNF641
13929,ANP32D
13930,C12orf54
13931,OR8S1
13932,LALBA
13933,KANSL2
13934,CCNT1
13935,ADCY6
13936,CACNB3
13937,DDX23
13938,RND1
13939,CCDC65
13940,FKBP11
13941,ARF3
13942,WNT10B
13943,WNT1
13944,DDN
13945,PRKAG1
13946,KMT2D
13947,RHEBL1
13948,DHH
13949,LMBR1L
13950,TUBA1B
13951,TUBA1A
13952,TUBA1C
13953,PRPH
13954,TROAP
13955,C1QL4
13956,DNAJC22
13957,SPATS2
13958,KCNH3
13959,MCRS1
13960,PRPF40B
13961,FAM186B
13962,FMNL3
13963,TMBIM6
13964,NCKAP5L
13965,BCDIN3D-AS1
13966,BCDIN3D
13967,FAIM2
13968,AQP2
13969,AQP5
13970,AQP6
13971,RACGAP1
13972,ASIC1
13973,SMARCD1
13974,GPD1
13975,COX14
13976,CERS5
13977,LIMA1
13978,FAM186A
13979,LARP4
13980,DIP2B
13981,ATF1
13982,TMPRSS12
13983,METTL7A
13984,HIGD1C
13985,SLC11A2
13986,LETMD1
13987,CSRNP2
13988,TFCP2
13989,POU6F1
13990,DAZAP2
13991,SMAGP
13992,BIN2
13993,CELA1
13994,GALNT6
13995,SLC4A8
13996,SCN8A
13997,ANKRD33
13998,ACVRL1
13999,ACVR1B
14000,GRASP
14001,NR4A1
14002,ATG101
14003,KRT80
14004,C12orf80
14005,LINC00592
14006,KRT7
14007,KRT86
14008,KRT81
14009,KRT83
14010,KRT85
14011,KRT84
14012,KRT82
14013,KRT75
14014,KRT6B
14015,KRT6C
14016,KRT6A
14017,KRT5
14018,KRT71
14019,KRT74
14020,KRT72
14021,KRT73-AS1
14022,KRT73
14023,KRT2
14024,KRT1
14025,KRT77
14026,KRT76
14027,KRT3
14028,KRT4
14029,KRT79
14030,KRT78
14031,KRT8
14032,KRT18
14033,EIF4B
14034,TNS2
14035,SPRYD3
14036,IGFBP6
14037,SOAT2
14038,CSAD
14039,ZNF740
14040,ITGB7
14041,RARG
14042,MFSD5
14043,ESPL1
14044,PFDN5
14045,C12orf10
14046,AAAS
14047,SP7
14048,SP1
14049,AMHR2
14050,PRR13
14051,PCBP2
14052,MAP3K12
14053,TARBP2
14054,NPFF
14055,ATF7
14056,CALCOCO1
14057,CISTR
14058,HOXC13-AS
14059,HOXC13
14060,HOXC12
14061,HOTAIR
14062,HOXC11
14063,HOXC10
14064,HOXC6
14065,HOXC9
14066,HOXC-AS1
14067,HOXC8
14068,HOXC4
14069,HOXC5
14070,SMUG1
14071,CBX5
14072,HNRNPA1
14073,NFE2
14074,COPZ1
14075,GPR84
14076,ZNF385A
14077,ITGA5
14078,LINC01154
14079,GTSF1
14080,NCKAP1L
14081,PDE1B
14082,PPP1R1A
14083,LACRT
14084,DCD
14085,MUCL1
14086,TESPA1
14087,NEUROD4
14088,OR9K2
14089,OR10A7
14090,OR6C74
14091,OR6C6
14092,OR6C1
14093,OR6C3
14094,OR6C75
14095,OR6C65
14096,OR6C76
14097,OR6C2
14098,OR6C70
14099,OR6C68
14100,OR6C4
14101,OR2AP1
14102,OR10P1
14103,METTL7B
14104,ITGA7
14105,BLOC1S1
14106,RDH5
14107,CD63
14108,GDF11
14109,SARNP
14110,ORMDL2
14111,DNAJC14
14112,MMP19
14113,PYM1
14114,DGKA
14115,PMEL
14116,CDK2
14117,RAB5B
14118,SUOX
14119,IKZF4
14120,RPS26
14121,ERBB3
14122,PA2G4
14123,RPL41
14124,ZC3H10
14125,ESYT1
14126,MYL6B
14127,MYL6
14128,SMARCC2
14129,RNF41
14130,NABP2
14131,SLC39A5
14132,ANKRD52
14133,COQ10A
14134,CS
14135,CNPY2
14136,PAN2
14137,IL23A
14138,STAT2
14139,APOF
14140,TIMELESS
14141,MIP
14142,SPRYD4
14143,GLS2
14144,RBMS2
14145,BAZ2A
14146,PTGES3
14147,NACA
14148,PRIM1
14149,HSD17B6
14150,SDR9C7
14151,RDH16
14152,GPR182
14153,ZBTB39
14154,TAC3
14155,MYO1A
14156,NEMP1
14157,NAB2
14158,STAT6
14159,LRP1
14160,LRP1-AS
14161,NXPH4
14162,SHMT2
14163,NDUFA4L2
14164,STAC3
14165,R3HDM2
14166,INHBC
14167,INHBE
14168,GLI1
14169,ARHGAP9
14170,MARS
14171,DDIT3
14172,MBD6
14173,DCTN2
14174,KIF5A
14175,PIP4K2C
14176,DTX3
14177,ARHGEF25
14178,SLC26A10
14179,B4GALNT1
14180,OS9
14181,AGAP2
14182,AGAP2-AS1
14183,TSPAN31
14184,CDK4
14185,MARCH9
14186,CYP27B1
14187,METTL1
14188,TSFM
14189,AVIL
14190,CTDSP2
14191,LRIG3
14192,SLC16A7
14193,FAM19A2
14194,USP15
14195,MON2
14196,LINC01465
14197,PPM1H
14198,AVPR1A
14199,DPY19L2
14200,SRGAP1
14201,C12orf66
14202,C12orf56
14203,XPOT
14204,TBK1
14205,RASSF3
14206,GNS
14207,TBC1D30
14208,WIF1
14209,LEMD3
14210,MSRB3
14211,HMGA2
14212,LLPH
14213,TMBIM4
14214,IRAK3
14215,HELB
14216,GRIP1
14217,CAND1
14218,DYRK2
14219,LINC01479
14220,IFNG-AS1
14221,IFNG
14222,IL26
14223,IL22
14224,MDM1
14225,RAP1B
14226,NUP107
14227,SLC35E3
14228,MDM2
14229,CPM
14230,CPSF6
14231,LYZ
14232,YEATS4
14233,FRS2
14234,CCT2
14235,LRRC10
14236,BEST3
14237,RAB3IP
14238,MYRFL
14239,LINC01481
14240,CNOT2
14241,KCNMB4
14242,PTPRB
14243,PTPRR
14244,TSPAN8
14245,LGR5
14246,ZFC3H1
14247,THAP2
14248,TMEM19
14249,RAB21
14250,TBC1D15
14251,TPH2
14252,TRHDE
14253,ATXN7L3B
14254,KCNC2
14255,CAPS2
14256,GLIPR1L1
14257,GLIPR1L2
14258,GLIPR1
14259,KRR1
14260,PHLDA1
14261,NAP1L1
14262,BBS10
14263,OSBPL8
14264,ZDHHC17
14265,CSRP2
14266,E2F7
14267,NAV3
14268,SYT1
14269,PAWR
14270,PPP1R12A
14271,OTOGL
14272,PTPRQ
14273,MYF6
14274,MYF5
14275,LINC01490
14276,LIN7A
14277,ACSS3
14278,PPFIA2
14279,CCDC59
14280,METTL25
14281,TMTC2
14282,SLC6A15
14283,TSPAN19
14284,LRRIQ1
14285,ALX1
14286,RASSF9
14287,NTS
14288,MGAT4C
14289,C12orf50
14290,C12orf29
14291,CEP290
14292,TMTC3
14293,KITLG
14294,DUSP6
14295,POC1B
14296,POC1B-GALNT4
14297,GALNT4
14298,ATP2B1
14299,CCER1
14300,LINC00615
14301,EPYC
14302,KERA
14303,LUM
14304,DCN
14305,BTG1
14306,CLLU1OS
14307,C12orf74
14308,PLEKHG7
14309,EEA1
14310,NUDT4
14311,UBE2N
14312,MRPL42
14313,SOCS2
14314,CRADD
14315,PLXNC1
14316,CEP83
14317,TMCC3
14318,NDUFA12
14319,NR2C1
14320,FGD6
14321,VEZT
14322,METAP2
14323,USP44
14324,NTN4
14325,SNRPF
14326,CCDC38
14327,AMDHD1
14328,HAL
14329,LTA4H
14330,ELK3
14331,CDK17
14332,CFAP54
14333,NEDD1
14334,TMPO-AS1
14335,TMPO
14336,SLC25A3
14337,IKBIP
14338,APAF1
14339,ANKS1B
14340,FAM71C
14341,UHRF1BP1L
14342,ACTR6
14343,DEPDC4
14344,SCYL2
14345,SLC17A8
14346,NR1H4
14347,GAS2L3
14348,ANO4
14349,SLC5A8
14350,UTP20
14351,ARL1
14352,SPIC
14353,MYBPC1
14354,CHPT1
14355,SYCP3
14356,GNPTAB
14357,DRAM1
14358,NUP37
14359,AC079907.1
14360,PARPBP
14361,PMCH
14362,IGF1
14363,LINC00485
14364,PAH
14365,ASCL1
14366,C12orf42
14367,STAB2
14368,NT5DC3
14369,HSP90B1
14370,C12orf73
14371,TDG
14372,GLT8D2
14373,HCFC2
14374,NFYB
14375,TXNRD1
14376,EID3
14377,CHST11
14378,SLC41A2
14379,C12orf45
14380,ALDH1L2
14381,APPL2
14382,C12orf75
14383,CASC18
14384,NUAK1
14385,CKAP4
14386,TCP11L2
14387,POLR3B
14388,RFX4
14389,RIC8B
14390,TMEM263
14391,MTERF2
14392,CRY1
14393,BTBD11
14394,PWP1
14395,PRDM4
14396,ASCL4
14397,WSCD2
14398,CMKLR1
14399,LINC01498
14400,FICD
14401,SART3
14402,ISCU
14403,TMEM119
14404,SELPLG
14405,CORO1C
14406,SSH1
14407,DAO
14408,SVOP
14409,USP30
14410,USP30-AS1
14411,ALKBH2
14412,UNG
14413,ACACB
14414,FOXN4
14415,MYO1H
14416,LINC01486
14417,KCTD10
14418,UBE3B
14419,MMAB
14420,MVK
14421,FAM222A
14422,FAM222A-AS1
14423,TRPV4
14424,GLTP
14425,TCHP
14426,GIT2
14427,ANKRD13A
14428,C12orf76
14429,IFT81
14430,ATP2A2
14431,ANAPC7
14432,ARPC3
14433,GPN3
14434,FAM216A
14435,VPS29
14436,RAD9B
14437,PPTC7
14438,TCTN1
14439,HVCN1
14440,PPP1CC
14441,CCDC63
14442,MYL2
14443,LINC01405
14444,CUX2
14445,SH2B3
14446,ATXN2
14447,BRAP
14448,ACAD10
14449,ALDH2
14450,MAPKAPK5-AS1
14451,MAPKAPK5
14452,TMEM116
14453,ERP29
14454,NAA25
14455,TRAFD1
14456,HECTD4
14457,RPL6
14458,PTPN11
14459,RPH3A
14460,OAS1
14461,OAS3
14462,OAS2
14463,DTX1
14464,RASAL1
14465,CFAP73
14466,DDX54
14467,RITA1
14468,IQCD
14469,TPCN1
14470,SLC8B1
14471,PLBD2
14472,SDS
14473,SDSL
14474,LHX5
14475,LHX5-AS1
14476,LINC01234
14477,RBM19
14478,TBX5
14479,TBX5-AS1
14480,TBX3
14481,MED13L
14482,MAP1LC3B2
14483,C12orf49
14484,RNFT2
14485,HRK
14486,FBXW8
14487,TESC
14488,TESC-AS1
14489,FBXO21
14490,NOS1
14491,KSR2
14492,RFC5
14493,WSB2
14494,VSIG10
14495,PEBP1
14496,TAOK3
14497,SUDS3
14498,SRRM4
14499,HSPB8
14500,LINC00934
14501,CCDC60
14502,TMEM233
14503,PRKAB1
14504,CIT
14505,RAB35
14506,GCN1
14507,RPLP0
14508,PXN-AS1
14509,PXN
14510,SIRT4
14511,PLA2G1B
14512,MSI1
14513,COX6A1
14514,TRIAP1
14515,GATC
14516,SRSF9
14517,DYNLL1
14518,NRAV
14519,COQ5
14520,RNF10
14521,POP5
14522,CABP1
14523,MLEC
14524,UNC119B
14525,ACADS
14526,SPPL3
14527,HNF1A
14528,C12orf43
14529,OASL
14530,P2RX7
14531,P2RX4
14532,CAMKK2
14533,ANAPC5
14534,RNF34
14535,KDM2B
14536,ORAI1
14537,MORN3
14538,TMEM120B
14539,RHOF
14540,LINC01089
14541,SETD1B
14542,HPD
14543,PSMD9
14544,WDR66
14545,BCL7A
14546,MLXIP
14547,LRRC43
14548,IL31
14549,B3GNT4
14550,DIABLO
14551,VPS33A
14552,CLIP1
14553,CLIP1-AS1
14554,ZCCHC8
14555,RSRC2
14556,KNTC1
14557,HCAR2
14558,HCAR3
14559,HCAR1
14560,DENR
14561,CCDC62
14562,HIP1R
14563,VPS37B
14564,ABCB9
14565,OGFOD2
14566,ARL6IP4
14567,PITPNM2
14568,MPHOSPH9
14569,C12orf65
14570,CDK2AP1
14571,SBNO1
14572,KMT5A
14573,RILPL2
14574,SNRNP35
14575,RILPL1
14576,TMED2
14577,DDX55
14578,EIF2B1
14579,GTF2H3
14580,TCTN2
14581,ATP6V0A2
14582,DNAH10
14583,CCDC92
14584,DNAH10OS
14585,ZNF664
14586,NCOR2
14587,SCARB1
14588,UBC
14589,DHX37
14590,BRI3BP
14591,THRIL
14592,AACS
14593,TMEM132B
14594,LINC00939
14595,LINC00943
14596,LINC00944
14597,LINC00507
14598,LINC00508
14599,TMEM132C
14600,SLC15A4
14601,GLT1D1
14602,TMEM132D
14603,FZD10
14604,PIWIL1
14605,RIMBP2
14606,STX2
14607,RAN
14608,ADGRD1
14609,LINC01257
14610,SFSWAP
14611,MMP17
14612,ULK1
14613,PUS1
14614,EP400
14615,DDX51
14616,NOC4L
14617,GALNT9
14618,FBRSL1
14619,LRCOL1
14620,P2RX2
14621,POLE
14622,PXMP2
14623,PGAM5
14624,ANKLE2
14625,GOLGA3
14626,CHFR
14627,ZNF605
14628,ZNF26
14629,ZNF84
14630,ZNF140
14631,ZNF891
14632,ZNF10
14633,ZNF268
14634,ANHX
14635,LINC00349
14636,LINC00388
14637,LINC00387
14638,LINC00408
14639,LINC00442
14640,TUBA3C
14641,LINC00421
14642,TPTE2
14643,LINC00350
14644,MPHOSPH8
14645,PSPC1
14646,ZMYM5
14647,ZMYM2
14648,LINC01072
14649,GJA3
14650,LINC00556
14651,GJB2
14652,GJB6
14653,CRYL1
14654,IFT88
14655,IL17D
14656,XPO4
14657,LATS2
14658,LATS2-AS1
14659,SAP18
14660,SKA3
14661,MRPL57
14662,LINC01046
14663,LINC00539
14664,ZDHHC20
14665,MICU2
14666,FGF9
14667,LINC00424
14668,LINC00621
14669,LINC00362
14670,SGCG
14671,SACS
14672,SACS-AS1
14673,LINC00327
14674,LINC00352
14675,TNFRSF19
14676,MIPEP
14677,C1QTNF9B
14678,SPATA13
14679,SPATA13-AS1
14680,C1QTNF9
14681,C1QTNF9-AS1
14682,LINC00566
14683,PARP4
14684,ATP12A
14685,RNF17
14686,CENPJ
14687,PABPC3
14688,AMER2
14689,LINC00463
14690,LINC01053
14691,LINC01076
14692,MTMR6
14693,NUP58
14694,ATP8A2
14695,SHISA2
14696,LINC00415
14697,RNF6
14698,CDK8
14699,WASF3
14700,WASF3-AS1
14701,GPR12
14702,USP12
14703,USP12-AS1
14704,USP12-AS2
14705,LINC00412
14706,RPL21
14707,RASL11A
14708,LINC01079
14709,GTF3A
14710,MTIF3
14711,LNX2
14712,POLR1D
14713,GSX1
14714,PDX1
14715,LINC00543
14716,CDX2
14717,URAD
14718,FLT3
14719,PAN3-AS1
14720,PAN3
14721,FLT1
14722,POMP
14723,SLC46A3
14724,MTUS2
14725,MTUS2-AS2
14726,MTUS2-AS1
14727,SLC7A1
14728,UBL3
14729,LINC00297
14730,LINC00572
14731,LINC00544
14732,LINC00365
14733,LINC00384
14734,LINC00385
14735,KATNAL1
14736,LINC00427
14737,LINC00426
14738,LINC01058
14739,HMGB1
14740,USPL1
14741,ALOX5AP
14742,LINC00398
14743,TEX26-AS1
14744,LINC00545
14745,MEDAG
14746,TEX26
14747,LINC01066
14748,HSPH1
14749,B3GLCT
14750,RXFP2
14751,FRY-AS1
14752,FRY
14753,ZAR1L
14754,BRCA2
14755,N4BP2L1
14756,N4BP2L2
14757,PDS5B
14758,LINC00423
14759,KL
14760,STARD13
14761,RFC3
14762,LINC00457
14763,NBEA
14764,MAB21L1
14765,LINC00445
14766,DCLK1
14767,SOHLH2
14768,CCDC169-SOHLH2
14769,CCDC169
14770,CCNA1
14771,SERTM1
14772,RFXAP
14773,SMAD9
14774,ALG5
14775,EXOSC8
14776,SUPT20H
14777,CSNK1A1L
14778,LINC01048
14779,LINC00547
14780,POSTN
14781,TRPC4
14782,LINC00571
14783,UFM1
14784,LINC00437
14785,LINC00366
14786,FREM2
14787,FREM2-AS1
14788,STOML3
14789,PROSER1
14790,NHLRC3
14791,COG6
14792,LINC00332
14793,LINC00598
14794,FOXO1
14795,MRPS31
14796,SLC25A15
14797,ELF1
14798,WBP4
14799,KBTBD6
14800,KBTBD7
14801,MTRF1
14802,NAA16
14803,RGCC
14804,VWA8
14805,VWA8-AS1
14806,DGKH
14807,AKAP11
14808,TNFSF11
14809,FAM216B
14810,LINC01050
14811,LINC00428
14812,EPSTI1
14813,DNAJC15
14814,LINC00400
14815,ENOX1
14816,ENOX1-AS2
14817,ENOX1-AS1
14818,CCDC122
14819,LACC1
14820,LINC00284
14821,LINC00390
14822,SMIM2-AS1
14823,SMIM2
14824,SERP2
14825,TUSC8
14826,TSC22D1
14827,TSC22D1-AS1
14828,LINC00407
14829,LINC00330
14830,NUFIP1
14831,GPALPP1
14832,GTF2F2
14833,KCTD4
14834,TPT1
14835,SLC25A30
14836,SLC25A30-AS1
14837,COG3
14838,ERICH6B
14839,LINC01055
14840,SPERT
14841,SIAH3
14842,ZC3H13
14843,CPB2-AS1
14844,CPB2
14845,LCP1
14846,LRRC63
14847,LINC00563
14848,LINC01198
14849,LRCH1
14850,ESD
14851,HTR2A
14852,HTR2A-AS1
14853,LINC00562
14854,SUCLA2
14855,SUCLA2-AS1
14856,NUDT15
14857,MED4
14858,MED4-AS1
14859,ITM2B
14860,RB1
14861,LPAR6
14862,RCBTB2
14863,LINC01077
14864,LINC00462
14865,CYSLTR2
14866,FNDC3A
14867,MLNR
14868,CDADC1
14869,CAB39L
14870,SETDB2
14871,PHF11
14872,RCBTB1
14873,ARL11
14874,EBPL
14875,KPNA3
14876,SPRYD7
14877,DLEU2
14878,TRIM13
14879,KCNRG
14880,DLEU1-AS1
14881,DLEU7
14882,DLEU7-AS1
14883,RNASEH2B-AS1
14884,RNASEH2B
14885,FAM124A
14886,SERPINE3
14887,INTS6
14888,INTS6-AS1
14889,WDFY2
14890,DHRS12
14891,CCDC70
14892,ATP7B
14893,ALG11
14894,UTP14C
14895,NEK5
14896,NEK3
14897,THSD1
14898,VPS36
14899,CKAP2
14900,LINC00345
14901,HNRNPA1L2
14902,SUGT1
14903,PCDH8
14904,OLFM4
14905,LINC01065
14906,LINC00558
14907,LINC00458
14908,PRR20A
14909,PRR20C
14910,PRR20B
14911,PRR20D
14912,PRR20E
14913,PCDH17
14914,LINC00374
14915,DIAPH3
14916,DIAPH3-AS1
14917,DIAPH3-AS2
14918,LINC00434
14919,TDRD3
14920,LINC00378
14921,LINC01442
14922,PCDH20
14923,LINC00358
14924,LINC01075
14925,LINC01074
14926,LINC00459
14927,LINC00448
14928,LINC00376
14929,LINC00395
14930,LINC00355
14931,LINC01052
14932,PCDH9
14933,PCDH9-AS1
14934,PCDH9-AS2
14935,PCDH9-AS3
14936,PCDH9-AS4
14937,LINC00364
14938,LINC00550
14939,LINC00383
14940,KLHL1
14941,ATXN8OS
14942,LINC00348
14943,DACH1
14944,MZT1
14945,BORA
14946,DIS3
14947,PIBF1
14948,KLF5
14949,LINC00393
14950,LINC00392
14951,KLF12
14952,LINC00402
14953,LINC00381
14954,LINC00347
14955,LINC01078
14956,TBC1D4
14957,COMMD6
14958,UCHL3
14959,LMO7-AS1
14960,LMO7
14961,LMO7DN
14962,LINC00561
14963,LINC01034
14964,KCTD12
14965,CLN5
14966,FBXL3
14967,MYCBP2
14968,SCEL
14969,SCEL-AS1
14970,SLAIN1
14971,EDNRB-AS1
14972,EDNRB
14973,RNF219-AS1
14974,LINC01069
14975,LINC00446
14976,POU4F1
14977,RNF219
14978,LINC00331
14979,RBM26
14980,RBM26-AS1
14981,NDFIP2-AS1
14982,NDFIP2
14983,LINC01068
14984,LINC01038
14985,LINC00382
14986,LINC01080
14987,SPRY2
14988,LINC00377
14989,LINC00564
14990,SLITRK1
14991,LINC00333
14992,LINC00375
14993,LINC00351
14994,SLITRK6
14995,LINC00430
14996,MIR4500HG
14997,SLITRK5
14998,LINC00397
14999,LINC00433
15000,LINC00560
15001,LINC01047
15002,LINC00440
15003,LINC01040
15004,LINC00353
15005,LINC00559
15006,LINC01049
15007,LINC00410
15008,LINC00380
15009,LINC00379
15010,GPC5
15011,GPC5-AS2
15012,GPC5-AS1
15013,LINC00363
15014,GPC6
15015,GPC6-AS2
15016,GPC6-AS1
15017,DCT
15018,TGDS
15019,GPR180
15020,LINC00391
15021,SOX21
15022,SOX21-AS1
15023,LINC00557
15024,ABCC4
15025,CLDN10
15026,CLDN10-AS1
15027,DZIP1
15028,DNAJC3
15029,UGGT2
15030,HS6ST3
15031,OXGR1
15032,LINC00456
15033,MBNL2
15034,RAP2A
15035,IPO5
15036,FARP1
15037,RNF113B
15038,FARP1-AS1
15039,STK24
15040,STK24-AS1
15041,SLC15A1
15042,DOCK9
15043,DOCK9-AS1
15044,UBAC2-AS1
15045,UBAC2
15046,GPR18
15047,GPR183
15048,LINC00449
15049,TM9SF2
15050,LINC01039
15051,CLYBL
15052,CLYBL-AS2
15053,CLYBL-AS1
15054,ZIC5
15055,ZIC2
15056,LINC00554
15057,PCCA
15058,PCCA-AS1
15059,GGACT
15060,TMTC4
15061,NALCN-AS1
15062,LINC00411
15063,NALCN
15064,ITGBL1
15065,FGF14
15066,FGF14-AS1
15067,FGF14-AS2
15068,LINC00555
15069,TPP2
15070,METTL21C
15071,CCDC168
15072,LINC00283
15073,TEX30
15074,KDELC1
15075,BIVM
15076,BIVM-ERCC5
15077,ERCC5
15078,SLC10A2
15079,LINC01309
15080,DAOA-AS1
15081,DAOA
15082,LINC00460
15083,EFNB2
15084,ARGLU1
15085,LINC00551
15086,LINC00443
15087,FAM155A
15088,LIG4
15089,ABHD13
15090,TNFSF13B
15091,MYO16
15092,MYO16-AS2
15093,MYO16-AS1
15094,LINC00370
15095,LINC01067
15096,LINC00399
15097,LINC00676
15098,IRS2
15099,LINC00396
15100,COL4A1
15101,COL4A2
15102,COL4A2-AS2
15103,COL4A2-AS1
15104,RAB20
15105,CARS2
15106,ING1
15107,LINC00567
15108,LINC00346
15109,ANKRD10
15110,LINC00368
15111,ARHGEF7-AS2
15112,ARHGEF7
15113,ARHGEF7-AS1
15114,TEX29
15115,LINC00354
15116,SOX1
15117,LINC00404
15118,LINC01070
15119,LINC01043
15120,LINC01044
15121,SPACA7
15122,TUBGCP3
15123,ATP11AUN
15124,ATP11A
15125,ATP11A-AS1
15126,MCF2L
15127,MCF2L-AS1
15128,F7
15129,F10
15130,F10-AS1
15131,PROZ
15132,PCID2
15133,CUL4A
15134,LAMP1
15135,GRTP1
15136,GRTP1-AS1
15137,ADPRHL1
15138,DCUN1D2
15139,DCUN1D2-AS
15140,TMCO3
15141,TFDP1
15142,ATP4B
15143,GRK1
15144,TMEM255B
15145,GAS6-AS1
15146,GAS6
15147,LINC00454
15148,LINC00452
15149,LINC00565
15150,RASA3
15151,CDC16
15152,UPF3A
15153,CHAMP1
15154,LINC01054
15155,OR11H12
15156,POTEM
15157,LINC01297
15158,POTEG
15159,OR11H2
15160,OR4N2
15161,OR4Q3
15162,OR4M1
15163,OR4K2
15164,OR4K5
15165,OR4K1
15166,OR4K15
15167,OR4K14
15168,OR4K13
15169,OR4L1
15170,OR4K17
15171,OR4N5
15172,OR11G2
15173,OR11H6
15174,OR11H4
15175,TTC5
15176,CCNB1IP1
15177,PARP2
15178,TEP1
15179,KLHL33
15180,OSGEP
15181,APEX1
15182,PNP
15183,RNASE10
15184,RNASE9
15185,RNASE11
15186,RNASE12
15187,OR6S1
15188,RNASE4
15189,ANG
15190,EDDM3A
15191,EDDM3B
15192,RNASE6
15193,RNASE1
15194,RNASE3
15195,RNASE2
15196,METTL17
15197,SLC39A2
15198,NDRG2
15199,TPPP2
15200,RNASE13
15201,RNASE7
15202,RNASE8
15203,ARHGEF40
15204,ZNF219
15205,TMEM253
15206,OR5AU1
15207,HNRNPC
15208,RPGRIP1
15209,SUPT16H
15210,CHD8
15211,RAB2B
15212,TOX4
15213,METTL3
15214,SALL2
15215,OR10G3
15216,TRAV1-1
15217,OR10G2
15218,TRAV1-2
15219,OR4E2
15220,TRAV2
15221,TRAV3
15222,TRAV4
15223,TRAV5
15224,TRAV6
15225,TRAV7
15226,TRAV8-1
15227,TRAV9-1
15228,TRAV10
15229,TRAV11
15230,TRAV12-1
15231,TRAV8-2
15232,TRAV8-3
15233,TRAV13-1
15234,TRAV12-2
15235,TRAV8-4
15236,TRAV8-5
15237,TRAV13-2
15238,TRAV14DV4
15239,TRAV9-2
15240,TRAV15
15241,TRAV12-3
15242,TRAV8-6
15243,TRAV16
15244,TRAV17
15245,TRAV18
15246,TRAV19
15247,TRAV20
15248,TRAV21
15249,TRAV22
15250,TRAV23DV6
15251,TRDV1
15252,TRAV24
15253,TRAV25
15254,TRAV26-1
15255,TRAV8-7
15256,TRAV27
15257,TRAV28
15258,TRAV29DV5
15259,TRAV30
15260,TRAV31
15261,TRAV32
15262,TRAV33
15263,TRAV26-2
15264,TRAV34
15265,TRAV35
15266,TRAV36DV7
15267,TRAV37
15268,TRAV38-1
15269,TRAV38-2DV8
15270,TRAV39
15271,TRAV40
15272,TRAV41
15273,TRDV2
15274,TRDD1
15275,TRDD2
15276,TRDD3
15277,TRDJ1
15278,TRDJ4
15279,TRDJ2
15280,TRDJ3
15281,TRDC
15282,TRDV3
15283,TRAJ61
15284,TRAJ60
15285,TRAJ59
15286,TRAJ58
15287,TRAJ57
15288,TRAJ56
15289,TRAJ55
15290,TRAJ54
15291,TRAJ53
15292,TRAJ52
15293,TRAJ51
15294,TRAJ50
15295,TRAJ49
15296,TRAJ48
15297,TRAJ47
15298,TRAJ46
15299,TRAJ45
15300,TRAJ44
15301,TRAJ43
15302,TRAJ42
15303,TRAJ41
15304,TRAJ40
15305,TRAJ39
15306,TRAJ38
15307,TRAJ37
15308,TRAJ36
15309,TRAJ35
15310,TRAJ34
15311,TRAJ33
15312,TRAC
15313,TRAJ32
15314,TRAJ31
15315,TRAJ30
15316,TRAJ29
15317,TRAJ28
15318,TRAJ27
15319,TRAJ26
15320,TRAJ25
15321,TRAJ24
15322,TRAJ23
15323,TRAJ22
15324,TRAJ21
15325,TRAJ20
15326,TRAJ19
15327,TRAJ18
15328,TRAJ17
15329,TRAJ16
15330,TRAJ14
15331,TRAJ13
15332,TRAJ12
15333,TRAJ11
15334,TRAJ10
15335,TRAJ9
15336,TRAJ8
15337,TRAJ7
15338,TRAJ6
15339,TRAJ5
15340,TRAJ4
15341,TRAJ3
15342,TRAJ2
15343,TRAJ1
15344,DAD1
15345,ABHD4
15346,OR6J1
15347,OXA1L
15348,SLC7A7
15349,MRPL52
15350,MMP14
15351,LRP10
15352,REM2
15353,RBM23
15354,PRMT5-AS1
15355,PRMT5
15356,HAUS4
15357,AJUBA
15358,C14orf93
15359,PSMB5
15360,PSMB11
15361,CDH24
15362,ACIN1
15363,C14orf119
15364,CEBPE
15365,SLC7A8
15366,RNF212B
15367,HOMEZ
15368,PPP1R3E
15369,BCL2L2
15370,BCL2L2-PABPN1
15371,PABPN1
15372,SLC22A17
15373,EFS
15374,IL25
15375,CMTM5
15376,MYH6
15377,MYH7
15378,NGDN
15379,ZFHX2
15380,THTPA
15381,AP1G2
15382,JPH4
15383,DHRS2
15384,LINC00596
15385,DHRS4-AS1
15386,DHRS4
15387,DHRS4L2
15388,CPNE6
15389,NRL
15390,PCK2
15391,DCAF11
15392,FITM1
15393,PSME1
15394,EMC9
15395,PSME2
15396,RNF31
15397,IRF9
15398,REC8
15399,IPO4
15400,TM9SF1
15401,TSSK4
15402,CHMP4A
15403,MDP1
15404,NEDD8-MDP1
15405,NEDD8
15406,GMPR2
15407,TINF2
15408,TGM1
15409,RABGGTA
15410,DHRS1
15411,NOP9
15412,CIDEB
15413,LTB4R2
15414,LTB4R
15415,ADCY4
15416,RIPK3
15417,NFATC4
15418,NYNRIN
15419,CBLN3
15420,KHNYN
15421,SDR39U1
15422,CMA1
15423,CTSG
15424,GZMH
15425,GZMB
15426,STXBP6
15427,NOVA1
15428,MIR4307HG
15429,LINC00645
15430,FOXG1-AS1
15431,FOXG1
15432,LINC01551
15433,PRKD1
15434,G2E3
15435,SCFD1
15436,COCH
15437,STRN3
15438,AP4S1
15439,HECTD1
15440,HEATR5A
15441,DTD2
15442,GPR33
15443,NUBPL
15444,ARHGAP5-AS1
15445,ARHGAP5
15446,AKAP6
15447,NPAS3
15448,EGLN3
15449,EGLN3-AS1
15450,SPTSSA
15451,EAPP
15452,SNX6
15453,CFL2
15454,BAZ1A
15455,SRP54
15456,FAM177A1
15457,PPP2R3C
15458,KIAA0391
15459,PSMA6
15460,NFKBIA
15461,INSM2
15462,RALGAPA1
15463,BRMS1L
15464,LINC00609
15465,PTCSC3
15466,MBIP
15467,SFTA3
15468,NKX2-1
15469,NKX2-1-AS1
15470,NKX2-8
15471,PAX9
15472,SLC25A21
15473,SLC25A21-AS1
15474,MIPOL1
15475,FOXA1
15476,TTC6
15477,LINC00517
15478,SSTR1
15479,CLEC14A
15480,LINC00639
15481,SEC23A
15482,GEMIN2
15483,TRAPPC6B
15484,PNN
15485,MIA2
15486,FBXO33
15487,LRFN5
15488,FSCB
15489,C14orf28
15490,KLHL28
15491,PRPF39
15492,FKBP3
15493,FANCM
15494,MIS18BP1
15495,LINC00871
15496,RPL10L
15497,MDGA2
15498,LINC00648
15499,RPS29
15500,LRR1
15501,RPL36AL
15502,MGAT2
15503,DNAAF2
15504,POLE2
15505,KLHDC1
15506,KLHDC2
15507,NEMF
15508,ARF6
15509,LINC01588
15510,VCPKMT
15511,SOS2
15512,L2HGDH
15513,ATP5S
15514,CDKL1
15515,MAP4K5
15516,ATL1
15517,SAV1
15518,NIN
15519,PYGL
15520,ABHD12B
15521,TRIM9
15522,TMX1
15523,LINC00519
15524,LINC00640
15525,FRMD6-AS2
15526,FRMD6
15527,FRMD6-AS1
15528,GNG2
15529,NID2
15530,PTGDR
15531,PTGER2
15532,TXNDC16
15533,GPR137C
15534,ERO1A
15535,PSMC6
15536,STYX
15537,GNPNAT1
15538,FERMT2
15539,DDHD1
15540,BMP4
15541,CDKN3
15542,CNIH1
15543,GMFB
15544,CGRRF1
15545,SAMD4A
15546,GCH1
15547,WDHD1
15548,SOCS4
15549,MAPK1IP1L
15550,LGALS3
15551,DLGAP5
15552,FBXO34
15553,ATG14
15554,TBPL2
15555,KTN1-AS1
15556,KTN1
15557,LINC00520
15558,PELI2
15559,TMEM260
15560,OTX2
15561,OTX2-AS1
15562,EXOC5
15563,AP5M1
15564,NAA30
15565,SLC35F4
15566,ACTR10
15567,PSMA3
15568,PSMA3-AS1
15569,ARID4A
15570,TOMM20L
15571,TIMM9
15572,KIAA0586
15573,DACT1
15574,LINC01500
15575,DAAM1
15576,GPR135
15577,L3HYPDH
15578,JKAMP
15579,CCDC175
15580,RTN1
15581,LRRC9
15582,DHRS7
15583,PPM1A
15584,C14orf39
15585,SIX6
15586,SALRNA1
15587,SIX1
15588,SIX4
15589,MNAT1
15590,TRMT5
15591,SLC38A6
15592,PRKCH
15593,TMEM30B
15594,HIF1A-AS1
15595,HIF1A
15596,HIF1A-AS2
15597,SNAPC1
15598,SYT16
15599,LINC00644
15600,KCNH5
15601,RHOJ
15602,GPHB5
15603,PPP2R5E
15604,WDR89
15605,SGPP1
15606,SYNE2
15607,ESR2
15608,MTHFD1
15609,ZBTB25
15610,AKAP5
15611,ZBTB1
15612,HSPA2
15613,PPP1R36
15614,PLEKHG3
15615,SPTB
15616,CHURC1
15617,CHURC1-FNTB
15618,GPX2
15619,RAB15
15620,FNTB
15621,MAX
15622,FUT8
15623,FUT8-AS1
15624,GPHN
15625,FAM71D
15626,MPP5
15627,ATP6V1D
15628,EIF2S1
15629,PLEK2
15630,TMEM229B
15631,PLEKHH1
15632,PIGH
15633,ARG2
15634,VTI1B
15635,RDH11
15636,RDH12
15637,ZFYVE26
15638,RAD51B
15639,ZFP36L1
15640,ACTN1
15641,ACTN1-AS1
15642,DCAF5
15643,EXD2
15644,GALNT16
15645,ERH
15646,SLC39A9
15647,PLEKHD1
15648,CCDC177
15649,SUSD6
15650,SRSF5
15651,SLC10A1
15652,SMOC1
15653,SLC8A3
15654,COX16
15655,SYNJ2BP-COX16
15656,SYNJ2BP
15657,ADAM21
15658,ADAM20
15659,MED6
15660,TTC9
15661,LINC01269
15662,MAP3K9
15663,SIPA1L1
15664,RGS6
15665,DPF3
15666,DCAF4
15667,ZFYVE1
15668,RBM25
15669,PSEN1
15670,PAPLN
15671,NUMB
15672,HEATR4
15673,ACOT1
15674,ACOT2
15675,ACOT4
15676,ACOT6
15677,DNAL1
15678,PNMA1
15679,ELMSAN1
15680,PTGR2
15681,ZNF410
15682,FAM161B
15683,COQ6
15684,ENTPD5
15685,AC005480.1
15686,BBOF1
15687,ALDH6A1
15688,LIN52
15689,VSX2
15690,ABCD4
15691,VRTN
15692,SYNDIG1L
15693,NPC2
15694,ISCA2
15695,LTBP2
15696,AREL1
15697,FCF1
15698,YLPM1
15699,PROX2
15700,DLST
15701,RPS6KL1
15702,PGF
15703,EIF2B2
15704,MLH3
15705,ACYP1
15706,ZC2HC1C
15707,NEK9
15708,TMED10
15709,FOS
15710,LINC01220
15711,JDP2
15712,BATF
15713,FLVCR2
15714,TTLL5
15715,IFT43
15716,TGFB3
15717,GPATCH2L
15718,ESRRB
15719,VASH1
15720,ANGEL1
15721,LRRC74A
15722,LINC01629
15723,IRF2BPL
15724,CIPC
15725,TMEM63C
15726,ZDHHC22
15727,NGB
15728,POMT2
15729,GSTZ1
15730,TMED8
15731,SAMD15
15732,NOXRED1
15733,VIPAS39
15734,AHSA1
15735,ISM2
15736,SPTLC2
15737,ALKBH1
15738,SLIRP
15739,SNW1
15740,C14orf178
15741,ADCK1
15742,NRXN3
15743,DIO2
15744,DIO2-AS1
15745,CEP128
15746,TSHR
15747,GTF2A1
15748,STON2
15749,SEL1L
15750,LINC01467
15751,LINC00911
15752,FLRT2
15753,GALC
15754,GPR65
15755,LINC01146
15756,KCNK10
15757,SPATA7
15758,PTPN21
15759,ZC3H14
15760,EML5
15761,TTC8
15762,FOXN3
15763,FOXN3-AS1
15764,FOXN3-AS2
15765,EFCAB11
15766,TDP1
15767,KCNK13
15768,PSMC1
15769,NRDE2
15770,CALM1
15771,LINC00642
15772,TTC7B
15773,RPS6KA5
15774,GPR68
15775,CCDC88C
15776,PPP4R3A
15777,CATSPERB
15778,TC2N
15779,FBLN5
15780,TRIP11
15781,ATXN3
15782,NDUFB1
15783,CPSF2
15784,SLC24A4
15785,RIN3
15786,LGMN
15787,GOLGA5
15788,CHGA
15789,ITPK1
15790,ITPK1-AS1
15791,MOAP1
15792,TMEM251
15793,UBR7
15794,BTBD7
15795,UNC79
15796,COX8C
15797,PRIMA1
15798,FAM181A-AS1
15799,FAM181A
15800,ASB2
15801,OTUB2
15802,DDX24
15803,IFI27L1
15804,IFI27
15805,IFI27L2
15806,PPP4R4
15807,SERPINA10
15808,SERPINA6
15809,SERPINA1
15810,SERPINA11
15811,SERPINA9
15812,SERPINA12
15813,SERPINA4
15814,SERPINA5
15815,SERPINA3
15816,GSC
15817,DICER1
15818,DICER1-AS1
15819,CLMN
15820,SYNE3
15821,SNHG10
15822,GLRX5
15823,TCL1B
15824,TCL1A
15825,TUNAR
15826,C14orf132
15827,BDKRB2
15828,BDKRB1
15829,ATG2B
15830,GSKIP
15831,AK7
15832,PAPOLA
15833,VRK1
15834,LINC01550
15835,C14orf177
15836,AL132796.1
15837,BCL11B
15838,AL109767.1
15839,SETD3
15840,CCNK
15841,CCDC85C
15842,HHIPL1
15843,CYP46A1
15844,EML1
15845,EVL
15846,DEGS2
15847,YY1
15848,SLC25A29
15849,SLC25A47
15850,WARS
15851,WDR25
15852,BEGAIN
15853,LINC00523
15854,DLK1
15855,MEG3
15856,RTL1
15857,MEG8
15858,MIR381HG
15859,MEG9
15860,AL132709.1
15861,LINC00524
15862,DIO3OS
15863,DIO3
15864,LINC00239
15865,PPP2R5C
15866,DYNC1H1
15867,HSP90AA1
15868,WDR20
15869,MOK
15870,ZNF839
15871,CINP
15872,TECPR2
15873,ANKRD9
15874,RCOR1
15875,TRAF3
15876,AMN
15877,CDC42BPB
15878,EXOC3L4
15879,LINC00677
15880,TNFAIP2
15881,LINC00605
15882,EIF5
15883,MARK3
15884,CKB
15885,TRMT61A
15886,BAG5
15887,KLC1
15888,APOPT1
15889,XRCC3
15890,ZFYVE21
15891,PPP1R13B
15892,LINC00637
15893,TDRD9
15894,RD3L
15895,ASPG
15896,KIF26A
15897,TMEM179
15898,C14orf180
15899,INF2
15900,ADSSL1
15901,SIVA1
15902,AKT1
15903,ZBTB42
15904,LINC00638
15905,CEP170B
15906,PLD4
15907,AHNAK2
15908,CDCA4
15909,GPR132
15910,JAG2
15911,NUDT14
15912,BRF1
15913,BTBD6
15914,PACS2
15915,TEX22
15916,MTA1
15917,CRIP2
15918,CRIP1
15919,TMEM121
15920,IGHA2
15921,IGHE
15922,IGHG4
15923,IGHG2
15924,IGHGP
15925,IGHA1
15926,IGHEP1
15927,IGHG1
15928,IGHG3
15929,IGHD
15930,IGHM
15931,IGHJ6
15932,IGHJ3P
15933,IGHJ5
15934,IGHJ4
15935,IGHJ3
15936,IGHJ2P
15937,IGHJ2
15938,IGHJ1
15939,IGHD7-27
15940,IGHJ1P
15941,IGHD1-26
15942,IGHD6-25
15943,IGHD5-24
15944,IGHD4-23
15945,IGHD3-22
15946,IGHD2-21
15947,IGHD1-20
15948,IGHD6-19
15949,IGHD5-18
15950,IGHD4-17
15951,IGHD3-16
15952,IGHD2-15
15953,IGHD1-14
15954,IGHD6-13
15955,IGHD5-12
15956,IGHD4-11
15957,IGHD3-10
15958,IGHD3-9
15959,IGHD2-8
15960,IGHD1-7
15961,IGHD6-6
15962,IGHD5-5
15963,IGHD4-4
15964,IGHD3-3
15965,IGHD2-2
15966,IGHD1-1
15967,IGHV6-1
15968,IGHVII-1-1
15969,IGHV1-2
15970,IGHVIII-2-1
15971,IGHV1-3
15972,IGHV4-4
15973,IGHV2-5
15974,IGHVIII-5-1
15975,IGHVIII-5-2
15976,IGHV3-6
15977,IGHV3-7
15978,IGHV3-11
15979,IGHVIII-11-1
15980,IGHV1-12
15981,IGHV3-13
15982,IGHVIII-13-1
15983,IGHV1-14
15984,IGHV3-15
15985,IGHVII-15-1
15986,IGHV3-16
15987,IGHV1-17
15988,IGHV1-18
15989,IGHV3-19
15990,IGHV3-20
15991,IGHV3-21
15992,IGHV3-22
15993,IGHVII-22-1
15994,IGHVIII-22-2
15995,IGHV3-23
15996,IGHV1-24
15997,LINC00226
15998,IGHV3-25
15999,IGHVIII-25-1
16000,IGHV2-26
16001,IGHVIII-26-1
16002,IGHVII-26-2
16003,IGHV7-27
16004,IGHV4-28
16005,IGHV3-29
16006,IGHV3-30
16007,IGHVII-30-1
16008,IGHV3-30-2
16009,IGHV4-31
16010,IGHV3-32
16011,IGHV3-33
16012,IGHVII-33-1
16013,IGHV3-33-2
16014,IGHV4-34
16015,IGHV7-34-1
16016,IGHV3-35
16017,IGHV3-36
16018,IGHV3-37
16019,IGHV3-38
16020,IGHVIII-38-1
16021,IGHV4-39
16022,IGHV7-40
16023,IGHVII-40-1
16024,IGHV3-41
16025,IGHV3-42
16026,IGHV3-43
16027,IGHVIII-44
16028,LINC00221
16029,IGHVIV-44-1
16030,IGHVII-44-2
16031,IGHV1-45
16032,IGHV1-46
16033,IGHVII-46-1
16034,IGHV3-47
16035,IGHVIII-47-1
16036,IGHV3-48
16037,IGHV3-49
16038,IGHVII-49-1
16039,IGHV3-50
16040,IGHV5-51
16041,IGHVIII-51-1
16042,IGHVII-51-2
16043,IGHV3-52
16044,IGHV3-53
16045,IGHVII-53-1
16046,IGHV3-54
16047,IGHV4-55
16048,IGHV7-56
16049,IGHV3-57
16050,IGHV1-58
16051,IGHV4-59
16052,IGHV3-60
16053,IGHVII-60-1
16054,IGHV4-61
16055,IGHV3-64
16056,IGHV3-62
16057,IGHVII-62-1
16058,IGHV3-63
16059,IGHV3-65
16060,IGHVII-65-1
16061,IGHV3-66
16062,IGHV1-67
16063,IGHVII-67-1
16064,IGHVIII-67-2
16065,IGHVIII-67-3
16066,IGHVIII-67-4
16067,IGHV1-68
16068,IGHV1-69
16069,IGHV2-70
16070,IGHV1-69-2
16071,IGHV3-71
16072,IGHV3-72
16073,IGHV3-73
16074,IGHV3-74
16075,IGHVII-74-1
16076,IGHV3-75
16077,IGHV3-76
16078,IGHVIII-76-1
16079,IGHV5-78
16080,IGHVII-78-1
16081,IGHV3-79
16082,IGHV7-81
16083,IGHVIII-82
16084,IGHV1OR15-9
16085,IGHV1OR15-2
16086,IGHV3OR15-7
16087,IGHD5OR15-5A
16088,IGHD4OR15-4A
16089,IGHD3OR15-3A
16090,IGHD2OR15-2A
16091,IGHD1OR15-1A
16092,GOLGA6L6
16093,IGHV1OR15-6
16094,POTEB2
16095,LINC01193
16096,IGHD5OR15-5B
16097,IGHD4OR15-4B
16098,IGHD3OR15-3B
16099,IGHD2OR15-2B
16100,IGHD1OR15-1B
16101,POTEB3
16102,POTEB
16103,OR4M2
16104,OR4N4
16105,IGHV1OR15-1
16106,IGHV1OR15-3
16107,IGHV4OR15-8
16108,IGHV1OR15-4
16109,GOLGA6L22
16110,NIPA1
16111,NIPA2
16112,CYFIP1
16113,TUBGCP5
16114,GOLGA6L1
16115,GOLGA8S
16116,GOLGA6L2
16117,MKRN3
16118,AC126407.1
16119,MAGEL2
16120,NDN
16121,PWRN4
16122,PWRN2
16123,PWRN3
16124,PWRN1
16125,NPAP1
16126,SNRPN
16127,SNURF
16128,PWAR6
16129,AC124312.1
16130,UBE3A
16131,ATP10A
16132,LINC00929
16133,GABRB3
16134,GABRA5
16135,GABRG3
16136,GABRG3-AS1
16137,OCA2
16138,HERC2
16139,GOLGA8F
16140,GOLGA8G
16141,GOLGA8M
16142,APBA2
16143,FAM189A1
16144,NSMCE3
16145,TJP1
16146,GOLGA8J
16147,GOLGA8T
16148,CHRFAM7A
16149,GOLGA8R
16150,GOLGA8Q
16151,GOLGA8H
16152,ARHGAP11B
16153,FAN1
16154,MTMR10
16155,TRPM1
16156,KLF13
16157,OTUD7A
16158,CHRNA7
16159,GOLGA8K
16160,GOLGA8O
16161,GOLGA8N
16162,ARHGAP11A
16163,SCG5
16164,GREM1
16165,FMN1
16166,RYR3
16167,AVEN
16168,CHRM5
16169,EMC7
16170,PGBD4
16171,KATNBL1
16172,EMC4
16173,SLC12A6
16174,NOP10
16175,NUTM1
16176,LPCAT4
16177,GOLGA8A
16178,GOLGA8B
16179,GJD2
16180,ACTC1
16181,AQR
16182,ZNF770
16183,NANOGP8
16184,DPH6
16185,C15orf41
16186,MEIS2
16187,TMCO5A
16188,SPRED1
16189,FAM98B
16190,RASGRP1
16191,C15orf53
16192,C15orf54
16193,THBS1
16194,FSIP1
16195,GPR176
16196,EIF2AK4
16197,SRP14
16198,SRP14-AS1
16199,BMF
16200,BUB1B
16201,BUB1B-PAK6
16202,PAK6
16203,PLCB2
16204,ANKRD63
16205,PLCB2-AS1
16206,INAFM2
16207,PHGR1
16208,DISP2
16209,KNSTRN
16210,IVD
16211,BAHD1
16212,CHST14
16213,RPUSD2
16214,RAD51
16215,RMDN3
16216,GCHFR
16217,DNAJC17
16218,C15orf62
16219,ZFYVE19
16220,PPP1R14D
16221,SPINT1
16222,RHOV
16223,VPS18
16224,DLL4
16225,CHAC1
16226,INO80
16227,EXD1
16228,CHP1
16229,OIP5
16230,NUSAP1
16231,NDUFAF1
16232,RTF1
16233,ITPKA
16234,LTK
16235,RPAP1
16236,TYRO3
16237,MGA
16238,MAPKBP1
16239,AC073657.1
16240,JMJD7
16241,JMJD7-PLA2G4B
16242,PLA2G4B
16243,SPTBN5
16244,EHD4
16245,EHD4-AS1
16246,PLA2G4E-AS1
16247,PLA2G4E
16248,PLA2G4D
16249,PLA2G4F
16250,VPS39
16251,TMEM87A
16252,GANC
16253,CAPN3
16254,ZNF106
16255,SNAP23
16256,LRRC57
16257,HAUS2
16258,STARD9
16259,CDAN1
16260,TTBK2
16261,UBR1
16262,EPB42
16263,TMEM62
16264,CCNDBP1
16265,TGM5
16266,TGM7
16267,LCMT2
16268,ADAL
16269,ZSCAN29
16270,TUBGCP4
16271,TP53BP1
16272,MAP1A
16273,PPIP5K1
16274,CKMT1B
16275,STRC
16276,CATSPER2
16277,CKMT1A
16278,PDIA3
16279,ELL3
16280,SERF2
16281,AC018512.1
16282,SERINC4
16283,HYPK
16284,MFAP1
16285,WDR76
16286,FRMD5
16287,CASC4
16288,CTDSPL2
16289,EIF3J
16290,SPG11
16291,PATL2
16292,B2M
16293,TRIM69
16294,SORD
16295,DUOX2
16296,DUOXA2
16297,DUOXA1
16298,DUOX1
16299,SHF
16300,SLC28A2
16301,GATM
16302,SPATA5L1
16303,C15orf48
16304,SLC30A4
16305,BLOC1S6
16306,SEMA6D
16307,LINC01491
16308,SLC24A5
16309,MYEF2
16310,CTXN2
16311,SLC12A1
16312,DUT
16313,FBN1
16314,CEP152
16315,SHC4
16316,EID1
16317,SECISBP2L
16318,COPS2
16319,GALK2
16320,FAM227B
16321,FGF7
16322,DTWD1
16323,ATP8B4
16324,SLC27A2
16325,HDC
16326,GABPB1
16327,GABPB1-AS1
16328,USP8
16329,USP50
16330,TRPM7
16331,SPPL2A
16332,AP4E1
16333,TNFAIP8L3
16334,CYP19A1
16335,GLDN
16336,DMXL2
16337,SCG3
16338,LYSMD2
16339,TMOD2
16340,TMOD3
16341,LEO1
16342,MAPK6
16343,BCL2L10
16344,GNB5
16345,MYO5C
16346,MYO5A
16347,ARPP19
16348,FAM214A
16349,ONECUT1
16350,WDR72
16351,UNC13C
16352,RSL24D1
16353,RAB27A
16354,PIGBOS1
16355,PIGB
16356,CCPG1
16357,C15orf65
16358,PYGO1
16359,PRTG
16360,NEDD4
16361,RFX7
16362,TEX9
16363,MNS1
16364,ZNF280D
16365,TCF12
16366,LINC00926
16367,LINC01413
16368,CGNL1
16369,GCOM1
16370,MYZAP
16371,POLR2M
16372,ALDH1A2
16373,AQP9
16374,LIPC
16375,ADAM10
16376,RNF111
16377,SLTM
16378,CCNB2
16379,MYO1E
16380,LDHAL6B
16381,FAM81A
16382,GCNT3
16383,GTF2A2
16384,BNIP2
16385,FOXB1
16386,ANXA2
16387,ICE2
16388,RORA-AS1
16389,RORA
16390,RORA-AS2
16391,VPS13C
16392,C2CD4A
16393,C2CD4B
16394,TLN2
16395,TPM1
16396,LACTB
16397,RPS27L
16398,RAB8B
16399,APH1B
16400,CA12
16401,AC007950.1
16402,AC007950.2
16403,USP3
16404,USP3-AS1
16405,FBXL22
16406,HERC1
16407,DAPK2
16408,FAM96A
16409,SNX1
16410,SNX22
16411,PPIB
16412,CSNK1G1
16413,TRIP4
16414,ZNF609
16415,OAZ2
16416,AC100830.3
16417,RBPMS2
16418,PIF1
16419,PLEKHO2
16420,ANKDD1A
16421,SPG21
16422,MTFMT
16423,SLC51B
16424,RASL12
16425,KBTBD13
16426,UBAP1L
16427,PDCD7
16428,CLPX
16429,CILP
16430,PARP16
16431,IGDCC3
16432,IGDCC4
16433,DPP8
16434,HACD3
16435,SLC24A1
16436,DENND4A
16437,RAB11A
16438,MEGF11
16439,DIS3L
16440,TIPIN
16441,MAP2K1
16442,SNAPC5
16443,RPL4
16444,ZWILCH
16445,LCTL
16446,LINC01169
16447,SMAD6
16448,SMAD3
16449,AAGAB
16450,IQCH
16451,IQCH-AS1
16452,C15orf61
16453,MAP2K5
16454,SKOR1
16455,PIAS1
16456,CALML4
16457,CLN6
16458,FEM1B
16459,ITGA11
16460,CORO2B
16461,ANP32A
16462,SPESP1
16463,NOX5
16464,EWSAT1
16465,GLCE
16466,PAQR5
16467,KIF23
16468,RPLP1
16469,DRAIC
16470,TLE3
16471,SALRNA3
16472,SALRNA2
16473,UACA
16474,LARP6
16475,LRRC49
16476,THAP10
16477,THSD4
16478,CT62
16479,THSD4-AS1
16480,NR2E3
16481,MYO9A
16482,SENP8
16483,PKM
16484,PARP6
16485,CELF6
16486,HEXA
16487,HEXA-AS1
16488,TMEM202
16489,ARIH1
16490,GOLGA6B
16491,HIGD2B
16492,BBS4
16493,ADPGK
16494,ADPGK-AS1
16495,NEO1
16496,HCN4
16497,REC114
16498,NPTN
16499,CD276
16500,C15orf59
16501,C15orf59-AS1
16502,TBC1D21
16503,LOXL1-AS1
16504,LOXL1
16505,STOML1
16506,PML
16507,GOLGA6A
16508,ISLR2
16509,ISLR
16510,STRA6
16511,CCDC33
16512,CYP11A1
16513,SEMA7A
16514,UBL7
16515,UBL7-AS1
16516,ARID3B
16517,CLK3
16518,EDC3
16519,CYP1A1
16520,CYP1A2
16521,CSK
16522,LMAN1L
16523,CPLX3
16524,ULK3
16525,SCAMP2
16526,MPI
16527,FAM219B
16528,COX5A
16529,RPP25
16530,SCAMP5
16531,PPCDC
16532,C15orf39
16533,GOLGA6D
16534,GOLGA6C
16535,COMMD4
16536,NEIL1
16537,MAN2C1
16538,SIN3A
16539,PTPN9
16540,SNUPN
16541,IMP3
16542,SNX33
16543,CSPG4
16544,ODF3L1
16545,DNM1P35
16546,UBE2Q2
16547,FBXO22
16548,NRG4
16549,TMEM266
16550,ETFA
16551,ISL2
16552,SCAPER
16553,RCN2
16554,PSTPIP1
16555,TSPAN3
16556,PEAK1
16557,HMG20A
16558,LINGO1
16559,LINGO1-AS1
16560,LINGO1-AS2
16561,TBC1D2B
16562,SH2D7
16563,CIB2
16564,IDH3A
16565,ACSBG1
16566,DNAJA4
16567,WDR61
16568,CRABP1
16569,IREB2
16570,HYKK
16571,PSMA4
16572,CHRNA5
16573,CHRNA3
16574,CHRNB4
16575,ADAMTS7
16576,MORF4L1
16577,CTSH
16578,RASGRF1
16579,ANKRD34C-AS1
16580,ANKRD34C
16581,TMED3
16582,KIAA1024
16583,MTHFS
16584,ST20-MTHFS
16585,ST20
16586,ST20-AS1
16587,BCL2A1
16588,ZFAND6
16589,FAH
16590,LINC00927
16591,ARNT2
16592,ABHD17C
16593,CEMIP
16594,CFAP161
16595,IL16
16596,STARD5
16597,TMC3-AS1
16598,TMC3
16599,MEX3B
16600,LINC01583
16601,SAXO2
16602,GOLGA6L10
16603,GOLGA6L9
16604,RPS17
16605,CPEB1
16606,CPEB1-AS1
16607,AP3B2
16608,SNHG21
16609,FSD2
16610,WHAMM
16611,HOMER2
16612,C15orf40
16613,BTBD1
16614,TM6SF1
16615,BNC1
16616,SH3GL3
16617,ADAMTSL3
16618,UBE2Q2L
16619,GOLGA6L4
16620,ZSCAN2
16621,WDR73
16622,NMB
16623,SEC11A
16624,ZNF592
16625,ALPK3
16626,SLC28A1
16627,PDE8A
16628,AKAP13
16629,KLHL25
16630,LINC01584
16631,AGBL1
16632,AGBL1-AS1
16633,LINC00052
16634,NTRK3
16635,NTRK3-AS1
16636,MRPL46
16637,MRPS11
16638,DET1
16639,LINC01586
16640,AEN
16641,ISG20
16642,ACAN
16643,HAPLN3
16644,MFGE8
16645,ABHD2
16646,RLBP1
16647,FANCI
16648,POLG
16649,MIR9-3HG
16650,RHCG
16651,LINC00928
16652,TICRR
16653,KIF7
16654,PLIN1
16655,PEX11A
16656,WDR93
16657,MESP1
16658,MESP2
16659,ANPEP
16660,AP3S2
16661,C15orf38-AP3S2
16662,ARPIN
16663,ZNF710
16664,IDH2
16665,SEMA4B
16666,CIB1
16667,GDPGP1
16668,NGRN
16669,ZNF774
16670,IQGAP1
16671,CRTC3
16672,CRTC3-AS1
16673,BLM
16674,FURIN
16675,FES
16676,MAN2A2
16677,HDDC3
16678,UNC45A
16679,AC068831.6
16680,RCCD1
16681,PRC1
16682,PRC1-AS1
16683,VPS33B
16684,SV2B
16685,SLCO3A1
16686,ST8SIA2
16687,C15orf32
16688,LINC00930
16689,FAM174B
16690,CHD2
16691,RGMA
16692,LINC01579
16693,LINC01580
16694,LINC01581
16695,MCTP2
16696,LINC01197
16697,LINC00924
16698,NR2F2-AS1
16699,NR2F2
16700,SPATA8-AS1
16701,SPATA8
16702,LINC00923
16703,ARRDC4
16704,LINC01582
16705,FAM169B
16706,IGF1R
16707,PGPEP1L
16708,SYNM
16709,TTC23
16710,LRRC28
16711,MEF2A
16712,LYSMD4
16713,ADAMTS17
16714,SPATA41
16715,CERS3-AS1
16716,CERS3
16717,LINS1
16718,ASB7
16719,AC087762.1
16720,ALDH1A3
16721,LRRK1
16722,CHSY1
16723,SNRPA1
16724,PCSK6
16725,PCSK6-AS1
16726,TM2D3
16727,TARSL2
16728,OR4F6
16729,OR4F15
16730,OR4F4
16731,FAM138E
16732,WASIR2
16733,POLR3K
16734,SNRNP25
16735,RHBDF1
16736,MPG
16737,NPRL3
16738,HBZ
16739,HBM
16740,HBA2
16741,HBA1
16742,HBQ1
16743,LUC7L
16744,FAM234A
16745,RGS11
16746,ARHGDIG
16747,PDIA2
16748,AXIN1
16749,MRPL28
16750,TMEM8A
16751,NME4
16752,DECR2
16753,RAB11FIP3
16754,LINC00235
16755,CAPN15
16756,PRR35
16757,PIGQ
16758,NHLRC4
16759,RAB40C
16760,WFIKKN1
16761,MSLN
16762,WDR90
16763,RHOT2
16764,RHBDL1
16765,STUB1
16766,JMJD8
16767,WDR24
16768,FBXL16
16769,METRN
16770,FAM173A
16771,CCDC78
16772,HAGHL
16773,NARFL
16774,MSLNL
16775,RPUSD1
16776,CHTF18
16777,GNG13
16778,PRR25
16779,LMF1
16780,LMF1-AS1
16781,SOX8
16782,SSTR5
16783,C1QTNF8
16784,CACNA1H
16785,TPSG1
16786,TPSB2
16787,TPSAB1
16788,TPSD1
16789,UBE2I
16790,BAIAP3
16791,TSR3
16792,GNPTG
16793,UNKL
16794,C16orf91
16795,CCDC154
16796,CLCN7
16797,PTX4
16798,TELO2
16799,IFT140
16800,TMEM204
16801,CRAMP1
16802,MAPK8IP3
16803,NME3
16804,MRPS34
16805,EME2
16806,SPSB3
16807,NUBP2
16808,IGFALS
16809,HAGH
16810,FAHD1
16811,MEIOB
16812,LINC00254
16813,HS3ST6
16814,MSRB1
16815,RPL3L
16816,NDUFB10
16817,RPS2
16818,SNHG9
16819,RNF151
16820,TBL3
16821,NOXO1
16822,GFER
16823,SYNGR3
16824,ZNF598
16825,NPW
16826,SLC9A3R2
16827,NTHL1
16828,TSC2
16829,PKD1
16830,RAB26
16831,SNHG19
16832,TRAF7
16833,CASKIN1
16834,MLST8
16835,BRICD5
16836,PGP
16837,E4F1
16838,DNASE1L2
16839,ECI1
16840,RNPS1
16841,AC009065.4
16842,ABCA3
16843,CCNF
16844,NTN3
16845,TBC1D24
16846,ATP6V0C
16847,AMDHD2
16848,CEMP1
16849,PDPK1
16850,KCTD5
16851,PRSS27
16852,SRRM2-AS1
16853,SRRM2
16854,PRSS33
16855,PRSS21
16856,ZG16B
16857,PRSS22
16858,FLYWCH2
16859,FLYWCH1
16860,KREMEN2
16861,PKMYT1
16862,PAQR4
16863,CLDN9
16864,CLDN6
16865,TNFRSF12A
16866,HCFC1R1
16867,THOC6
16868,MMP25
16869,MMP25-AS1
16870,IL32
16871,ZSCAN10
16872,ZNF213-AS1
16873,ZNF205
16874,ZNF213
16875,OR1F1
16876,ZNF200
16877,MEFV
16878,LINC00921
16879,ZNF263
16880,TIGD7
16881,ZNF75A
16882,OR2C1
16883,MTRNR2L4
16884,ZSCAN32
16885,ZNF174
16886,ZNF597
16887,NAA60
16888,C16orf90
16889,CLUAP1
16890,NLRC3
16891,SLX4
16892,DNASE1
16893,TRAP1
16894,CREBBP
16895,ADCY9
16896,SRL
16897,LINC01569
16898,TFAP4
16899,GLIS2
16900,GLIS2-AS1
16901,PAM16
16902,CORO7-PAM16
16903,CORO7
16904,VASN
16905,DNAJA3
16906,NMRAL1
16907,HMOX2
16908,CDIP1
16909,C16orf96
16910,UBALD1
16911,MGRN1
16912,NUDT16L1
16913,ANKS3
16914,C16orf71
16915,ZNF500
16916,SEPT12
16917,SMIM22
16918,ROGDI
16919,GLYR1
16920,UBN1
16921,PPL
16922,SEC14L5
16923,NAGPA
16924,ALG1
16925,C16orf89
16926,EEF2KMT
16927,LINC01570
16928,RBFOX1
16929,TMEM114
16930,METTL22
16931,ABAT
16932,TMEM186
16933,PMM2
16934,CARHSP1
16935,USP7
16936,C16orf72
16937,LINC01177
16938,LINC01195
16939,GRIN2A
16940,ATF7IP2
16941,LINC01290
16942,EMP2
16943,TEKT5
16944,NUBP1
16945,TVP23A
16946,CIITA
16947,DEXI
16948,CLEC16A
16949,RMI2
16950,SOCS1
16951,TNP2
16952,PRM3
16953,PRM2
16954,PRM1
16955,AC009121.2
16956,LITAF
16957,SNN
16958,TXNDC11
16959,ZC3H7A
16960,BCAR4
16961,RSL1D1
16962,GSPT1
16963,TNFRSF17
16964,SNX29
16965,CPPED1
16966,SHISA9
16967,AC009134.1
16968,U91319.1
16969,AC003009.1
16970,U95743.1
16971,ERCC4
16972,MKL2
16973,MIR193BHG
16974,PARN
16975,BFAR
16976,PLA2G10
16977,NPIPA3
16978,NPIPA2
16979,NPIPA1
16980,NOMO1
16981,PDXDC1
16982,NTAN1
16983,RRN3
16984,NPIPA5
16985,MPV17L
16986,C16orf45
16987,NDE1
16988,MYH11
16989,FOPNL
16990,ABCC1
16991,ABCC6
16992,NOMO3
16993,NPIPA7
16994,XYLT1
16995,NPIPA8
16996,NOMO2
16997,RPS15A
16998,ARL6IP1
16999,SMG1
17000,TMC7
17001,COQ7
17002,ITPRIPL2
17003,SYT17
17004,CLEC19A
17005,TMC5
17006,GDE1
17007,CCP110
17008,KNOP1
17009,IQCK
17010,GPRC5B
17011,GPR139
17012,GP2
17013,UMOD
17014,PDILT
17015,ACSM5
17016,ACSM2A
17017,ACSM2B
17018,ACSM3
17019,ACSM1
17020,THUMPD1
17021,ERI2
17022,DCUN1D3
17023,LYRM1
17024,DNAH3
17025,TMEM159
17026,ZP2
17027,ANKS4B
17028,CRYM
17029,NPIPB3
17030,METTL9
17031,IGSF6
17032,OTOA
17033,NPIPB4
17034,UQCRC2
17035,PDZD9
17036,VWA3A
17037,SDR42E2
17038,EEF2K
17039,POLR3E
17040,CDR2
17041,NPIPB5
17042,HS3ST2
17043,USP31
17044,SCNN1G
17045,SCNN1B
17046,COG7
17047,GGA2
17048,EARS2
17049,UBFD1
17050,NDUFAB1
17051,PALB2
17052,DCTN5
17053,PLK1
17054,ERN2
17055,CHP2
17056,PRKCB
17057,CACNG3
17058,RBBP6
17059,LINC01567
17060,TNRC6A
17061,SLC5A11
17062,ARHGAP17
17063,LCMT1
17064,LCMT1-AS2
17065,AQP8
17066,ZKSCAN2
17067,HS3ST4
17068,AC009158.1
17069,C16orf82
17070,KDM8
17071,NSMCE1
17072,IL4R
17073,IL21R
17074,IL21R-AS1
17075,GTF3C1
17076,KIAA0556
17077,GSG1L
17078,XPO6
17079,SBK1
17080,NPIPB6
17081,EIF3CL
17082,NPIPB7
17083,CLN3
17084,APOBR
17085,IL27
17086,NUPR1
17087,SGF29
17088,SULT1A2
17089,SULT1A1
17090,NPIPB8
17091,EIF3C
17092,NPIPB9
17093,ATXN2L
17094,TUFM
17095,SH2B1
17096,ATP2A1
17097,ATP2A1-AS1
17098,RABEP2
17099,CD19
17100,NFATC2IP
17101,SPNS1
17102,LAT
17103,NPIPB11
17104,BOLA2
17105,SLX1B
17106,SULT1A4
17107,SPN
17108,QPRT
17109,C16orf54
17110,ZG16
17111,KIF22
17112,MAZ
17113,PRRT2
17114,PAGR1
17115,MVP
17116,CDIPT
17117,SEZ6L2
17118,ASPHD1
17119,KCTD13
17120,TMEM219
17121,TAOK2
17122,HIRIP3
17123,INO80E
17124,DOC2A
17125,C16orf92
17126,FAM57B
17127,ALDOA
17128,PPP4C
17129,TBX6
17130,YPEL3
17131,GDPD3
17132,MAPK3
17133,CORO1A
17134,BOLA2B
17135,SLX1A
17136,SULT1A3
17137,CD2BP2
17138,TBC1D10B
17139,MYLPF
17140,ZNF48
17141,SEPT1
17142,ZNF771
17143,DCTPP1
17144,SEPHS2
17145,ITGAL
17146,ZNF768
17147,ZNF747
17148,ZNF764
17149,ZNF688
17150,ZNF785
17151,ZNF689
17152,PRR14
17153,FBRS
17154,SRCAP
17155,TMEM265
17156,PHKG2
17157,CCDC189
17158,RNF40
17159,ZNF629
17160,BCL7C
17161,MIR762HG
17162,CTF1
17163,FBXL19-AS1
17164,FBXL19
17165,ORAI3
17166,SETD1A
17167,HSD3B7
17168,STX1B
17169,STX4
17170,ZNF668
17171,ZNF646
17172,PRSS53
17173,VKORC1
17174,BCKDK
17175,KAT8
17176,PRSS8
17177,PRSS36
17178,FUS
17179,PYCARD
17180,PYCARD-AS1
17181,TRIM72
17182,PYDC1
17183,ITGAM
17184,ITGAX
17185,ITGAD
17186,COX6A2
17187,ZNF843
17188,ARMC5
17189,TGFB1I1
17190,SLC5A2
17191,C16orf58
17192,AHSP
17193,ZNF720
17194,ZNF267
17195,IGHV1OR16-1
17196,IGHV1OR16-3
17197,IGHV3OR16-9
17198,TP53TG3D
17199,TP53TG3
17200,IGHV2OR16-5
17201,IGHV3OR16-15
17202,IGHV3OR16-6
17203,IGHV1OR16-2
17204,IGHV3OR16-10
17205,IGHV1OR16-4
17206,IGHV3OR16-8
17207,TP53TG3C
17208,TP53TG3E
17209,TP53TG3B
17210,TP53TG3F
17211,IGHV3OR16-12
17212,IGHV3OR16-13
17213,IGHV3OR16-11
17214,IGHV3OR16-7
17215,LINC00273
17216,LINC01566
17217,SHCBP1
17218,VPS35
17219,ORC6
17220,MYLK3
17221,C16orf87
17222,GPT2
17223,DNAJA2
17224,NETO2
17225,ITFG1-AS1
17226,ITFG1
17227,PHKB
17228,ABCC12
17229,ABCC11
17230,LONP2
17231,SIAH1
17232,N4BP1
17233,CBLN1
17234,C16orf78
17235,ZNF423
17236,CNEP1R1
17237,HEATR3
17238,ADCY7
17239,BRD7
17240,NKD1
17241,SNX20
17242,NOD2
17243,CYLD
17244,SALL1
17245,LINC01571
17246,LINC00919
17247,CASC22
17248,TOX3
17249,CASC16
17250,CHD9
17251,RBL2
17252,AKTIP
17253,RPGRIP1L
17254,FTO
17255,IRX3
17256,CRNDE
17257,IRX5
17258,IRX6
17259,MMP2
17260,LPCAT2
17261,CAPNS2
17262,SLC6A2
17263,CES1
17264,CES5A
17265,GNAO1
17266,DKFZP434H168
17267,AMFR
17268,NUDT21
17269,OGFOD1
17270,BBS2
17271,MT4
17272,MT3
17273,MT2A
17274,MT1E
17275,MT1M
17276,MT1A
17277,MT1B
17278,MT1F
17279,MT1G
17280,MT1H
17281,MT1X
17282,NUP93
17283,SLC12A3
17284,HERPUD1
17285,CETP
17286,NLRC5
17287,CPNE2
17288,FAM192A
17289,RSPRY1
17290,ARL2BP
17291,PLLP
17292,CCL22
17293,CX3CL1
17294,CCL17
17295,CIAPIN1
17296,COQ9
17297,POLR2C
17298,DOK4
17299,CCDC102A
17300,ADGRG5
17301,ADGRG1
17302,ADGRG3
17303,DRC7
17304,KATNB1
17305,KIFC3
17306,CNGB1
17307,TEPP
17308,ZNF319
17309,USB1
17310,MMP15
17311,CFAP20
17312,CSNK2A2
17313,CCDC113
17314,PRSS54
17315,GINS3
17316,NDRG4
17317,SETD6
17318,CNOT1
17319,SLC38A7
17320,GOT2
17321,CDH8
17322,AC009110.1
17323,AC012322.1
17324,CDH11
17325,LINC00922
17326,CDH5
17327,LINC00920
17328,BEAN1
17329,BEAN1-AS1
17330,TK2
17331,CKLF
17332,CKLF-CMTM1
17333,CMTM1
17334,CMTM2
17335,CMTM3
17336,CMTM4
17337,DYNC1LI2
17338,NAE1
17339,CA7
17340,PDP2
17341,CDH16
17342,RRAD
17343,FAM96B
17344,CES2
17345,CES3
17346,CES4A
17347,CBFB
17348,C16orf70
17349,B3GNT9
17350,TRADD
17351,FBXL8
17352,HSF4
17353,NOL3
17354,KIAA0895L
17355,EXOC3L1
17356,E2F4
17357,ELMO3
17358,LRRC29
17359,TMEM208
17360,FHOD1
17361,SLC9A5
17362,PLEKHG4
17363,KCTD19
17364,LRRC36
17365,TPPP3
17366,ZDHHC1
17367,HSD11B2
17368,ATP6V0D1
17369,AGRP
17370,CTCF
17371,ACD
17372,PARD6A
17373,ENKD1
17374,C16orf86
17375,GFOD2
17376,RANBP10
17377,TSNAXIP1
17378,CENPT
17379,THAP11
17380,NUTF2
17381,EDC4
17382,NRN1L
17383,PSKH1
17384,CTRL
17385,PSMB10
17386,LCAT
17387,SLC12A4
17388,DPEP3
17389,DPEP2
17390,DUS2
17391,DDX28
17392,NFATC3
17393,ESRP2
17394,PLA2G15
17395,SLC7A6
17396,SLC7A6OS
17397,PRMT7
17398,SMPD3
17399,ZFP90
17400,CDH3
17401,CDH1
17402,TANGO6
17403,HAS3
17404,CHTF8
17405,UTP4
17406,SNTB2
17407,VPS4A
17408,COG8
17409,PDF
17410,NIP7
17411,TMED6
17412,TERF2
17413,CYB5B
17414,NFAT5
17415,NQO1
17416,NOB1
17417,WWP2
17418,CLEC18A
17419,PDPR
17420,CLEC18C
17421,EXOSC6
17422,AARS
17423,DDX19B
17424,DDX19A
17425,ST3GAL2
17426,FUK
17427,COG4
17428,SF3B3
17429,IL34
17430,MTSS1L
17431,VAC14
17432,VAC14-AS1
17433,HYDIN
17434,CMTR2
17435,CALB2
17436,ZNF23
17437,ZNF19
17438,CHST4
17439,TAT
17440,TAT-AS1
17441,MARVELD3
17442,PHLPP2
17443,AP1G1
17444,ATXN1L
17445,IST1
17446,ZNF821
17447,PKD1L3
17448,DHODH
17449,TXNL4B
17450,HP
17451,HPR
17452,DHX38
17453,PMFBP1
17454,LINC01572
17455,AC004158.1
17456,ZFHX3
17457,HCCAT5
17458,AC140912.1
17459,LINC01568
17460,AC009120.4
17461,PSMD7
17462,AC009120.5
17463,NPIPB15
17464,CLEC18B
17465,GLG1
17466,RFWD3
17467,MLKL
17468,FA2H
17469,WDR59
17470,ZNRF1
17471,LDHD
17472,ZFP1
17473,CTRB2
17474,CTRB1
17475,BCAR1
17476,CFDP1
17477,TMEM170A
17478,CHST6
17479,CHST5
17480,TMEM231
17481,GABARAPL2
17482,ADAT1
17483,KARS
17484,TERF2IP
17485,CNTNAP4
17486,MON1B
17487,SYCE1L
17488,ADAMTS18
17489,NUDT7
17490,VAT1L
17491,CLEC3A
17492,WWOX
17493,MAF
17494,LINC01229
17495,MAFTRR
17496,LINC01228
17497,DYNLRB2
17498,LINC01227
17499,CDYL2
17500,CMC2
17501,CENPN
17502,ATMIN
17503,C16orf46
17504,GCSH
17505,AC092718.1
17506,BCO1
17507,GAN
17508,CMIP
17509,PLCG2
17510,SDR42E1
17511,HSD17B2
17512,MPHOSPH6
17513,CDH13
17514,HSBP1
17515,MLYCD
17516,OSGIN1
17517,NECAB2
17518,SLC38A8
17519,MBTPS1
17520,HSDL1
17521,DNAAF1
17522,TAF1C
17523,ADAD2
17524,KCNG4
17525,WFDC1
17526,ATP2C2
17527,TLDC1
17528,COTL1
17529,KLHL36
17530,USP10
17531,CRISPLD2
17532,ZDHHC7
17533,KIAA0513
17534,FAM92B
17535,LINC00311
17536,GSE1
17537,GINS2
17538,C16orf74
17539,EMC8
17540,COX4I1
17541,IRF8
17542,LINC01082
17543,LINC00917
17544,FENDRR
17545,FOXF1
17546,MTHFSD
17547,FOXC2-AS1
17548,FOXC2
17549,FOXL1
17550,C16orf95
17551,FBXO31
17552,MAP1LC3B
17553,ZCCHC14
17554,JPH3
17555,KLHDC4
17556,SLC7A5
17557,CA5A
17558,BANP
17559,ZNF469
17560,ZFPM1
17561,ZC3H18
17562,IL17C
17563,CYBA
17564,MVD
17565,SNAI3-AS1
17566,SNAI3
17567,AC138028.1
17568,RNF166
17569,CTU2
17570,PIEZO1
17571,CDT1
17572,APRT
17573,GALNS
17574,AC092384.1
17575,TRAPPC2L
17576,PABPN1L
17577,CBFA2T3
17578,ACSF3
17579,LINC00304
17580,CDH15
17581,SLC22A31
17582,ZNF778
17583,ANKRD11
17584,SPG7
17585,RPL13
17586,CPNE7
17587,DPEP1
17588,CHMP1A
17589,SPATA33
17590,CDK10
17591,SPATA2L
17592,VPS9D1
17593,VPS9D1-AS1
17594,ZNF276
17595,FANCA
17596,SPIRE2
17597,TCF25
17598,MC1R
17599,TUBB3
17600,DEF8
17601,CENPBD1
17602,DBNDD1
17603,GAS8
17604,GAS8-AS1
17605,PRDM7
17606,FAM157C
17607,SCGB1C2
17608,DOC2B
17609,RPH3AL
17610,C17orf97
17611,VPS53
17612,FAM57A
17613,GEMIN4
17614,GLOD4
17615,AC087392.1
17616,NXN
17617,TIMM22
17618,ABR
17619,AC016292.1
17620,AC144836.1
17621,BHLHA9
17622,YWHAE
17623,CRK
17624,MYO1C
17625,INPP5K
17626,PITPNA-AS1
17627,PITPNA
17628,SLC43A2
17629,SCARF1
17630,RILP
17631,PRPF8
17632,TLCD2
17633,MIR22HG
17634,WDR81
17635,SERPINF2
17636,SERPINF1
17637,SMYD4
17638,RPA1
17639,RTN4RL1
17640,AC099684.1
17641,DPH1
17642,OVCA2
17643,HIC1
17644,SMG6
17645,SRR
17646,TSR1
17647,SGSM2
17648,MNT
17649,METTL16
17650,PAFAH1B1
17651,CLUH
17652,hsa-mir-1253
17653,RAP1GAP2
17654,OR1D5
17655,OR1D2
17656,OR1G1
17657,OR1A2
17658,OR1A1
17659,OR3A2
17660,OR3A1
17661,OR1E1
17662,OR3A3
17663,OR1E2
17664,SPATA22
17665,ASPA
17666,TRPV3
17667,TRPV1
17668,SHPK
17669,CTNS
17670,TAX1BP3
17671,P2RX5-TAX1BP3
17672,EMC6
17673,P2RX5
17674,ITGAE
17675,NCBP3
17676,CAMKK1
17677,P2RX1
17678,ATP2A3
17679,ZZEF1
17680,CYB5D2
17681,ANKFY1
17682,UBE2G1
17683,SPNS3
17684,SPNS2
17685,MYBBP1A
17686,GGT6
17687,SMTNL2
17688,ALOX15
17689,PELP1
17690,AC091153.4
17691,ARRB2
17692,MED11
17693,CXCL16
17694,ZMYND15
17695,TM4SF5
17696,VMO1
17697,GLTPD2
17698,PSMB6
17699,PLD2
17700,MINK1
17701,CHRNE
17702,C17orf107
17703,GP1BA
17704,SLC25A11
17705,RNF167
17706,PFN1
17707,ENO3
17708,SPAG7
17709,CAMTA2
17710,INCA1
17711,KIF1C
17712,SLC52A1
17713,ZFP3
17714,ZNF232
17715,USP6
17716,ZNF594
17717,SCIMP
17718,RABEP1
17719,NUP88
17720,RPAIN
17721,C1QBP
17722,DHX33
17723,DERL2
17724,MIS12
17725,NLRP1
17726,WSCD1
17727,AIPL1
17728,PITPNM3
17729,KIAA0753
17730,TXNDC17
17731,MED31
17732,C17orf100
17733,SLC13A5
17734,XAF1
17735,FBXO39
17736,TEKT1
17737,ALOX12-AS1
17738,ALOX12
17739,RNASEK
17740,RNASEK-C17orf49
17741,C17orf49
17742,MIR497HG
17743,BCL6B
17744,SLC16A13
17745,SLC16A11
17746,CLEC10A
17747,ASGR2
17748,ASGR1
17749,DLG4
17750,ACADVL
17751,DVL2
17752,PHF23
17753,GABARAP
17754,CTDNEP1
17755,ELP5
17756,CLDN7
17757,SLC2A4
17758,YBX2
17759,EIF5A
17760,GPS2
17761,NEURL4
17762,ACAP1
17763,KCTD11
17764,TMEM95
17765,TNK1
17766,TMEM256-PLSCR3
17767,TMEM256
17768,NLGN2
17769,SPEM1
17770,TMEM102
17771,FGF11
17772,CHRNB1
17773,ZBTB4
17774,SLC35G6
17775,POLR2A
17776,TNFSF12
17777,TNFSF12-TNFSF13
17778,TNFSF13
17779,SENP3
17780,SENP3-EIF4A1
17781,EIF4A1
17782,CD68
17783,MPDU1
17784,SOX15
17785,FXR2
17786,SHBG
17787,SAT2
17788,ATP1B2
17789,TP53
17790,WRAP53
17791,EFNB3
17792,DNAH2
17793,KDM6B
17794,TMEM88
17795,NAA38
17796,CYB5D1
17797,CHD3
17798,KCNAB3
17799,TRAPPC1
17800,CNTROB
17801,GUCY2D
17802,ALOX15B
17803,ALOX12B
17804,ALOXE3
17805,HES7
17806,PER1
17807,VAMP2
17808,TMEM107
17809,BORCS6
17810,AC129492.1
17811,AURKB
17812,LINC00324
17813,CTC1
17814,PFAS
17815,SLC25A35
17816,RANGRF
17817,ARHGEF15
17818,ODF4
17819,KRBA2
17820,RPL26
17821,RNF222
17822,NDEL1
17823,MYH10
17824,CCDC42
17825,SPDYE4
17826,MFSD6L
17827,PIK3R6
17828,PIK3R5
17829,NTN1
17830,STX8
17831,AC087501.1
17832,CFAP52
17833,USP43
17834,DHRS7C
17835,GSG1L2
17836,GLP2R
17837,RCVRN
17838,GAS7
17839,MYH13
17840,MYHAS
17841,MYH8
17842,MYH4
17843,MYH1
17844,MYH2
17845,MYH3
17846,SCO1
17847,ADPRM
17848,TMEM220
17849,TMEM220-AS1
17850,PIRT
17851,SHISA6
17852,DNAH9
17853,ZNF18
17854,MAP2K4
17855,LINC00670
17856,MYOCD
17857,ARHGAP44
17858,ELAC2
17859,HS3ST3A1
17860,AC005304.1
17861,COX10
17862,AC005224.2
17863,CDRT15
17864,HS3ST3B1
17865,AC005863.1
17866,CDRT7
17867,CDRT8
17868,PMP22
17869,AC005703.3
17870,AC005703.2
17871,TEKT3
17872,CDRT4
17873,TVP23C-CDRT4
17874,TVP23C
17875,CDRT1
17876,TRIM16
17877,ZNF286A
17878,TBC1D26
17879,ADORA2B
17880,ZSWIM7
17881,TTC19
17882,NCOR1
17883,PIGL
17884,CENPV
17885,UBB
17886,TRPV2
17887,LRRC75A
17888,ZNF287
17889,ZNF624
17890,CCDC144A
17891,TNFRSF13B
17892,AC104024.1
17893,AC104024.2
17894,MPRIP
17895,MPRIP-AS1
17896,PLD6
17897,FLCN
17898,COPS3
17899,NT5M
17900,MED9
17901,RASD1
17902,PEMT
17903,SMCR2
17904,RAI1
17905,RAI1-AS1
17906,SMCR5
17907,SREBF1
17908,TOM1L2
17909,DRC3
17910,ATPAF2
17911,GID4
17912,DRG2
17913,MYO15A
17914,ALKBH5
17915,LLGL1
17916,FLII
17917,MIEF2
17918,TOP3A
17919,SMCR8
17920,SHMT1
17921,EVPLL
17922,LGALS9C
17923,TBC1D28
17924,ZNF286B
17925,TRIM16L
17926,FBXW10
17927,TVP23B
17928,PRPSAP2
17929,SLC5A10
17930,FAM83G
17931,GRAP
17932,GRAPL
17933,AC007952.6
17934,AC007952.4
17935,EPN2
17936,EPN2-AS1
17937,B9D1
17938,MAPK7
17939,MFAP4
17940,RNF112
17941,AC004448.2
17942,SLC47A1
17943,ALDH3A2
17944,SLC47A2
17945,ALDH3A1
17946,ULK2
17947,AKAP10
17948,SPECC1
17949,LGALS9B
17950,CDRT15L2
17951,CCDC144NL
17952,CCDC144NL-AS1
17953,USP22
17954,LINC01563
17955,DHRS7B
17956,TMEM11
17957,NATD1
17958,MAP2K3
17959,KCNJ12
17960,C17orf51
17961,KCNJ18
17962,MTRNR2L1
17963,WSB1
17964,KSR1
17965,LGALS9
17966,NOS2
17967,LYRM9
17968,NLK
17969,TMEM97
17970,IFT20
17971,TNFAIP1
17972,POLDIP2
17973,TMEM199
17974,SEBOX
17975,SARM1
17976,VTN
17977,SLC46A1
17978,SLC13A2
17979,FOXN1
17980,UNC119
17981,PIGS
17982,ALDOC
17983,SPAG5
17984,SGK494
17985,KIAA0100
17986,SDF2
17987,SUPT6H
17988,PROCA1
17989,RAB34
17990,RPL23A
17991,TLCD1
17992,NEK8
17993,AC010761.6
17994,TRAF4
17995,FAM222B
17996,ERAL1
17997,FLOT2
17998,DHRS13
17999,PHF12
18000,PIPOX
18001,SEZ6
18002,MYO18A
18003,TIAF1
18004,CRYBA1
18005,NUFIP2
18006,TAOK1
18007,ABHD15
18008,ABHD15-AS1
18009,TP53I13
18010,GIT1
18011,ANKRD13B
18012,CORO6
18013,SSH2
18014,EFCAB5
18015,AC104984.4
18016,NSRP1
18017,SLC6A4
18018,BLMH
18019,TMIGD1
18020,CPD
18021,GOSR1
18022,TBC1D29
18023,CRLF3
18024,ATAD5
18025,TEFM
18026,ADAP2
18027,RNF135
18028,NF1
18029,OMG
18030,EVI2B
18031,EVI2A
18032,RAB11FIP4
18033,AC003101.1
18034,COPRS
18035,UTP6
18036,SUZ12
18037,LRRC37B
18038,RHOT1
18039,RHBDL3
18040,C17orf75
18041,ZNF207
18042,PSMD11
18043,CDK5R1
18044,MYO1D
18045,AC084809.2
18046,TMEM98
18047,SPACA3
18048,ASIC2
18049,CCL2
18050,CCL7
18051,CCL11
18052,CCL8
18053,CCL13
18054,CCL1
18055,AC011193.1
18056,TMEM132E
18057,CCT6B
18058,ZNF830
18059,LIG3
18060,RFFL
18061,RAD51D
18062,FNDC8
18063,NLE1
18064,UNC45B
18065,SLC35G3
18066,SLFN5
18067,SLFN11
18068,SLFN12
18069,SLFN13
18070,SLFN12L
18071,SLFN14
18072,PEX12
18073,AP2B1
18074,TAF15
18075,RASL10B
18076,GAS2L2
18077,MMP28
18078,C17orf50
18079,HEATR9
18080,AC015849.2
18081,CCL5
18082,RDM1
18083,LYZL6
18084,CCL16
18085,CCL14
18086,CCL15-CCL14
18087,CCL15
18088,CCL23
18089,CCL18
18090,CCL3
18091,CCL4
18092,TBC1D3B
18093,CCL4L2
18094,TBC1D3I
18095,TBC1D3G
18096,TBC1D3H
18097,TBC1D3F
18098,ZNHIT3
18099,MYO19
18100,PIGW
18101,GGNBP2
18102,DHRS11
18103,MRM1
18104,LHX1
18105,AATF
18106,ACACA
18107,C17orf78
18108,TADA2A
18109,DUSP14
18110,SYNRG
18111,DDX52
18112,HNF1B
18113,TBC1D3K
18114,TBC1D3L
18115,TBC1D3C
18116,TBC1D3D
18117,TBC1D3E
18118,TBC1D3
18119,MRPL45
18120,GPR179
18121,SOCS7
18122,ARHGAP23
18123,SRCIN1
18124,MLLT6
18125,AC006449.2
18126,CISD3
18127,PCGF2
18128,PSMB3
18129,PIP4K2B
18130,CWC25
18131,C17orf98
18132,RPL23
18133,LASP1
18134,LINC00672
18135,FBXO47
18136,PLXDC1
18137,ARL5C
18138,CACNB1
18139,RPL19
18140,STAC2
18141,FBXL20
18142,MED1
18143,CDK12
18144,NEUROD2
18145,PPP1R1B
18146,STARD3
18147,TCAP
18148,PNMT
18149,PGAP3
18150,ERBB2
18151,MIEN1
18152,GRB7
18153,IKZF3
18154,ZPBP2
18155,GSDMB
18156,ORMDL3
18157,LRRC3C
18158,GSDMA
18159,PSMD3
18160,CSF3
18161,MED24
18162,THRA
18163,NR1D1
18164,MSL1
18165,CASC3
18166,RAPGEFL1
18167,WIPF2
18168,CDC6
18169,RARA
18170,RARA-AS1
18171,GJD3
18172,TOP2A
18173,IGFBP4
18174,TNS4
18175,CCR7
18176,SMARCE1
18177,KRT222
18178,KRT24
18179,KRT25
18180,KRT26
18181,KRT27
18182,KRT28
18183,KRT10
18184,TMEM99
18185,KRT12
18186,KRT20
18187,KRT23
18188,KRT39
18189,KRT40
18190,KRTAP3-3
18191,KRTAP3-2
18192,KRTAP3-1
18193,KRTAP1-5
18194,KRTAP1-4
18195,KRTAP1-3
18196,KRTAP1-1
18197,KRTAP2-1
18198,KRTAP2-2
18199,KRTAP2-3
18200,KRTAP2-4
18201,KRTAP4-7
18202,KRTAP4-8
18203,KRTAP4-9
18204,KRTAP4-11
18205,KRTAP4-12
18206,KRTAP4-6
18207,KRTAP4-5
18208,KRTAP4-4
18209,KRTAP4-3
18210,KRTAP4-2
18211,KRTAP4-1
18212,KRTAP9-1
18213,KRTAP9-2
18214,KRTAP9-9
18215,KRTAP9-3
18216,KRTAP9-8
18217,KRTAP9-4
18218,KRTAP9-6
18219,KRTAP9-7
18220,KRTAP29-1
18221,KRTAP16-1
18222,KRTAP17-1
18223,KRT33A
18224,KRT33B
18225,KRT34
18226,KRT31
18227,AC003958.2
18228,KRT37
18229,KRT38
18230,KRT32
18231,KRT35
18232,KRT36
18233,KRT13
18234,KRT15
18235,KRT19
18236,LINC00974
18237,KRT9
18238,KRT14
18239,KRT16
18240,KRT17
18241,EIF1
18242,GAST
18243,HAP1
18244,JUP
18245,P3H4
18246,FKBP10
18247,NT5C3B
18248,KLHL10
18249,KLHL11
18250,ACLY
18251,TTC25
18252,CNP
18253,DNAJC7
18254,NKIRAS2
18255,ZNF385C
18256,DHX58
18257,KAT2A
18258,HSPB9
18259,RAB5C
18260,KCNH4
18261,HCRT
18262,GHDC
18263,STAT5B
18264,STAT5A
18265,STAT3
18266,ATP6V0A1
18267,NAGLU
18268,HSD17B1
18269,COASY
18270,MLX
18271,PSMC3IP
18272,TUBG1
18273,TUBG2
18274,PLEKHH3
18275,CCR10
18276,CNTNAP1
18277,EZH1
18278,RAMP2-AS1
18279,RAMP2
18280,VPS25
18281,WNK4
18282,COA3
18283,CNTD1
18284,BECN1
18285,PSME3
18286,AOC2
18287,AOC3
18288,LINC00671
18289,G6PC
18290,PTGES3L-AARSD1
18291,AARSD1
18292,PTGES3L
18293,RUNDC1
18294,RPL27
18295,IFI35
18296,VAT1
18297,RND2
18298,BRCA1
18299,NBR1
18300,TMEM106A
18301,LINC00910
18302,ARL4D
18303,MIR2117HG
18304,DHX8
18305,ETV4
18306,MEOX1
18307,SOST
18308,DUSP3
18309,MPP3
18310,CD300LG
18311,MPP2
18312,FAM215A
18313,PPY
18314,PYY
18315,NAGS
18316,TMEM101
18317,LSM12
18318,G6PC3
18319,HDAC5
18320,C17orf53
18321,ASB16
18322,ASB16-AS1
18323,TMUB2
18324,ATXN7L3
18325,UBTF
18326,SLC4A1
18327,RUNDC3A-AS1
18328,RUNDC3A
18329,SLC25A39
18330,GRN
18331,FAM171A2
18332,ITGA2B
18333,GPATCH8
18334,FZD2
18335,LINC01180
18336,MEIOC
18337,CCDC43
18338,DBF4B
18339,ADAM11
18340,GJC1
18341,HIGD1B
18342,EFTUD2
18343,CCDC103
18344,FAM187A
18345,GFAP
18346,KIF18B
18347,C1QL1
18348,DCAKD
18349,NMT1
18350,PLCD3
18351,ACBD4
18352,HEXIM1
18353,HEXIM2
18354,FMNL1
18355,MAP3K14-AS1
18356,SPATA32
18357,MAP3K14
18358,ARHGAP27
18359,PLEKHM1
18360,AC091132.1
18361,CRHR1
18362,MAPT-AS1
18363,SPPL2C
18364,MAPT
18365,STH
18366,KANSL1
18367,KANSL1-AS1
18368,ARL17B
18369,LRRC37A
18370,LRRC37A2
18371,ARL17A
18372,FAM215B
18373,NSF
18374,WNT3
18375,WNT9B
18376,GOSR2
18377,RPRML
18378,CDC27
18379,MYL4
18380,ITGB3
18381,EFCAB13
18382,NPEPPS
18383,KPNB1
18384,TBKBP1
18385,TBX21
18386,OSBPL7
18387,MRPL10
18388,LRRC46
18389,SCRN2
18390,SP6
18391,SP2
18392,SP2-AS1
18393,PNPO
18394,PRR15L
18395,CDK5RAP3
18396,COPZ2
18397,NFE2L1
18398,CBX1
18399,SNX11
18400,SKAP1
18401,HOXB1
18402,HOXB2
18403,HOXB-AS1
18404,HOXB3
18405,HOXB-AS3
18406,HOXB-AS2
18407,HOXB4
18408,HOXB5
18409,HOXB6
18410,HOXB7
18411,HOXB8
18412,HOXB9
18413,HOXB-AS4
18414,PRAC1
18415,PRAC2
18416,HOXB13
18417,TTLL6
18418,CALCOCO2
18419,UBE2Z
18420,SNF8
18421,AC091133.1
18422,GIP
18423,IGF2BP1
18424,B4GALNT2
18425,GNGT2
18426,ABI3
18427,PHOSPHO1
18428,ZNF652
18429,PHB
18430,NGFR
18431,NXPH3
18432,SPOP
18433,SLC35B1
18434,FAM117A
18435,KAT7
18436,TAC4
18437,DLX4
18438,DLX3
18439,ITGA3
18440,PDK2
18441,SAMD14
18442,PPP1R9B
18443,AC002401.1
18444,SGCA
18445,COL1A1
18446,TMEM92
18447,TMEM92-AS1
18448,XYLT2
18449,MRPL27
18450,EME1
18451,LRRC59
18452,ACSF2
18453,CHAD
18454,RSAD1
18455,MYCBPAP
18456,EPN3
18457,SPATA20
18458,CACNA1G-AS1
18459,CACNA1G
18460,ABCC3
18461,ANKRD40
18462,LUC7L3
18463,WFIKKN2
18464,TOB1
18465,SPAG9
18466,NME1
18467,NME1-NME2
18468,NME2
18469,MBTD1
18470,UTP18
18471,CA10
18472,C17orf112
18473,KIF2B
18474,TOM1L1
18475,COX11
18476,STXBP4
18477,HLF
18478,MMD
18479,TMEM100
18480,PCTP
18481,ANKFN1
18482,NOG
18483,C17orf67
18484,DGKE
18485,TRIM25
18486,COIL
18487,SCPEP1
18488,AKAP1
18489,MSI2
18490,CCDC182
18491,MRPS23
18492,CUEDC1
18493,VEZF1
18494,SRSF1
18495,DYNLL2
18496,OR4D1
18497,OR4D2
18498,EPX
18499,MKS1
18500,LPO
18501,MPO
18502,SUPT4H1
18503,RNF43
18504,HSF5
18505,MTMR4
18506,SEPT4-AS1
18507,SEPT4
18508,C17orf47
18509,TEX14
18510,RAD51C
18511,PPM1E
18512,TRIM37
18513,AC099850.1
18514,SKA2
18515,PRR11
18516,SMG8
18517,GDPD1
18518,YPEL2
18519,LINC01476
18520,DHX40
18521,CLTC
18522,PTRH2
18523,VMP1
18524,TUBD1
18525,RPS6KB1
18526,RNFT1
18527,HEATR6
18528,CA4
18529,USP32
18530,C17orf64
18531,APPBP2
18532,PPM1D
18533,BCAS3
18534,TBX2-AS1
18535,TBX2
18536,C17orf82
18537,TBX4
18538,NACA2
18539,BRIP1
18540,INTS2
18541,MED13
18542,EFCAB3
18543,METTL2A
18544,TLK2
18545,MRC2
18546,MARCH10
18547,TANC2
18548,AC015923.1
18549,CYB561
18550,ACE
18551,KCNH6
18552,DCAF7
18553,TACO1
18554,MAP3K3
18555,LIMD2
18556,STRADA
18557,CCDC47
18558,DDX42
18559,FTSJ3
18560,PSMC5
18561,SMARCD2
18562,CSH2
18563,GH2
18564,CSH1
18565,CSHL1
18566,GH1
18567,CD79B
18568,SCN4A
18569,PRR29-AS1
18570,PRR29
18571,ICAM2
18572,ERN1
18573,SNHG25
18574,TEX2
18575,PECAM1
18576,MILR1
18577,POLG2
18578,DDX5
18579,CEP95
18580,SMURF2
18581,LRRC37A3
18582,GNA13
18583,RGS9
18584,AXIN2
18585,CEP112
18586,APOH
18587,PRKCA
18588,PRKCA-AS1
18589,CACNG5
18590,CACNG4
18591,CACNG1
18592,HELZ
18593,PSMD12
18594,PITPNC1
18595,NOL11
18596,BPTF
18597,C17orf58
18598,KPNA2
18599,AMZ2
18600,ARSG
18601,SLC16A6
18602,WIPI1
18603,PRKAR1A
18604,FAM20A
18605,LINC01482
18606,ABCA8
18607,ABCA9-AS1
18608,ABCA9
18609,ABCA6
18610,ABCA10
18611,ABCA5
18612,MAP2K6
18613,LINC01483
18614,LINC01497
18615,LINC01028
18616,KCNJ16
18617,KCNJ2-AS1
18618,KCNJ2
18619,CASC17
18620,LINC01152
18621,SOX9
18622,LINC00511
18623,SLC39A11
18624,SSTR2
18625,COG1
18626,FAM104A
18627,C17orf80
18628,CPSF4L
18629,CDC42EP4
18630,SDK2
18631,LINC00469
18632,AC125421.1
18633,RPL38
18634,TTYH2
18635,DNAI2
18636,KIF19
18637,BTBD17
18638,GPR142
18639,GPRC5C
18640,CD300A
18641,CD300LB
18642,CD300C
18643,CD300LD
18644,C17orf77
18645,CD300E
18646,RAB37
18647,CD300LF
18648,SLC9A3R1
18649,NAT9
18650,TMEM104
18651,GRIN2C
18652,FDXR
18653,FADS6
18654,USH1G
18655,OTOP2
18656,OTOP3
18657,HID1
18658,HID1-AS1
18659,CDR2L
18660,KCTD2
18661,SLC16A5
18662,ARMC7
18663,NT5C
18664,SUMO2
18665,NUP85
18666,GGA3
18667,MRPS7
18668,MIF4GD
18669,SLC25A19
18670,GRB2
18671,TMEM94
18672,CASKIN2
18673,TSEN54
18674,LLGL2
18675,MYO15B
18676,RECQL5
18677,SMIM5
18678,SMIM6
18679,SAP30BP
18680,ITGB4
18681,GALK1
18682,H3F3B
18683,UNK
18684,UNC13D
18685,WBP2
18686,TRIM47
18687,TRIM65
18688,MRPL38
18689,FBF1
18690,ACOX1
18691,TEN1
18692,CDK3
18693,EVPL
18694,SRP68
18695,ZACN
18696,GALR2
18697,EXOC7
18698,FOXJ1
18699,RNF157
18700,UBALD2
18701,QRICH2
18702,PRPSAP1
18703,SPHK1
18704,UBE2O
18705,AANAT
18706,RHBDF2
18707,CYGB
18708,PRCD
18709,ST6GALNAC2
18710,ST6GALNAC1
18711,MXRA7
18712,JMJD6
18713,METTL23
18714,SRSF2
18715,MFSD11
18716,LINC00868
18717,MGAT5B
18718,SEC14L1
18719,SEPT9
18720,TNRC6C
18721,TMC6
18722,TMC8
18723,C17orf99
18724,SYNGR2
18725,TK1
18726,AFMID
18727,BIRC5
18728,TMEM235
18729,SOCS3
18730,PGS1
18731,DNAH17
18732,CYTH1
18733,USP36
18734,TIMP2
18735,CEP295NL
18736,LGALS3BP
18737,CANT1
18738,C1QTNF1-AS1
18739,C1QTNF1
18740,ENGASE
18741,RBFOX3
18742,ENPP7
18743,CBX2
18744,CBX8
18745,CBX4
18746,TBC1D16
18747,CCDC40
18748,GAA
18749,EIF4A3
18750,CARD14
18751,SGSH
18752,SLC26A11
18753,RNF213
18754,ENDOV
18755,NPTX1
18756,RPTOR
18757,CHMP6
18758,BAIAP2
18759,AATK
18760,CEP131
18761,AC027601.1
18762,SLC38A10
18763,LINC00482
18764,TMEM105
18765,BAHCC1
18766,ACTG1
18767,FSCN2
18768,FAAP100
18769,NPLOC4
18770,TSPAN10
18771,PDE6G
18772,OXLD1
18773,CCDC137
18774,ARL16
18775,HGS
18776,MRPL12
18777,SLC25A10
18778,GCGR
18779,PPP1R27
18780,P4HB
18781,ARHGDIA
18782,ALYREF
18783,ANAPC11
18784,NPB
18785,PCYT2
18786,SIRT7
18787,MAFG
18788,PYCR1
18789,MYADML2
18790,NOTUM
18791,ASPSCR1
18792,LRRC45
18793,RAC3
18794,DCXR
18795,RFNG
18796,GPS1
18797,DUS1L
18798,FASN
18799,CCDC57
18800,SLC16A3
18801,CSNK1D
18802,CD7
18803,SECTM1
18804,TEX19
18805,UTS2R
18806,OGFOD3
18807,HEXDC
18808,NARF
18809,FOXK2
18810,WDR45B
18811,RAB40B
18812,FN3KRP
18813,FN3K
18814,TBCD
18815,ZNF750
18816,B3GNTL1
18817,METRNL
18818,AC144831.1
18819,AP005530.1
18820,USP14
18821,THOC1
18822,COLEC12
18823,CETN1
18824,CLUL1
18825,TYMS
18826,ENOSF1
18827,YES1
18828,ADCYAP1
18829,LINC00470
18830,METTL4
18831,NDC80
18832,SMCHD1
18833,EMILIN2
18834,LPIN2
18835,MYOM1
18836,MYL12A
18837,MYL12B
18838,IGLJCOR18
18839,TGIF1
18840,GAPLINC
18841,DLGAP1
18842,DLGAP1-AS1
18843,DLGAP1-AS2
18844,DLGAP1-AS3
18845,DLGAP1-AS4
18846,DLGAP1-AS5
18847,LINC00526
18848,LINC00667
18849,ZBTB14
18850,EPB41L3
18851,MIR3976HG
18852,TMEM200C
18853,L3MBTL4
18854,L3MBTL4-AS1
18855,LINC01387
18856,ARHGAP28
18857,LINC00668
18858,LAMA1
18859,LRRC30
18860,PTPRM
18861,RAB12
18862,GACAT2
18863,MTCL1
18864,NDUFV2
18865,NDUFV2-AS1
18866,ANKRD12
18867,TWSG1
18868,RALBP1
18869,PPP4R1
18870,PPP4R1-AS1
18871,RAB31
18872,TXNDC2
18873,VAPA
18874,LINC01254
18875,APCDD1
18876,NAPG
18877,PIEZO2
18878,LINC01255
18879,GNAL
18880,CHMP1B
18881,MPPE1
18882,IMPA2
18883,ANKRD62
18884,CIDEA
18885,TUBB6
18886,AFG3L2
18887,PRELID3A
18888,SPIRE1
18889,PSMG2
18890,CEP76
18891,PTPN2
18892,SEH1L
18893,CEP192
18894,LDLRAD4
18895,LDLRAD4-AS1
18896,FAM210A
18897,RNMT
18898,MC5R
18899,MC2R
18900,ZNF519
18901,POTEC
18902,ANKRD30B
18903,LINC01443
18904,LINC01444
18905,AP005242.1
18906,ROCK1
18907,GREB1L
18908,ESCO1
18909,SNRPD1
18910,ABHD3
18911,MIB1
18912,MIR133A1HG
18913,GATA6-AS1
18914,GATA6
18915,CTAGE1
18916,RBBP8
18917,CABLES1
18918,TMEM241
18919,RIOK3
18920,NPC1
18921,ANKRD29
18922,LAMA3
18923,TTC39C
18924,TTC39C-AS1
18925,CABYR
18926,OSBPL1A
18927,IMPACT
18928,HRH4
18929,ZNF521
18930,SS18
18931,PSMA8
18932,TAF4B
18933,LINC01543
18934,KCTD1
18935,AQP4-AS1
18936,PCAT18
18937,AQP4
18938,CHST9
18939,CDH2
18940,DSC3
18941,DSC2
18942,DSCAS
18943,DSC1
18944,DSG1
18945,DSG1-AS1
18946,DSG4
18947,DSG3
18948,DSG2
18949,DSG2-AS1
18950,TTR
18951,B4GALT6
18952,SLC25A52
18953,TRAPPC8
18954,RNF125
18955,RNF138
18956,GAREM1
18957,MEP1B
18958,AC021224.1
18959,KLHL14
18960,AC012123.1
18961,CCDC178
18962,ASXL3
18963,NOL4
18964,DTNA
18965,MAPRE2
18966,ZNF397
18967,ZSCAN30
18968,ZNF24
18969,ZNF396
18970,INO80C
18971,GALNT1
18972,C18orf21
18973,RPRD1A
18974,SLC39A6
18975,ELP2
18976,MOCOS
18977,FHOD3
18978,TPGS2
18979,KIAA1328
18980,CELF4
18981,LINC01477
18982,PIK3C3
18983,LINC00907
18984,RIT2
18985,SYT4
18986,LINC01478
18987,SETBP1
18988,SLC14A2
18989,SLC14A2-AS1
18990,SLC14A1
18991,SIGLEC15
18992,EPG5
18993,PSTPIP2
18994,HAUS1
18995,C18orf25
18996,RNF165
18997,LOXHD1
18998,ST8SIA5
18999,PIAS2
19000,KATNAL2
19001,HDHD2
19002,IER3IP1
19003,SKOR2
19004,SMAD2
19005,ZBTB7C
19006,CTIF
19007,SMAD7
19008,DYM
19009,C18orf32
19010,RPL17-C18orf32
19011,RPL17
19012,LIPG
19013,ACAA2
19014,SNHG22
19015,MYO5B
19016,CFAP53
19017,MBD1
19018,CXXC1
19019,SKA1
19020,MAPK4
19021,MRO
19022,ME2
19023,ELAC1
19024,SMAD4
19025,MEX3C
19026,DCC
19027,MBD2
19028,POLI
19029,STARD6
19030,C18orf54
19031,DYNAP
19032,RAB27B
19033,CCDC68
19034,TCF4
19035,TCF4-AS1
19036,TCF4-AS2
19037,LINC01415
19038,LINC01416
19039,LINC01539
19040,TXNL1
19041,WDR7
19042,LINC-ROR
19043,BOD1L2
19044,ST8SIA3
19045,ONECUT2
19046,FECH
19047,NARS
19048,ATP8B1
19049,NEDD4L
19050,ALPK2
19051,MALT1
19052,ZNF532
19053,SEC11C
19054,GRP
19055,RAX
19056,CPLX4
19057,LMAN1
19058,CCBE1
19059,PMAIP1
19060,MC4R
19061,CDH20
19062,LINC01544
19063,RNF152
19064,PIGN
19065,KIAA1468
19066,TNFRSF11A
19067,ZCCHC2
19068,PHLPP1
19069,BCL2
19070,KDSR
19071,VPS4B
19072,SERPINB5
19073,SERPINB12
19074,SERPINB13
19075,SERPINB4
19076,SERPINB3
19077,SERPINB11
19078,SERPINB7
19079,SERPINB2
19080,SERPINB10
19081,HMSD
19082,SERPINB8
19083,LINC00305
19084,AC100848.1
19085,LINC01538
19086,AC007948.1
19087,AC007631.1
19088,CDH7
19089,CDH19
19090,DSEL
19091,TMX3
19092,CCDC102B
19093,DOK6
19094,CD226
19095,RTTN
19096,SOCS6
19097,GTSCR1
19098,LINC01541
19099,CBLN2
19100,NETO1
19101,FBXO15
19102,TIMM21
19103,CYB5A
19104,C18orf63
19105,FAM69C
19106,CNDP2
19107,CNDP1
19108,LINC00909
19109,ZNF407
19110,ZADH2
19111,TSHZ1
19112,SMIM21
19113,ZNF516
19114,C18orf65
19115,LINC00908
19116,LINC00683
19117,ZNF236
19118,MBP
19119,GALR1
19120,LINC01029
19121,SALL3
19122,ATP9B
19123,NFATC1
19124,CTDP1
19125,KCNG2
19126,PQLC1
19127,HSBP1L1
19128,TXNL4A
19129,RBFA
19130,ADNP2
19131,PARD6G-AS1
19132,PARD6G
19133,DEFB125
19134,DEFB126
19135,DEFB127
19136,DEFB128
19137,DEFB129
19138,DEFB132
19139,C20orf96
19140,ZCCHC3
19141,NRSN2-AS1
19142,SOX12
19143,NRSN2
19144,TRIB3
19145,RBCK1
19146,TBC1D20
19147,CSNK2A1
19148,TCF15
19149,SRXN1
19150,SCRT2
19151,SLC52A3
19152,FAM110A
19153,ANGPT4
19154,RSPO4
19155,PSMF1
19156,TMEM74B
19157,C20orf202
19158,RAD21L1
19159,SNPH
19160,SDCBP2
19161,SDCBP2-AS1
19162,FKBP1A
19163,NSFL1C
19164,SIRPB2
19165,SIRPD
19166,SIRPB1
19167,SIRPG
19168,SIRPG-AS1
19169,SIRPA
19170,PDYN
19171,STK35
19172,TGM3
19173,TGM6
19174,SNRPB
19175,ZNF343
19176,TMC2
19177,NOP56
19178,IDH3B
19179,EBF4
19180,CPXM1
19181,C20orf141
19182,TMEM239
19183,PCED1A
19184,VPS16
19185,PTPRA
19186,GNRH2
19187,MRPS26
19188,OXT
19189,AVP
19190,UBOX5-AS1
19191,UBOX5
19192,FASTKD5
19193,DDRGK1
19194,ITPA
19195,SLC4A11
19196,C20orf194
19197,ATRN
19198,GFRA4
19199,ADAM33
19200,SIGLEC1
19201,HSPA12B
19202,C20orf27
19203,SPEF1
19204,CENPB
19205,CDC25B
19206,AP5S1
19207,MAVS
19208,PANK2
19209,RNF24
19210,SMOX
19211,LINC01433
19212,ADRA1D
19213,PRNP
19214,PRND
19215,PRNT
19216,RASSF2
19217,SLC23A2
19218,TMEM230
19219,PCNA
19220,CDS2
19221,PROKR2
19222,LINC00658
19223,LINC00654
19224,GPCPD1
19225,CHGB
19226,TRMT6
19227,MCM8
19228,MCM8-AS1
19229,CRLS1
19230,LRRN4
19231,FERMT1
19232,CASC20
19233,BMP2
19234,LINC01428
19235,HAO1
19236,TMX4
19237,PLCB1
19238,PLCB4
19239,LAMP5-AS1
19240,LAMP5
19241,ANKEF1
19242,SNAP25-AS1
19243,SNAP25
19244,MKKS
19245,SLX4IP
19246,JAG1
19247,C20orf187
19248,LINC00687
19249,BTBD3
19250,SPTLC3
19251,ISM1
19252,ISM1-AS1
19253,TASP1
19254,ESF1
19255,NDUFAF5
19256,SEL1L2
19257,MACROD2
19258,FLRT3
19259,MACROD2-AS1
19260,KIF16B
19261,AL049794.1
19262,SNRPB2
19263,OTOR
19264,PCSK2
19265,BFSP1
19266,DSTN
19267,RRBP1
19268,BANF2
19269,SNX5
19270,OVOL2
19271,MGME1
19272,PET117
19273,ZNF133
19274,LINC00851
19275,DZANK1
19276,POLR3F
19277,RBBP9
19278,SEC23B
19279,DTD1
19280,LINC00652
19281,SCP2D1
19282,SLC24A3
19283,RIN2
19284,NAA20
19285,CRNKL1
19286,CFAP61
19287,INSM1
19288,RALGAPA2
19289,LINC00237
19290,KIZ
19291,KIZ-AS1
19292,XRN2
19293,NKX2-4
19294,NKX2-2
19295,NKX2-2-AS1
19296,PAX1
19297,LINC01432
19298,LINC01427
19299,LINC00261
19300,FOXA2
19301,LINC01384
19302,SSTR4
19303,THBD
19304,CD93
19305,LINC00656
19306,NXT1
19307,LINC01431
19308,GZF1
19309,NAPB
19310,CSTL1
19311,CST11
19312,CST8
19313,CST9L
19314,CST9
19315,CST3
19316,CST4
19317,CST1
19318,CST2
19319,CST5
19320,GGTLC1
19321,SYNDIG1
19322,CST7
19323,APMAP
19324,ACSS1
19325,VSX1
19326,ENTPD6
19327,PYGB
19328,ABHD12
19329,GINS1
19330,NINL
19331,NANP
19332,ZNF337-AS1
19333,ZNF337
19334,FAM182B
19335,LINC01597
19336,LINC01598
19337,DEFB115
19338,DEFB116
19339,DEFB118
19340,DEFB119
19341,DEFB121
19342,DEFB123
19343,DEFB124
19344,REM1
19345,LINC00028
19346,HM13
19347,HM13-AS1
19348,ID1
19349,COX4I2
19350,BCL2L1
19351,ABALON
19352,TPX2
19353,MYLK2
19354,FOXS1
19355,DUSP15
19356,TTLL9
19357,PDRG1
19358,XKR7
19359,CCM2L
19360,HCK
19361,TM9SF4
19362,PLAGL2
19363,POFUT1
19364,KIF3B
19365,ASXL1
19366,NOL4L
19367,C20orf203
19368,COMMD7
19369,DNMT3B
19370,MAPRE1
19371,EFCAB8
19372,SUN5
19373,BPIFB2
19374,BPIFB6
19375,BPIFB3
19376,BPIFB4
19377,BPIFA2
19378,BPIFA3
19379,BPIFA1
19380,BPIFB1
19381,CDK5RAP1
19382,SNTA1
19383,CBFA2T2
19384,NECAB3
19385,C20orf144
19386,ACTL10
19387,E2F1
19388,PXMP4
19389,ZNF341
19390,ZNF341-AS1
19391,CHMP4B
19392,RALY
19393,EIF2S2
19394,ASIP
19395,AHCY
19396,ITCH
19397,ITCH-AS1
19398,DYNLRB1
19399,MAP1LC3A
19400,PIGU
19401,NCOA6
19402,TP53INP2
19403,GGT7
19404,ACSS2
19405,GSS
19406,MYH7B
19407,TRPC4AP
19408,EDEM2
19409,PROCR
19410,MMP24
19411,EIF6
19412,FAM83C-AS1
19413,FAM83C
19414,UQCC1
19415,GDF5OS
19416,GDF5
19417,CEP250
19418,C20orf173
19419,ERGIC3
19420,SPAG4
19421,CPNE1
19422,RBM12
19423,NFS1
19424,ROMO1
19425,RBM39
19426,PHF20
19427,SCAND1
19428,CNBD2
19429,EPB41L1
19430,AAR2
19431,DLGAP4
19432,DLGAP4-AS1
19433,MYL9
19434,TGIF2
19435,SLA2
19436,NDRG3
19437,DSN1
19438,SOGA1
19439,TLDC2
19440,SAMHD1
19441,RBL1
19442,MROH8
19443,RPN2
19444,GHRH
19445,MANBAL
19446,SRC
19447,BLCAP
19448,NNAT
19449,LINC00489
19450,CTNNBL1
19451,VSTM2L
19452,TTI1
19453,RPRD1B
19454,TGM2
19455,KIAA1755
19456,BPI
19457,LBP
19458,RALGAPB
19459,ADIG
19460,ARHGAP40
19461,SLC32A1
19462,ACTR5
19463,PPP1R16B
19464,FAM83D
19465,DHX35
19466,LINC01370
19467,MAFB
19468,TOP1
19469,PLCG1-AS1
19470,PLCG1
19471,ZHX3
19472,LPIN3
19473,EMILIN3
19474,CHD6
19475,PTPRT
19476,SRSF6
19477,L3MBTL1
19478,SGK2
19479,IFT52
19480,MYBL2
19481,GTSF1L
19482,TOX2
19483,JPH2
19484,OSER1
19485,GDAP1L1
19486,FITM2
19487,R3HDML
19488,HNF4A
19489,HNF4A-AS1
19490,LINC01620
19491,TTPAL
19492,SERINC3
19493,PKIG
19494,ADA
19495,LINC01260
19496,KCNK15-AS1
19497,WISP2
19498,KCNK15
19499,RIMS4
19500,YWHAB
19501,PABPC1L
19502,TOMM34
19503,STK4-AS1
19504,STK4
19505,KCNS1
19506,WFDC5
19507,WFDC12
19508,PI3
19509,SEMG1
19510,SEMG2
19511,SLPI
19512,MATN4
19513,RBPJL
19514,SDC4
19515,SYS1
19516,SYS1-DBNDD2
19517,TP53TG5
19518,DBNDD2
19519,PIGT
19520,WFDC2
19521,SPINT3
19522,WFDC6
19523,EPPIN-WFDC6
19524,EPPIN
19525,WFDC8
19526,WFDC9
19527,WFDC10A
19528,WFDC11
19529,WFDC10B
19530,WFDC13
19531,SPINT4
19532,WFDC3
19533,DNTTIP1
19534,UBE2C
19535,TNNC2
19536,SNX21
19537,ACOT8
19538,ZSWIM3
19539,ZSWIM1
19540,SPATA25
19541,NEURL2
19542,CTSA
19543,PLTP
19544,PCIF1
19545,ZNF335
19546,MMP9
19547,SLC12A5
19548,NCOA5
19549,CD40
19550,CDH22
19551,SLC35C2
19552,ELMO2
19553,ZNF334
19554,OCSTAMP
19555,SLC13A3
19556,TP53RK
19557,SLC2A10
19558,EYA2
19559,ZMYND8
19560,NCOA3
19561,SULF2
19562,LINC01522
19563,LINC01523
19564,LINC00494
19565,PREX1
19566,ARFGEF2
19567,CSE1L-AS1
19568,CSE1L
19569,STAU1
19570,DDX27
19571,ZNFX1
19572,ZFAS1
19573,KCNB1
19574,PTGIS
19575,B4GALT5
19576,SLC9A8
19577,SPATA2
19578,RNF114
19579,SNAI1
19580,TRERNA1
19581,TMEM189-UBE2V1
19582,UBE2V1
19583,TMEM189
19584,LINC01273
19585,CEBPB-AS1
19586,CEBPB
19587,LINC01270
19588,LINC01271
19589,PTPN1
19590,PARD6B
19591,BCAS4
19592,ADNP
19593,ADNP-AS1
19594,DPM1
19595,MOCS3
19596,KCNG1
19597,NFATC2
19598,ATP9A
19599,SALL4
19600,LINC01429
19601,ZFP64
19602,LINC01524
19603,TSHZ2
19604,ZNF217
19605,AC006076.1
19606,BCAS1
19607,CYP24A1
19608,PFDN4
19609,DOK5
19610,LINC01440
19611,LINC01441
19612,CBLN4
19613,MC3R
19614,FAM210B
19615,AURKA
19616,CSTF1
19617,CASS4
19618,GCNT7
19619,FAM209A
19620,FAM209B
19621,TFAP2C
19622,BMP7
19623,BMP7-AS1
19624,SPO11
19625,RAE1
19626,MTRNR2L3
19627,RBM38
19628,CTCFL
19629,PCK1
19630,ZBP1
19631,PMEPA1
19632,NKILA
19633,C20orf85
19634,ANKRD60
19635,RAB22A
19636,VAPB
19637,APCDD1L
19638,STX16
19639,STX16-NPEPL1
19640,NPEPL1
19641,GNAS-AS1
19642,GNAS
19643,NELFCD
19644,CTSZ
19645,TUBB1
19646,PRELID3B
19647,ZNF831
19648,EDN3
19649,PHACTR3
19650,SYCP2
19651,FAM217B
19652,PPP1R3D
19653,CDH26
19654,C20orf197
19655,MIR646HG
19656,CDH4
19657,TAF4
19658,LSM14B
19659,PSMA7
19660,SS18L1
19661,MTG2
19662,HRH3
19663,OSBPL2
19664,ADRM1
19665,LAMA5
19666,LAMA5-AS1
19667,RPS21
19668,CABLES2
19669,RBBP8NL
19670,GATA5
19671,MIR1-1HG
19672,SLCO4A1
19673,SLCO4A1-AS1
19674,LINC00686
19675,NTSR1
19676,LINC00659
19677,MRGBP
19678,OGFR-AS1
19679,OGFR
19680,COL9A3
19681,TCFL5
19682,DIDO1
19683,GID8
19684,SLC17A9
19685,BHLHE23
19686,LINC00029
19687,LINC01056
19688,HAR1B
19689,HAR1A
19690,YTHDF1
19691,BIRC7
19692,NKAIN4
19693,ARFGAP1
19694,COL20A1
19695,CHRNA4
19696,KCNQ2
19697,EEF1A2
19698,PPDPF
19699,PTK6
19700,SRMS
19701,HELZ2
19702,GMEB2
19703,STMN3
19704,RTEL1
19705,RTEL1-TNFRSF6B
19706,TNFRSF6B
19707,ARFRP1
19708,ZGPAT
19709,LIME1
19710,SLC2A4RG
19711,ZBTB46
19712,ZBTB46-AS1
19713,ABHD16B
19714,TPD52L2
19715,DNAJC5
19716,UCKL1
19717,UCKL1-AS1
19718,ZNF512B
19719,SAMD10
19720,PRPF6
19721,SOX18
19722,TCEA2
19723,RGS19
19724,OPRL1
19725,LKAAEAR1
19726,NPBWR2
19727,MYT1
19728,PCMTD2
19729,LINC00266-1
19730,FAM138F
19731,OR4F17
19732,AC092192.1
19733,PLPP2
19734,MIER2
19735,THEG
19736,AC010641.1
19737,C2CD4C
19738,SHC2
19739,ODF3L2
19740,MADCAM1
19741,TPGS1
19742,CDC34
19743,GZMM
19744,BSG
19745,HCN2
19746,POLRMT
19747,FGF22
19748,RNF126
19749,FSTL3
19750,PRSS57
19751,PALM
19752,MISP
19753,PTBP1
19754,PLPPR3
19755,AZU1
19756,PRTN3
19757,ELANE
19758,CFD
19759,MED16
19760,R3HDM4
19761,KISS1R
19762,ARID3A
19763,WDR18
19764,GRIN3B
19765,TMEM259
19766,CNN2
19767,ABCA7
19768,POLR2E
19769,GPX4
19770,SBNO2
19771,STK11
19772,CBARP
19773,MIDN
19774,CIRBP
19775,CIRBP-AS1
19776,C19orf24
19777,MUM1
19778,EFNA2
19779,NDUFS7
19780,GAMT
19781,DAZAP1
19782,RPS15
19783,APC2
19784,C19orf25
19785,PCSK4
19786,REEP6
19787,ADAMTSL5
19788,PLK5
19789,MEX3D
19790,MBD3
19791,UQCR11
19792,TCF3
19793,AC005256.1
19794,ONECUT3
19795,ATP8B3
19796,REXO1
19797,KLF16
19798,ABHD17A
19799,SCAMP4
19800,ADAT3
19801,CSNK1G2
19802,CSNK1G2-AS1
19803,BTBD2
19804,MKNK2
19805,MOB3A
19806,IZUMO4
19807,AP3D1
19808,DOT1L
19809,AC004490.1
19810,PLEKHJ1
19811,SF3A2
19812,AMH
19813,JSRP1
19814,OAZ1
19815,LINGO3
19816,LSM7
19817,SPPL2B
19818,TMPRSS9
19819,TIMM13
19820,LMNB2
19821,GADD45B
19822,GNG7
19823,DIRAS1
19824,SLC39A3
19825,SGTA
19826,THOP1
19827,ZNF554
19828,ZNF555
19829,ZNF556
19830,ZNF57
19831,ZNF77
19832,TLE6
19833,TLE2
19834,AES
19835,GNA11
19836,AC005262.2
19837,GNA15
19838,S1PR4
19839,NCLN
19840,CELF5
19841,AC010649.1
19842,NFIC
19843,SMIM24
19844,DOHH
19845,FZR1
19846,MFSD12
19847,C19orf71
19848,HMG20B
19849,GIPC3
19850,TBXA2R
19851,CACTIN-AS1
19852,CACTIN
19853,PIP5K1C
19854,AC004637.1
19855,TJP3
19856,APBA3
19857,MRPL54
19858,RAX2
19859,MATK
19860,ZFR2
19861,ATCAY
19862,NMRK2
19863,DAPK3
19864,EEF2
19865,PIAS4
19866,ZBTB7A
19867,MAP2K2
19868,CREB3L3
19869,SIRT6
19870,ANKRD24
19871,EBI3
19872,SHD
19873,TMIGD2
19874,FSD1
19875,STAP2
19876,MPND
19877,AC007292.3
19878,SH3GL1
19879,CHAF1A
19880,UBXN6
19881,PLIN4
19882,PLIN5
19883,LRG1
19884,SEMA6B
19885,TNFAIP8L1
19886,MYDGF
19887,DPP9
19888,DPP9-AS1
19889,MIR7-3HG
19890,FEM1A
19891,AC005523.2
19892,TICAM1
19893,PLIN3
19894,ARRDC5
19895,UHRF1
19896,KDM4B
19897,PTPRS
19898,ZNRF4
19899,TINCR
19900,SAFB2
19901,SAFB
19902,RPL36
19903,C19orf70
19904,HSD11B1L
19905,LONP1
19906,CATSPERD
19907,PRR22
19908,DUS3L
19909,NRTN
19910,FUT6
19911,FUT3
19912,FUT5
19913,NDUFA11
19914,AC104532.2
19915,VMAC
19916,CAPS
19917,RANBP3
19918,RFX2
19919,ACSBG2
19920,MLLT1
19921,ACER1
19922,CLPP
19923,ALKBH7
19924,PSPN
19925,GTF2F1
19926,KHSRP
19927,SLC25A41
19928,SLC25A23
19929,CRB3
19930,DENND1C
19931,TUBB4A
19932,TNFSF9
19933,CD70
19934,TNFSF14
19935,C3
19936,GPR108
19937,TRIP10
19938,SH2D3A
19939,VAV1
19940,ADGRE1
19941,MBD3L5
19942,MBD3L4
19943,MBD3L2
19944,MBD3L3
19945,ZNF557
19946,INSR
19947,ARHGEF18
19948,PEX11G
19949,ZNF358
19950,MCOLN1
19951,PNPLA6
19952,CAMSAP3
19953,XAB2
19954,PET100
19955,PCP2
19956,STXBP2
19957,RETN
19958,MCEMP1
19959,TRAPPC5
19960,FCER2
19961,CLEC4G
19962,CD209
19963,CLEC4M
19964,EVI5L
19965,PRR36
19966,LRRC8E
19967,MAP2K7
19968,TGFBR3L
19969,SNAPC2
19970,CTXN1
19971,TIMM44
19972,ELAVL1
19973,CCL25
19974,FBN3
19975,CERS4
19976,CD320
19977,NDUFA7
19978,RPS28
19979,KANK3
19980,ANGPTL4
19981,RAB11B-AS1
19982,RAB11B
19983,MARCH2
19984,HNRNPM
19985,PRAM1
19986,ZNF414
19987,MYO1F
19988,AC092316.1
19989,ADAMTS10
19990,ACTL9
19991,OR2Z1
19992,ZNF558
19993,MBD3L1
19994,MUC16
19995,OR1M1
19996,OR7G2
19997,OR7G1
19998,OR7G3
19999,ZNF317
20000,OR7D2
20001,OR7D4
20002,OR7E24
20003,ZNF699
20004,ZNF559
20005,ZNF559-ZNF177
20006,ZNF177
20007,ZNF266
20008,ZNF560
20009,ZNF426
20010,ZNF121
20011,ZNF561
20012,ZNF562
20013,ZNF846
20014,FBXL12
20015,UBL5
20016,PIN1
20017,OLFM2
20018,COL5A3
20019,RDH8
20020,C19orf66
20021,ANGPTL6
20022,PPAN-P2RY11
20023,PPAN
20024,P2RY11
20025,EIF3G
20026,DNMT1
20027,S1PR2
20028,MRPL4
20029,ICAM1
20030,ICAM4
20031,ICAM5
20032,ZGLP1
20033,RAVER1
20034,ICAM3
20035,TYK2
20036,CDC37
20037,PDE4A
20038,KEAP1
20039,S1PR5
20040,ATG4D
20041,KRI1
20042,CDKN2D
20043,AP1M2
20044,SLC44A2
20045,ILF3
20046,QTRT1
20047,DNM2
20048,TMED1
20049,C19orf38
20050,CARM1
20051,YIPF2
20052,SMARCA4
20053,LDLR
20054,SPC24
20055,KANK2
20056,DOCK6
20057,ANGPTL8
20058,TSPAN16
20059,RAB3D
20060,TMEM205
20061,CCDC159
20062,PLPPR2
20063,SWSAP1
20064,EPOR
20065,RGL3
20066,CCDC151
20067,PRKCSH
20068,ELAVL3
20069,ZNF653
20070,ECSIT
20071,CNN1
20072,ELOF1
20073,ZNF627
20074,ACP5
20075,ZNF823
20076,ZNF441
20077,ZNF491
20078,ZNF440
20079,ZNF439
20080,ZNF69
20081,ZNF700
20082,ZNF763
20083,ZNF433
20084,ZNF878
20085,ZNF844
20086,ZNF20
20087,ZNF625-ZNF20
20088,ZNF625
20089,ZNF136
20090,ZNF44
20091,ZNF563
20092,ZNF442
20093,ZNF799
20094,ZNF443
20095,ZNF709
20096,ZNF564
20097,ZNF490
20098,ZNF791
20099,MAN2B1
20100,WDR83
20101,WDR83OS
20102,DHPS
20103,FBXW9
20104,TNPO2
20105,ASNA1
20106,BEST2
20107,HOOK2
20108,JUNB
20109,PRDX2
20110,RNASEH2A
20111,RTBDN
20112,MAST1
20113,DNASE2
20114,KLF1
20115,GCDH
20116,SYCE2
20117,FARSA
20118,FARSA-AS1
20119,CALR
20120,RAD23A
20121,GADD45GIP1
20122,DAND5
20123,NFIX
20124,LYL1
20125,TRMT1
20126,NACC1
20127,STX10
20128,IER2
20129,CACNA1A
20130,CCDC130
20131,MRI1
20132,C19orf53
20133,AC008686.1
20134,ZSWIM4
20135,NANOS3
20136,C19orf57
20137,CC2D1A
20138,PODNL1
20139,DCAF15
20140,RFX1
20141,RLN3
20142,IL27RA
20143,PALM3
20144,C19orf67
20145,SAMD1
20146,PRKACA
20147,ASF1B
20148,ADGRL1
20149,ADGRE5
20150,DDX39A
20151,PKN1
20152,PTGER1
20153,GIPC1
20154,DNAJB1
20155,TECR
20156,NDUFB7
20157,CLEC17A
20158,ADGRE3
20159,ZNF333
20160,ADGRE2
20161,OR7A5
20162,OR7C1
20163,OR7A10
20164,OR7A17
20165,OR7C2
20166,SLC1A6
20167,CCDC105
20168,CASP14
20169,OR1I1
20170,SYDE1
20171,ILVBL
20172,AC003956.1
20173,NOTCH3
20174,AC004257.1
20175,EPHX3
20176,BRD4
20177,AKAP8
20178,AKAP8L
20179,WIZ
20180,RASAL3
20181,PGLYRP2
20182,CYP4F22
20183,CYP4F8
20184,CYP4F3
20185,CYP4F12
20186,OR10H2
20187,OR10H3
20188,OR10H5
20189,OR10H1
20190,CYP4F2
20191,CYP4F11
20192,OR10H4
20193,TPM4
20194,RAB8A
20195,HSH2D
20196,CIB3
20197,FAM32A
20198,AP1M1
20199,KLF2
20200,EPS15L1
20201,CALR3
20202,C19orf44
20203,CHERP
20204,SLC35E1
20205,MED26
20206,SMIM7
20207,TMEM38A
20208,NWD1
20209,SIN3B
20210,F2RL3
20211,CPAMD8
20212,HAUS8
20213,MYO9B
20214,USE1
20215,OCEL1
20216,NR2F6
20217,USHBP1
20218,BABAM1
20219,ANKLE1
20220,ABHD8
20221,MRPL34
20222,DDA1
20223,ANO8
20224,GTPBP3
20225,PLVAP
20226,BST2
20227,BISPR
20228,MVB12A
20229,TMEM221
20230,NXNL1
20231,SLC27A1
20232,PGLS
20233,FAM129C
20234,COLGALT1
20235,UNC13A
20236,MAP1S
20237,FCHO1
20238,B3GNT3
20239,INSL3
20240,JAK3
20241,RPL18A
20242,SLC5A5
20243,CCDC124
20244,KCNN1
20245,ARRDC2
20246,IL12RB1
20247,MAST3
20248,PIK3R2
20249,IFI30
20250,MPV17L2
20251,RAB3A
20252,PDE4C
20253,JUND
20254,LSM4
20255,PGPEP1
20256,GDF15
20257,LRRC25
20258,SSBP4
20259,ISYNA1
20260,ELL
20261,FKBP8
20262,AC005387.2
20263,KXD1
20264,AC005253.2
20265,UBA52
20266,CRLF1
20267,TMEM59L
20268,KLHL26
20269,CRTC1
20270,COMP
20271,UPF1
20272,CERS1
20273,GDF1
20274,COPE
20275,DDX49
20276,HOMER3
20277,SUGP2
20278,ARMC6
20279,SLC25A42
20280,TMEM161A
20281,BORCS8-MEF2B
20282,MEF2B
20283,BORCS8
20284,RFXANK
20285,NR2C2AP
20286,NCAN
20287,HAPLN4
20288,TM6SF2
20289,SUGP1
20290,MAU2
20291,GATAD2A
20292,TSSK6
20293,NDUFA13
20294,YJEFN3
20295,CILP2
20296,PBX4
20297,AC002306.1
20298,LPAR2
20299,GMIP
20300,ATP13A1
20301,ZNF101
20302,ZNF14
20303,ZNF506
20304,ZNF253
20305,ZNF93
20306,ZNF682
20307,ZNF90
20308,ZNF486
20309,ZNF737
20310,ZNF626
20311,ZNF66
20312,ZNF85
20313,ZNF430
20314,ZNF714
20315,ZNF431
20316,ZNF708
20317,ZNF738
20318,ZNF493
20319,LINC00664
20320,ZNF429
20321,ZNF100
20322,ZNF43
20323,ZNF208
20324,ZNF257
20325,ZNF676
20326,ZNF729
20327,ZNF98
20328,AC011516.1
20329,LINC01233
20330,ZNF492
20331,ZNF99
20332,ZNF728
20333,ZNF730
20334,ZNF91
20335,LINC01224
20336,ZNF675
20337,ZNF681
20338,ZNF726
20339,ZNF254
20340,ERVK-28
20341,LINC00662
20342,AC093074.1
20343,AC005307.1
20344,AC005616.1
20345,AC005394.1
20346,AC079466.1
20347,AC007795.1
20348,AC011524.1
20349,AC008991.1
20350,AC011524.2
20351,LINC00906
20352,LINC01532
20353,UQCRFS1
20354,VSTM2B
20355,POP4
20356,PLEKHF1
20357,C19orf12
20358,CCNE1
20359,URI1
20360,AC005597.1
20361,ZNF536
20362,TSHZ3
20363,AC008992.1
20364,AC011525.2
20365,LINC01533
20366,AC011518.1
20367,ZNF507
20368,DPY19L3
20369,PDCD5
20370,ANKRD27
20371,RGS9BP
20372,NUDT19
20373,TDRD12
20374,SLC7A9
20375,CEP89
20376,FAAP24
20377,RHPN2
20378,GPATCH1
20379,WDR88
20380,LRP3
20381,SLC7A10
20382,CEBPA
20383,CEBPG
20384,PEPD
20385,CHST8
20386,KCTD15
20387,LSM14A
20388,KIAA0355
20389,GPI
20390,PDCD2L
20391,UBA2
20392,WTIP
20393,SCGB1B2P
20394,SCGB2B2
20395,ZNF302
20396,ZNF181
20397,ZNF599
20398,LINC00904
20399,ZNF30-AS1
20400,ZNF30
20401,ZNF792
20402,GRAMD1A
20403,SCN1B
20404,HPN
20405,HPN-AS1
20406,FXYD3
20407,LGI4
20408,FXYD1
20409,FXYD7
20410,FXYD5
20411,FAM187B
20412,LSR
20413,USF2
20414,HAMP
20415,MAG
20416,CD22
20417,FFAR1
20418,FFAR3
20419,GPR42
20420,LINC01531
20421,AC002511.2
20422,FFAR2
20423,KRTDAP
20424,DMKN
20425,SBSN
20426,GAPDHS
20427,TMEM147-AS1
20428,TMEM147
20429,ATP4A
20430,HAUS5
20431,RBM42
20432,ETV2
20433,COX6B1
20434,UPK1A
20435,UPK1A-AS1
20436,ZBTB32
20437,KMT2B
20438,IGFLR1
20439,U2AF1L4
20440,PSENEN
20441,LIN37
20442,HSPB6
20443,PROSER3
20444,ARHGAP33
20445,PRODH2
20446,NPHS1
20447,KIRREL2
20448,APLP1
20449,NFKBID
20450,HCST
20451,TYROBP
20452,LRFN3
20453,AF038458.3
20454,SDHAF1
20455,SYNE4
20456,ALKBH6
20457,CLIP3
20458,THAP8
20459,WDR62
20460,OVOL3
20461,POLR2I
20462,TBCB
20463,CAPNS1
20464,COX7A1
20465,ZNF565
20466,ZNF146
20467,LINC00665
20468,ZFP14
20469,ZFP82
20470,ZNF566
20471,ZNF260
20472,ZNF529
20473,ZNF529-AS1
20474,ZNF382
20475,ZNF461
20476,LINC01534
20477,ZNF567
20478,ZNF850
20479,ZNF790
20480,ZNF345
20481,ZNF829
20482,ZNF568
20483,ZNF420
20484,ZNF585A
20485,ZNF585B
20486,ZNF383
20487,LINC01535
20488,HKR1
20489,ZNF527
20490,ZNF569
20491,ZNF570
20492,ZNF793-AS1
20493,ZNF793
20494,ZNF571-AS1
20495,ZNF540
20496,ZNF571
20497,ZFP30
20498,ZNF781
20499,ZNF607
20500,ZNF573
20501,WDR87
20502,SIPA1L3
20503,DPF1
20504,SPINT2
20505,PPP1R14A
20506,C19orf33
20507,YIF1B
20508,KCNK6
20509,CATSPERG
20510,AC005625.1
20511,PSMD8
20512,GGN
20513,SPRED3
20514,FAM98C
20515,RASGRP4
20516,RYR1
20517,AC067969.1
20518,AC067969.2
20519,MAP4K1
20520,EIF3K
20521,ACTN4
20522,CAPN12
20523,LGALS7
20524,LGALS7B
20525,LGALS4
20526,ECH1
20527,HNRNPL
20528,RINL
20529,SIRT2
20530,NFKBIB
20531,CCER2
20532,SARS2
20533,MRPS12
20534,FBXO17
20535,FBXO27
20536,ACP7
20537,PAK4
20538,NCCRP1
20539,SYCN
20540,IFNL3
20541,IFNL2
20542,IFNL1
20543,LRFN1
20544,GMFG
20545,SAMD4B
20546,PAF1
20547,MED29
20548,ZFP36
20549,PLEKHG2
20550,RPS16
20551,SUPT5H
20552,TIMM50
20553,DLL3
20554,EID2B
20555,EID2
20556,LGALS13
20557,LGALS16
20558,LGALS14
20559,CLC
20560,LEUTX
20561,DYRK1B
20562,FBL
20563,FCGBP
20564,PSMC4
20565,ZNF546
20566,ZNF780B
20567,ZNF780A
20568,MAP3K10
20569,TTC9B
20570,CNTD2
20571,AKT2
20572,C19orf47
20573,PLD3
20574,HIPK4
20575,PRX
20576,SERTAD1
20577,SERTAD3
20578,BLVRB
20579,SPTBN4
20580,SHKBP1
20581,LTBP4
20582,NUMBL
20583,ITPKC
20584,C19orf54
20585,SNRPA
20586,MIA
20587,MIA-RAB4B
20588,RAB4B
20589,RAB4B-EGLN2
20590,EGLN2
20591,CYP2A6
20592,CYP2A7
20593,CYP2B6
20594,CYP2A13
20595,CYP2F1
20596,CYP2S1
20597,AXL
20598,HNRNPUL1
20599,TGFB1
20600,CCDC97
20601,TMEM91
20602,B9D2
20603,EXOSC5
20604,BCKDHA
20605,B3GNT8
20606,ERICH4
20607,PCAT19
20608,LINC01480
20609,CEACAM21
20610,CEACAM4
20611,CEACAM7
20612,CEACAM5
20613,CEACAM6
20614,CEACAM3
20615,LYPD4
20616,DMRTC2
20617,RPS19
20618,CD79A
20619,ARHGEF1
20620,RABAC1
20621,ATP1A3
20622,GRIK5
20623,ZNF574
20624,POU2F2
20625,DEDD2
20626,ZNF526
20627,GSK3A
20628,ERF
20629,CIC
20630,PAFAH1B3
20631,PRR19
20632,TMEM145
20633,MEGF8
20634,CNFN
20635,LIPE-AS1
20636,LIPE
20637,CXCL17
20638,CEACAM1
20639,CEACAM8
20640,PSG3
20641,PSG8
20642,PSG1
20643,PSG6
20644,PSG7
20645,PSG11
20646,PSG2
20647,PSG5
20648,PSG4
20649,PSG9
20650,CD177
20651,TEX101
20652,LYPD3
20653,PHLDB3
20654,ETHE1
20655,ZNF575
20656,XRCC1
20657,L34079.3
20658,L34079.2
20659,PINLYP
20660,IRGQ
20661,ZNF576
20662,SRRM5
20663,ZNF428
20664,CADM4
20665,PLAUR
20666,IRGC
20667,SMG9
20668,KCNN4
20669,LYPD5
20670,ZNF283
20671,ZNF404
20672,ZNF45
20673,ZNF221
20674,ZNF155
20675,ZNF230
20676,ZNF222
20677,ZNF223
20678,ZNF284
20679,ZNF224
20680,ZNF225
20681,ZNF234
20682,ZNF226
20683,ZNF227
20684,ZNF235
20685,ZNF233
20686,ZNF112
20687,ZNF285
20688,ZNF229
20689,ZNF180
20690,CEACAM20
20691,IGSF23
20692,PVR
20693,CEACAM19
20694,CEACAM16
20695,BCL3
20696,CBLC
20697,BCAM
20698,TOMM40
20699,APOE
20700,APOC1
20701,APOC4-APOC2
20702,APOC4
20703,APOC2
20704,CLPTM1
20705,RELB
20706,CLASRP
20707,ZNF296
20708,GEMIN7
20709,MARK4
20710,PPP1R37
20711,NKPD1
20712,TRAPPC6A
20713,BLOC1S3
20714,AC005779.2
20715,EXOC3L2
20716,CKM
20717,KLC3
20718,ERCC2
20719,PPP1R13L
20720,CD3EAP
20721,ERCC1
20722,FOSB
20723,RTN2
20724,PPM1N
20725,VASP
20726,OPA3
20727,GPR4
20728,EML2
20729,GIPR
20730,SNRPD2
20731,QPCTL
20732,FBXO46
20733,BHMG1
20734,SIX5
20735,DMPK
20736,DMWD
20737,RSPH6A
20738,SYMPK
20739,FOXA3
20740,IRF2BP1
20741,MYPOP
20742,NANOS2
20743,NOVA2
20744,CCDC61
20745,PGLYRP1
20746,IGFL4
20747,IGFL3
20748,IGFL2
20749,IGFL1
20750,HIF3A
20751,PPP5C
20752,CCDC8
20753,PPP5D1
20754,CALM3
20755,PTGIR
20756,GNG8
20757,DACT3
20758,DACT3-AS1
20759,PRKD2
20760,STRN4
20761,FKRP
20762,SLC1A5
20763,AP2S1
20764,ARHGAP35
20765,NPAS1
20766,TMEM160
20767,ZC3H4
20768,SAE1
20769,BBC3
20770,CCDC9
20771,INAFM1
20772,C5AR1
20773,C5AR2
20774,DHX34
20775,MEIS3
20776,SLC8A2
20777,KPTN
20778,NAPA-AS1
20779,NAPA
20780,ZNF541
20781,EHD2
20782,TPRX1
20783,CRX
20784,LINC01595
20785,SULT2A1
20786,BSPH1
20787,ELSPBP1
20788,CABP5
20789,PLA2G4C
20790,PLA2G4C-AS1
20791,LIG1
20792,ZNF114
20793,CARD8
20794,CARD8-AS1
20795,CCDC114
20796,EMP3
20797,TMEM143
20798,SYNGR4
20799,KDELR1
20800,GRIN2D
20801,GRWD1
20802,KCNJ14
20803,CYTH2
20804,LMTK3
20805,SULT2B1
20806,FAM83E
20807,SPACA4
20808,RPL18
20809,SPHK2
20810,DBP
20811,CA11
20812,NTN5
20813,FUT2
20814,MAMSTR
20815,RASIP1
20816,IZUMO1
20817,FUT1
20818,FGF21
20819,BCAT2
20820,HSD17B14
20821,PLEKHA4
20822,PPP1R15A
20823,TULP2
20824,NUCB1
20825,NUCB1-AS1
20826,DHDH
20827,BAX
20828,FTL
20829,GYS1
20830,RUVBL2
20831,LHB
20832,CGB2
20833,CGB1
20834,CGB5
20835,CGB8
20836,CGB7
20837,NTF4
20838,KCNA7
20839,SNRNP70
20840,LIN7B
20841,C19orf73
20842,PPFIA3
20843,HRC
20844,TRPM4
20845,SLC6A16
20846,CD37
20847,TEAD2
20848,DKKL1
20849,CCDC155
20850,PTH2
20851,GFY
20852,SLC17A7
20853,PIH1D1
20854,ALDH16A1
20855,FLT3LG
20856,RPL13A
20857,RPS11
20858,FCGRT
20859,RCN3
20860,NOSIP
20861,PRRG2
20862,PRR12
20863,RRAS
20864,SCAF1
20865,IRF3
20866,BCL2L12
20867,PRMT1
20868,ADM5
20869,CPT1C
20870,TSKS
20871,AP2A1
20872,FUZ
20873,MED25
20874,PTOV1-AS1
20875,PTOV1
20876,PTOV1-AS2
20877,PNKP
20878,AKT1S1
20879,TBC1D17
20880,IL4I1
20881,NUP62
20882,ATF5
20883,SIGLEC11
20884,VRK3
20885,ZNF473
20886,IZUMO2
20887,MYH14
20888,KCNC3
20889,NR1H2
20890,NAPSA
20891,POLD1
20892,SPIB
20893,MYBPC2
20894,FAM71E1
20895,EMC10
20896,JOSD2
20897,ASPDH
20898,LRRC4B
20899,SYT3
20900,C19orf81
20901,SHANK1
20902,CLEC11A
20903,GPR32
20904,C19orf48
20905,KLK1
20906,KLK15
20907,KLK3
20908,KLK2
20909,KLK4
20910,KLK5
20911,KLK6
20912,KLK7
20913,KLK8
20914,KLK9
20915,KLK10
20916,KLK11
20917,KLK12
20918,KLK13
20919,KLK14
20920,CTU1
20921,SIGLEC9
20922,SIGLEC7
20923,CD33
20924,SIGLECL1
20925,IGLON5
20926,VSIG10L
20927,ETFB
20928,CLDND2
20929,NKG7
20930,LIM2
20931,C19orf84
20932,SIGLEC10
20933,SIGLEC8
20934,CEACAM18
20935,SIGLEC12
20936,SIGLEC6
20937,ZNF175
20938,SIGLEC5
20939,SIGLEC14
20940,SPACA6P-AS
20941,HAS1
20942,FPR1
20943,FPR2
20944,FPR3
20945,AC006272.1
20946,ZNF577
20947,ZNF613
20948,ZNF649-AS1
20949,ZNF649
20950,ZNF350-AS1
20951,ZNF350
20952,ZNF615
20953,ZNF614
20954,ZNF432
20955,ZNF841
20956,ZNF616
20957,ZNF836
20958,PPP2R1A
20959,ZNF766
20960,ZNF480
20961,ZNF610
20962,ZNF880
20963,ZNF528
20964,ZNF534
20965,ZNF578
20966,ZNF808
20967,ZNF701
20968,ZNF83
20969,ZNF611
20970,ZNF600
20971,ZNF28
20972,ZNF468
20973,ZNF320
20974,ZNF888
20975,ZNF816-ZNF321P
20976,ZNF816
20977,ERVV-1
20978,ERVV-2
20979,ZNF160
20980,ZNF415
20981,ZNF347
20982,ZNF665
20983,ZNF677
20984,VN1R2
20985,VN1R4
20986,BIRC8
20987,ZNF525
20988,ZNF845
20989,ZNF765
20990,ZNF761
20991,ZNF813
20992,ZNF331
20993,DPRX
20994,NLRP12
20995,MYADM
20996,PRKCG
20997,CACNG7
20998,CACNG8
20999,CACNG6
21000,VSTM1
21001,TARM1
21002,OSCAR
21003,NDUFA3
21004,TFPT
21005,PRPF31
21006,CNOT3
21007,LENG1
21008,TMC4
21009,MBOAT7
21010,TSEN34
21011,RPS9
21012,LILRB3
21013,LILRA6
21014,LILRB2
21015,LILRB5
21016,LILRA5
21017,LILRA4
21018,LAIR1
21019,TTYH1
21020,LENG8-AS1
21021,LENG8
21022,LENG9
21023,CDC42EP5
21024,LAIR2
21025,KIR3DX1
21026,LILRA2
21027,LILRA1
21028,LILRB1
21029,LILRB4
21030,KIR3DL3
21031,KIR2DL3
21032,KIR2DL1
21033,KIR2DL4
21034,KIR3DL1
21035,KIR3DL2
21036,FCAR
21037,NCR1
21038,NLRP7
21039,NLRP2
21040,GP6
21041,RDH13
21042,EPS8L1
21043,PPP1R12C
21044,TNNT1
21045,TNNI3
21046,DNAAF3
21047,SYT5
21048,PTPRH
21049,TMEM86B
21050,PPP6R1
21051,HSPBP1
21052,BRSK1
21053,TMEM150B
21054,KMT5C
21055,COX6B2
21056,FAM71E2
21057,IL11
21058,TMEM190
21059,TMEM238
21060,RPL28
21061,UBE2S
21062,SHISA7
21063,ISOC2
21064,ZNF628
21065,NAT14
21066,SSC5D
21067,SBK2
21068,SBK3
21069,ZNF579
21070,FIZ1
21071,ZNF524
21072,ZNF865
21073,ZNF784
21074,ZNF580
21075,ZNF581
21076,CCDC106
21077,U2AF2
21078,EPN1
21079,NLRP9
21080,RFPL4A
21081,RFPL4AL1
21082,NLRP11
21083,NLRP4
21084,NLRP13
21085,NLRP8
21086,NLRP5
21087,ZNF787
21088,ZNF444
21089,GALP
21090,ZSCAN5B
21091,ZSCAN5A
21092,ZNF582
21093,ZNF582-AS1
21094,ZNF583
21095,ZNF667
21096,ZNF667-AS1
21097,ZNF471
21098,AC005498.3
21099,ZFP28
21100,ZNF470
21101,ZNF71
21102,SMIM17
21103,ZNF835
21104,ZIM2-AS1
21105,ZIM2
21106,PEG3
21107,MIMT1
21108,USP29
21109,ZIM3
21110,DUXA
21111,ZNF264
21112,AURKC
21113,ZNF805
21114,ZNF460
21115,ZNF543
21116,ZNF304
21117,ZNF547
21118,ZNF548
21119,ZNF17
21120,ZNF749
21121,VN1R1
21122,ZNF772
21123,AC003005.2
21124,ZNF419
21125,ZNF773
21126,ZNF549
21127,ZNF550
21128,ZNF416
21129,ZIK1
21130,ZNF530
21131,ZNF134
21132,ZNF211
21133,ZSCAN4
21134,ZNF551
21135,ZNF154
21136,ZNF671
21137,ZNF776
21138,ZNF586
21139,ZNF552
21140,ZNF587B
21141,ZNF814
21142,ZNF587
21143,ZNF417
21144,ZNF418
21145,ZNF256
21146,C19orf18
21147,ZNF606
21148,ZSCAN1
21149,ZNF135
21150,ZSCAN18
21151,ZNF329
21152,ZNF274
21153,ZNF544
21154,ZNF8
21155,ERVK3-1
21156,ZSCAN22
21157,A1BG
21158,A1BG-AS1
21159,ZNF497
21160,ZNF837
21161,RPS5
21162,RNF225
21163,ZNF584
21164,ZNF132
21165,ZNF324B
21166,ZNF324
21167,ZNF446
21168,SLC27A5
21169,ZBTB45
21170,TRIM28
21171,CHMP2A
21172,UBE2M
21173,MZF1-AS1
21174,MZF1
21175,SRY
21176,RPS4Y1
21177,ZFY
21178,ZFY-AS1
21179,LINC00278
21180,TGIF2LY
21181,PCDH11Y
21182,TSPY2
21183,LINC00280
21184,TTTY1B
21185,TTTY2B
21186,TTTY21B
21187,TTTY7
21188,TTTY8B
21189,AMELY
21190,TBL1Y
21191,TTTY16
21192,TTTY12
21193,LINC00279
21194,TTTY18
21195,TTTY19
21196,TTTY11
21197,TTTY20
21198,TSPY4
21199,TSPY8
21200,TSPY3
21201,TSPY1
21202,TSPY10
21203,TTTY8
21204,TTTY7B
21205,TTTY21
21206,TTTY2
21207,TTTY1
21208,TTTY22
21209,TTTY23
21210,TTTY15
21211,USP9Y
21212,DDX3Y
21213,UTY
21214,TMSB4Y
21215,VCY
21216,VCY1B
21217,AC010723.1
21218,NLGN4Y
21219,NLGN4Y-AS1
21220,FAM41AY1
21221,FAM224B
21222,CDY2B
21223,CDY2A
21224,FAM224A
21225,FAM41AY2
21226,AC022486.1
21227,HSFY1
21228,TTTY9B
21229,HSFY2
21230,TTTY14
21231,KDM5D
21232,TTTY10
21233,EIF1AY
21234,RPS4Y2
21235,PRORY
21236,RBMY1B
21237,RBMY1A1
21238,TTTY13
21239,RBMY1E
21240,RBMY1D
21241,PRY2
21242,TTTY6B
21243,RBMY1F
21244,TTTY5
21245,RBMY1J
21246,AC008175.1
21247,TTTY6
21248,PRY
21249,TTTY17A
21250,TTTY4
21251,BPY2
21252,DAZ1
21253,DAZ2
21254,TTTY3B
21255,CDY1B
21256,TTTY17B
21257,TTTY4B
21258,BPY2B
21259,DAZ3
21260,DAZ4
21261,BPY2C
21262,TTTY4C
21263,TTTY17C
21264,LINC00266-4P
21265,CDY1
21266,TTTY3
21267,CU104787.1
21268,OR11H1
21269,POTEH
21270,POTEH-AS1
21271,CCT8L2
21272,XKR3
21273,IGKV1OR22-5
21274,IGKV2OR22-4
21275,IGKV2OR22-3
21276,IGKV3OR22-2
21277,IGKV1OR22-1
21278,GAB4
21279,IL17RA
21280,CECR3
21281,CECR2
21282,SLC25A18
21283,ATP6V1E1
21284,BCL2L13
21285,BID
21286,LINC00528
21287,MICAL3
21288,PEX26
21289,TUBA8
21290,USP18
21291,FAM230A
21292,GGTLC3
21293,TMEM191B
21294,RIMBP3
21295,DGCR6
21296,PRODH
21297,DGCR9
21298,DGCR2
21299,TSSK2
21300,GSC2
21301,LINC01311
21302,SLC25A1
21303,CLTCL1
21304,HIRA
21305,C22orf39
21306,MRPL40
21307,CDC45
21308,CLDN5
21309,LINC00895
21310,AC000067.1
21311,SEPT5
21312,GP1BB
21313,TBX1
21314,GNB1L
21315,TXNRD2
21316,COMT
21317,ARVCF
21318,TANGO2
21319,DGCR8
21320,TRMT2A
21321,RANBP1
21322,ZDHHC8
21323,CCDC188
21324,LINC00896
21325,RTN4R
21326,DGCR6L
21327,AC007731.1
21328,USP41
21329,ZNF74
21330,SCARF2
21331,KLHL22
21332,MED15
21333,PI4KA
21334,SERPIND1
21335,SNAP29
21336,CRKL
21337,AIFM3
21338,LZTR1
21339,THAP7
21340,THAP7-AS1
21341,P2RX6
21342,SLC7A4
21343,LRRC74B
21344,GGT2
21345,RIMBP3B
21346,HIC2
21347,TMEM191C
21348,RIMBP3C
21349,UBE2L3
21350,YDJC
21351,CCDC116
21352,SDF2L1
21353,PPIL2
21354,YPEL1
21355,MAPK1
21356,PPM1F
21357,TOP3B
21358,IGLVI-70
21359,IGLV4-69
21360,IGLVI-68
21361,IGLV10-67
21362,IGLVIV-66-1
21363,IGLVV-66
21364,IGLVIV-65
21365,IGLVIV-64
21366,IGLVI-63
21367,IGLV1-62
21368,IGLV8-61
21369,IGLV4-60
21370,IGLVIV-59
21371,IGLVV-58
21372,IGLV6-57
21373,IGLVI-56
21374,IGLV11-55
21375,IGLV10-54
21376,IGLVIV-53
21377,VPREB1
21378,IGLV5-52
21379,IGLV1-51
21380,IGLV1-50
21381,IGLV9-49
21382,IGLV5-48
21383,IGLV1-47
21384,IGLV7-46
21385,IGLV5-45
21386,IGLV1-44
21387,IGLV7-43
21388,IGLVI-42
21389,IGLVVII-41-1
21390,IGLV1-41
21391,IGLV1-40
21392,IGLVI-38
21393,IGLV5-37
21394,IGLV1-36
21395,IGLV7-35
21396,ZNF280B
21397,ZNF280A
21398,PRAME
21399,IGLV2-34
21400,IGLV2-33
21401,IGLV3-32
21402,IGLV3-31
21403,IGLV3-30
21404,GGTLC2
21405,IGLV3-29
21406,IGLV2-28
21407,IGLV3-27
21408,IGLV3-26
21409,IGLVVI-25-1
21410,IGLV3-25
21411,IGLV3-24
21412,IGLV2-23
21413,IGLVVI-22-1
21414,IGLV3-22
21415,IGLV3-21
21416,IGLVI-20
21417,IGLV3-19
21418,IGLV2-18
21419,IGLV3-17
21420,IGLV3-16
21421,IGLV3-15
21422,IGLV2-14
21423,IGLV3-13
21424,IGLV3-12
21425,IGLV2-11
21426,IGLV3-10
21427,IGLV3-9
21428,IGLV2-8
21429,IGLV3-7
21430,IGLV3-6
21431,IGLV2-5
21432,IGLV3-4
21433,IGLV4-3
21434,IGLV3-2
21435,IGLV3-1
21436,IGLL5
21437,IGLJ1
21438,IGLC1
21439,IGLJ2
21440,IGLC2
21441,IGLJ3
21442,IGLC3
21443,IGLJ4
21444,IGLC4
21445,IGLJ5
21446,IGLC5
21447,IGLJ6
21448,IGLC6
21449,IGLJ7
21450,IGLC7
21451,RSPH14
21452,GNAZ
21453,RAB36
21454,BCR
21455,AP000345.1
21456,PCAT14
21457,AP000345.2
21458,IGLL1
21459,DRICH1
21460,RGL4
21461,ZNF70
21462,VPREB3
21463,C22orf15
21464,CHCHD10
21465,MMP11
21466,SMARCB1
21467,DERL3
21468,SLC2A11
21469,MIF
21470,MIF-AS1
21471,AP000350.5
21472,GSTT2B
21473,DDTL
21474,DDT
21475,CABIN1
21476,SUSD2
21477,GGT5
21478,SPECC1L
21479,SPECC1L-ADORA2A
21480,ADORA2A
21481,ADORA2A-AS1
21482,UPB1
21483,GUCD1
21484,SNRPD3
21485,GGT1
21486,LRRC75B
21487,PIWIL3
21488,SGSM1
21489,TMEM211
21490,KIAA1671
21491,CRYBB3
21492,CRYBB2
21493,LRP5L
21494,IGLVIVOR22-1
21495,MYO18B
21496,SEZ6L
21497,ASPHD2
21498,HPS4
21499,SRRD
21500,TFIP11
21501,TPST2
21502,CRYBB1
21503,CRYBA4
21504,MIAT
21505,MIATNB
21506,LINC01422
21507,MN1
21508,PITPNB
21509,TTC28
21510,CHEK2
21511,HSCB
21512,CCDC117
21513,XBP1
21514,ZNRF3
21515,ZNRF3-AS1
21516,C22orf31
21517,KREMEN1
21518,EMID1
21519,RHBDD3
21520,EWSR1
21521,GAS2L1
21522,RASL10A
21523,AP1B1
21524,RFPL1S
21525,RFPL1
21526,NEFH
21527,THOC5
21528,NIPSNAP1
21529,NF2
21530,CABP7
21531,ZMAT5
21532,UQCR10
21533,ASCC2
21534,MTMR3
21535,HORMAD2-AS1
21536,HORMAD2
21537,LIF
21538,OSM
21539,TBC1D10A
21540,SF3A1
21541,CCDC157
21542,RNF215
21543,SEC14L2
21544,MTFP1
21545,SEC14L3
21546,SEC14L4
21547,SEC14L6
21548,GAL3ST1
21549,PES1
21550,TCN2
21551,SLC35E4
21552,DUSP18
21553,OSBP2
21554,MORC2-AS1
21555,MORC2
21556,SMTN
21557,INPP5J
21558,PLA2G3
21559,RNF185
21560,RNF185-AS1
21561,LIMK2
21562,PIK3IP1
21563,PIK3IP1-AS1
21564,PATZ1
21565,LINC01521
21566,DRG1
21567,EIF4ENIF1
21568,SFI1
21569,PISD
21570,PRR14L
21571,DEPDC5
21572,YWHAH
21573,SLC5A1
21574,C22orf42
21575,RFPL2
21576,AL008723.1
21577,IGLCOR22-1
21578,SLC5A4
21579,RFPL3
21580,IGLCOR22-2
21581,RFPL3S
21582,IGLVIVOR22-2
21583,RTCB
21584,BPIFC
21585,FBXO7
21586,SYN3
21587,TIMP3
21588,ISX-AS1
21589,ISX
21590,HMGXB4
21591,TOM1
21592,HMOX1
21593,MCM5
21594,RASD2
21595,MB
21596,APOL6
21597,APOL5
21598,RBFOX2
21599,APOL3
21600,APOL4
21601,APOL2
21602,APOL1
21603,MYH9
21604,TXN2
21605,FOXRED2
21606,EIF3D
21607,CACNG2
21608,IFT27
21609,PVALB
21610,NCF4
21611,CSF2RB
21612,TEX33
21613,TST
21614,MPST
21615,KCTD17
21616,TMPRSS6
21617,IL2RB
21618,C1QTNF6
21619,SSTR3
21620,RAC2
21621,CYTH4
21622,ELFN2
21623,MFNG
21624,CARD10
21625,CDC42EP1
21626,LGALS2
21627,GGA1
21628,SH3BP1
21629,Z83844.1
21630,PDXP
21631,LGALS1
21632,NOL12
21633,TRIOBP
21634,H1F0
21635,GCAT
21636,GALR3
21637,ANKRD54
21638,EIF3L
21639,MICALL1
21640,C22orf23
21641,POLR2F
21642,SOX10
21643,PICK1
21644,SLC16A8
21645,BAIAP2L2
21646,PLA2G6
21647,MAFF
21648,TMEM184B
21649,CSNK1E
21650,KCNJ4
21651,KDELR3
21652,DDX17
21653,DMC1
21654,FAM227A
21655,CBY1
21656,TOMM22
21657,JOSD1
21658,GTPBP1
21659,SUN2
21660,DNAL4
21661,NPTXR
21662,CBX6
21663,APOBEC3A
21664,APOBEC3B
21665,APOBEC3B-AS1
21666,APOBEC3C
21667,APOBEC3D
21668,APOBEC3F
21669,APOBEC3G
21670,APOBEC3H
21671,CBX7
21672,PDGFB
21673,RPL3
21674,SYNGR1
21675,TAB1
21676,MGAT3
21677,MGAT3-AS1
21678,MIEF1
21679,ATF4
21680,RPS19BP1
21681,CACNA1I
21682,ENTHD1
21683,GRAP2
21684,FAM83F
21685,TNRC6B
21686,ADSL
21687,SGSM3
21688,MKL1
21689,MCHR1
21690,SLC25A17
21691,ST13
21692,XPNPEP3
21693,DNAJB7
21694,RBX1
21695,EP300
21696,EP300-AS1
21697,L3MBTL2
21698,CHADL
21699,RANGAP1
21700,ZC3H7B
21701,TEF
21702,TOB2
21703,PHF5A
21704,ACO2
21705,POLR3H
21706,CSDC2
21707,PMM1
21708,DESI1
21709,XRCC6
21710,SNU13
21711,C22orf46
21712,MEI1
21713,CCDC134
21714,SREBF2
21715,SHISA8
21716,TNFRSF13C
21717,CENPM
21718,SEPT3
21719,WBP2NL
21720,NAGA
21721,SMDT1
21722,NDUFA6
21723,CYP2D6
21724,TCF20
21725,OGFRP1
21726,LINC01315
21727,NFAM1
21728,RRP7A
21729,SERHL2
21730,POLDIP3
21731,CYB5R3
21732,A4GALT
21733,ARFGAP3
21734,PACSIN2
21735,TTLL1
21736,BIK
21737,MCAT
21738,TSPO
21739,TTLL12
21740,SCUBE1
21741,Z82214.2
21742,Z99756.1
21743,MPPED1
21744,EFCAB6-AS1
21745,EFCAB6
21746,SULT4A1
21747,PNPLA5
21748,PNPLA3
21749,SAMM50
21750,PARVB
21751,PARVG
21752,LINC00207
21753,LINC00229
21754,PRR5
21755,PRR5-ARHGAP8
21756,ARHGAP8
21757,PHF21B
21758,NUP50
21759,KIAA0930
21760,UPK3A
21761,FAM118A
21762,SMC1B
21763,RIBC2
21764,FBLN1
21765,LINC01589
21766,ATXN10
21767,WNT7B
21768,PRR34
21769,PRR34-AS1
21770,MIRLET7BHG
21771,PPARA
21772,CDPF1
21773,PKDREJ
21774,TTC38
21775,GTSE1
21776,TRMU
21777,CELSR1
21778,GRAMD4
21779,CERK
21780,TBC1D22A
21781,LINC00898
21782,FAM19A5
21783,LINC01310
21784,C22orf34
21785,BRD1
21786,ZBED4
21787,ALG12
21788,CRELD2
21789,PIM3
21790,IL17REL
21791,TTLL8
21792,MLC1
21793,MOV10L1
21794,PANX2
21795,TRABD
21796,TUBGCP6
21797,HDAC10
21798,MAPK12
21799,MAPK11
21800,PLXNB2
21801,DENND6B
21802,PPP6R2
21803,SBF1
21804,ADM2
21805,MIOX
21806,LMF2
21807,NCAPH2
21808,SCO2
21809,TYMP
21810,ODF3B
21811,KLHDC7B
21812,SYCE3
21813,CPT1B
21814,CHKB-CPT1B
21815,CHKB
21816,MAPK8IP2
21817,ARSA
21818,SHANK3
21819,ACR
21820,RABL2B
21821,CBSL
21822,U2AF1L5
21823,SMIM11B
21824,KCNE1B
21825,TPTE
21826,IGHV1OR21-1
21827,AJ239318.1
21828,POTED
21829,LIPI
21830,RBM11
21831,HSPA13
21832,SAMSN1
21833,SAMSN1-AS1
21834,NRIP1
21835,USP25
21836,MIR99AHG
21837,AP001172.2
21838,LINC01549
21839,CXADR
21840,BTG3
21841,C21orf91-OT1
21842,C21orf91
21843,CHODL-AS1
21844,CHODL
21845,TMPRSS15
21846,MIR548XHG
21847,AP000431.1
21848,AP000431.2
21849,LINC00320
21850,NCAM2
21851,LINC00317
21852,LINC01425
21853,LINC00308
21854,AP000474.1
21855,AP000477.2
21856,AP000233.2
21857,LINC00158
21858,AP000221.1
21859,MIR155HG
21860,MRPL39
21861,JAM2
21862,GABPA
21863,APP
21864,AP001595.1
21865,CYYR1-AS1
21866,CYYR1
21867,ADAMTS1
21868,ADAMTS5
21869,LINC00113
21870,LINC00314
21871,LINC00161
21872,N6AMT1
21873,LTN1
21874,RWDD2B
21875,USP16
21876,CCT8
21877,MAP3K7CL
21878,BACH1
21879,BACH1-AS1
21880,BACH1-IT2
21881,GRIK1
21882,GRIK1-AS1
21883,AF096876.1
21884,CLDN17
21885,LINC00307
21886,CLDN8
21887,KRTAP24-1
21888,KRTAP25-1
21889,KRTAP26-1
21890,KRTAP27-1
21891,KRTAP13-2
21892,KRTAP23-1
21893,KRTAP13-1
21894,KRTAP13-3
21895,KRTAP13-4
21896,KRTAP15-1
21897,KRTAP19-1
21898,KRTAP19-3
21899,KRTAP19-2
21900,KRTAP19-4
21901,KRTAP19-5
21902,KRTAP19-6
21903,KRTAP19-7
21904,KRTAP22-2
21905,KRTAP6-3
21906,KRTAP6-2
21907,KRTAP22-1
21908,KRTAP6-1
21909,KRTAP20-1
21910,KRTAP20-4
21911,KRTAP20-2
21912,KRTAP20-3
21913,KRTAP21-3
21914,KRTAP21-2
21915,KRTAP21-1
21916,KRTAP8-1
21917,KRTAP7-1
21918,KRTAP11-1
21919,KRTAP19-8
21920,TIAM1
21921,AP000253.1
21922,SOD1
21923,SCAF4
21924,HUNK
21925,HUNK-AS1
21926,LINC00159
21927,AP000265.1
21928,MIS18A
21929,MIS18A-AS1
21930,MRAP
21931,URB1
21932,URB1-AS1
21933,EVA1C
21934,TCP10L
21935,SYNJ1
21936,PAXBP1-AS1
21937,PAXBP1
21938,C21orf62-AS1
21939,C21orf62
21940,AP000281.2
21941,OLIG2
21942,LINC00945
21943,OLIG1
21944,LINC01548
21945,IFNAR2
21946,IL10RB
21947,IFNAR1
21948,IFNGR2
21949,TMEM50B
21950,DNAJC28
21951,GART
21952,SON
21953,DONSON
21954,CRYZL1
21955,ITSN1
21956,LINC00649
21957,MRPS6
21958,SLC5A3
21959,LINC00310
21960,KCNE2
21961,SMIM11A
21962,C21orf140
21963,KCNE1
21964,RCAN1
21965,CLIC6
21966,LINC00160
21967,LINC01426
21968,RUNX1
21969,LINC01436
21970,SETD4
21971,CBR1
21972,CBR3
21973,DOPEY2
21974,MORC3
21975,CHAF1B
21976,CLDN14
21977,SIM2
21978,HLCS
21979,RIPPLY3
21980,PIGP
21981,TTC3
21982,TTC3-AS1
21983,DSCR9
21984,AP001412.1
21985,AP001437.1
21986,DYRK1A
21987,KCNJ6
21988,DSCR4
21989,DSCR8
21990,KCNJ15
21991,LINC01423
21992,ERG
21993,LINC00114
21994,ETS2
21995,AP001042.1
21996,AP001043.1
21997,PSMG1
21998,BRWD1
21999,BRWD1-AS2
22000,BRWD1-AS1
22001,HMGN1
22002,WRB
22003,LCA5L
22004,SH3BGR
22005,B3GALT5
22006,B3GALT5-AS1
22007,IGSF5
22008,PCP4
22009,DSCAM
22010,DSCAM-AS1
22011,LINC00323
22012,BACE2
22013,BACE2-IT1
22014,FAM3B
22015,MX2
22016,MX1
22017,TMPRSS2
22018,AP006748.1
22019,LINC00111
22020,LINC00479
22021,LINC00112
22022,RIPK4
22023,PRDM15
22024,C2CD2
22025,ZBTB21
22026,ZNF295-AS1
22027,UMODL1
22028,ABCG1
22029,TFF3
22030,TFF2
22031,TFF1
22032,TMPRSS3
22033,UBASH3A
22034,RSPH1
22035,SLC37A1
22036,AP001626.1
22037,PDE9A
22038,AP001627.1
22039,WDR4
22040,NDUFV3
22041,ERVH48-1
22042,PKNOX1
22043,CBS
22044,U2AF1
22045,FRGCA
22046,CRYAA
22047,LINC00322
22048,SIK1
22049,LINC00319
22050,LINC00313
22051,HSF2BP
22052,H2BFS
22053,RRP1B
22054,PDXK
22055,CSTB
22056,RRP1
22057,AATBC
22058,AGPAT3
22059,TRAPPC10
22060,PWP2
22061,AP001056.1
22062,ICOSLG
22063,DNMT3L
22064,AIRE
22065,PFKL
22066,C21orf2
22067,AP001063.1
22068,TRPM2
22069,TRPM2-AS
22070,LRRC3
22071,TSPEAR
22072,TSPEAR-AS1
22073,TSPEAR-AS2
22074,KRTAP10-1
22075,KRTAP10-2
22076,KRTAP10-3
22077,KRTAP10-4
22078,KRTAP10-5
22079,KRTAP10-6
22080,KRTAP10-7
22081,KRTAP10-8
22082,KRTAP10-9
22083,KRTAP10-10
22084,KRTAP10-11
22085,KRTAP12-3
22086,KRTAP12-4
22087,KRTAP12-2
22088,KRTAP12-1
22089,KRTAP10-12
22090,UBE2G2
22091,LINC01424
22092,SUMO3
22093,PTTG1IP
22094,ITGB2
22095,ITGB2-AS1
22096,LINC01547
22097,FAM207A
22098,LINC00163
22099,LINC00165
22100,ADARB1
22101,LINC00334
22102,POFUT2
22103,LINC00315
22104,LINC00316
22105,COL18A1
22106,COL18A1-AS2
22107,COL18A1-AS1
22108,SLC19A1
22109,PCBP3
22110,AL592528.1
22111,AJ011932.1
22112,COL6A1
22113,AP001476.2
22114,AP001476.3
22115,AP001471.1
22116,COL6A2
22117,FTCD
22118,FTCD-AS1
22119,SPATC1L
22120,LSS
22121,MCM3AP-AS1
22122,MCM3AP
22123,YBEY
22124,C21orf58
22125,PCNT
22126,DIP2A
22127,S100B
22128,PRMT2
22129,MT-ND1
22130,MT-ND2
22131,MT-CO1
22132,MT-CO2
22133,MT-ATP8
22134,MT-ATP6
22135,MT-CO3
22136,MT-ND3
22137,MT-ND4L
22138,MT-ND4
22139,MT-ND5
22140,MT-ND6
22141,MT-CYB
22142,AC133551.1
22143,AC136612.1
22144,AC136616.1
22145,AC136616.3
22146,AC136616.2
22147,AC141272.1
22148,AC171558.1
22149,AC011841.1
22150,AC011043.1
22151,AC011043.2
22152,AL592183.1
22153,AC007325.1
22154,AC007325.4
22155,AC007325.2
22156,BX072566.1
22157,AL354822.1
22158,AC023491.2
22159,AC004556.1
22160,AC233755.2
22161,AC233755.1
22162,AC240274.1
22163,AC213203.1
